index,cycle,phase_index,step_id,operator_name,identity_split,access_recursion,contradiction_lock,temporal_feedback,false_signal,utterance_instability,silence_gain
0,0,0,initial,initial,0.2,0.11,0.08,0.13,0.12,0.07,0.06
1,1,1,PX-001,amplify identity fracture,0.36944,0.109802,0.08,0.13,0.12,0.07,0.06
2,1,2,PX-002,fracture to access recursion,0.36944,0.15409880399999998,0.08,0.1340219787844,0.12,0.07,0.06
3,1,3,PX-003,negation to lock formation,0.3743960863982013,0.15409880399999998,0.11228310432,0.1340219787844,0.12,0.07,0.06
4,1,4,PX-004,lagged temporal recursion,0.3743960863982013,0.15409880399999998,0.11228310432,0.17118996841979822,0.13054530205465956,0.07,0.06
5,1,5,PX-005,false signal injection,0.3743960863982013,0.15409880399999998,0.11228310432,0.17118996841979822,0.14062329960264452,0.07,0.06
6,1,6,PX-006,signal to unstable utterance,0.3743960863982013,0.15409880399999998,0.11228310432,0.17118996841979822,0.14062329960264452,0.08693596058839669,0.06
7,1,7,PX-007,silence feedback reset,0.37179883528048696,0.15334904549268638,0.11228310432,0.17118996841979822,0.1388639429668807,0.08693596058839669,0.0695062877890076
8,2,1,PX-001,amplify identity fracture,0.5050197932583846,0.15302928380604086,0.11228310432,0.17118996841979822,0.1388639429668807,0.08693596058839669,0.0695062877890076
9,2,2,PX-002,fracture to access recursion,0.5050197932583846,0.21248846026047497,0.11228310432,0.1764733454435656,0.1388639429668807,0.08693596058839669,0.0695062877890076
10,2,3,PX-003,negation to lock formation,0.5103503070997275,0.21248846026047497,0.1538449350020592,0.1764733454435656,0.1388639429668807,0.08693596058839669,0.0695062877890076
11,2,4,PX-004,lagged temporal recursion,0.5103503070997275,0.21248846026047497,0.1538449350020592,0.22938559915005705,0.1526911976943389,0.08693596058839669,0.0695062877890076
12,2,5,PX-005,false signal injection,0.5103503070997275,0.21248846026047497,0.1538449350020592,0.22938559915005705,0.17041164780513676,0.08693596058839669,0.0695062877890076
13,2,6,PX-006,signal to unstable utterance,0.5103503070997275,0.21248846026047497,0.1538449350020592,0.22938559915005705,0.17041164780513676,0.10949365983295707,0.0695062877890076
14,2,7,PX-007,silence feedback reset,0.5046704130804955,0.21123270048254664,0.1538449350020592,0.22938559915005705,0.16782197461982365,0.10949365983295707,0.08442541009984772
15,3,1,PX-001,amplify identity fracture,0.6098830243201696,0.2106976982616045,0.1538449350020592,0.22938559915005705,0.16782197461982365,0.10949365983295707,0.08442541009984772
16,3,2,PX-002,fracture to access recursion,0.6098830243201696,0.27800628907411923,0.1538449350020592,0.2358126686466781,0.16782197461982365,0.10949365983295707,0.08442541009984772
17,3,3,PX-003,negation to lock formation,0.6153823214362344,0.27800628907411923,0.20137905364269398,0.2358126686466781,0.16782197461982365,0.10949365983295707,0.08442541009984772
18,3,4,PX-004,lagged temporal recursion,0.6153823214362344,0.27800628907411923,0.20137905364269398,0.2944857950702254,0.18497649714090725,0.10949365983295707,0.08442541009984772
19,3,5,PX-005,false signal injection,0.6153823214362344,0.27800628907411923,0.20137905364269398,0.2944857950702254,0.20947163433793364,0.10949365983295707,0.08442541009984772
20,3,6,PX-006,signal to unstable utterance,0.6153823214362344,0.27800628907411923,0.20137905364269398,0.2944857950702254,0.20947163433793364,0.1382731650801641,0.08533437406690142
21,3,7,PX-007,silence feedback reset,0.6058366394369066,0.27595102545996714,0.20137905364269398,0.2944857950702254,0.2054895303285296,0.1382731650801641,0.10561239053758806
22,4,1,PX-001,amplify identity fracture,0.6895885261133416,0.27507671003586337,0.20137905364269398,0.2944857950702254,0.2054895303285296,0.1382731650801641,0.10561239053758806
23,4,2,PX-002,fracture to access recursion,0.6895885261133416,0.3449698118545067,0.20137905364269398,0.30178722814628456,0.2054895303285296,0.1382731650801641,0.10561239053758806
24,4,3,PX-003,negation to lock formation,0.6950696582205539,0.3449698118545067,0.25225191023215765,0.30178722814628456,0.2054895303285296,0.1382731650801641,0.10561239053758806
25,4,4,PX-004,lagged temporal recursion,0.6950696582205539,0.3449698118545067,0.25225191023215765,0.36022423721350877,0.22552366528121826,0.1382731650801641,0.10561239053758806
26,4,5,PX-005,false signal injection,0.6950696582205539,0.3449698118545067,0.25225191023215765,0.36022423721350877,0.2551799122359281,0.1382731650801641,0.10561239053758806
27,4,6,PX-006,signal to unstable utterance,0.6950696582205539,0.3449698118545067,0.25225191023215765,0.36022423721350877,0.2551799122359281,0.17290598892632775,0.11021734072168074
28,4,7,PX-007,silence feedback reset,0.6805243853927734,0.3417150600129379,0.25225191023215765,0.36022423721350877,0.2489889559371749,0.17290598892632775,0.1347841268474956
29,5,1,PX-001,amplify identity fracture,0.7481171216572844,0.34033332703310337,0.25225191023215765,0.36022423721350877,0.2489889559371749,0.17290598892632775,0.1347841268474956
30,5,2,PX-002,fracture to access recursion,0.7481171216572844,0.40914329803848587,0.25225191023215765,0.36807703618125537,0.2489889559371749,0.17290598892632775,0.1347841268474956
31,5,3,PX-003,negation to lock formation,0.7534809167034657,0.40914329803848587,0.30421140182707546,0.36807703618125537,0.2489889559371749,0.17290598892632775,0.1347841268474956
32,5,4,PX-004,lagged temporal recursion,0.7534809167034657,0.40914329803848587,0.30421140182707546,0.42273853802982053,0.27121264769397063,0.17290598892632775,0.1347841268474956
33,5,5,PX-005,false signal injection,0.7534809167034657,0.40914329803848587,0.30421140182707546,0.42273853802982053,0.3043339222617598,0.17290598892632775,0.1347841268474956
34,5,6,PX-006,signal to unstable utterance,0.7534809167034657,0.40914329803848587,0.30421140182707546,0.42273853802982053,0.3043339222617598,0.2123159908617547,0.1433306590764396
35,5,7,PX-007,silence feedback reset,0.7328402794632276,0.4042482989626868,0.30421140182707546,0.42273853802982053,0.2949712030118202,0.2123159908617547,0.1709145880207537
36,6,1,PX-001,amplify identity fracture,0.7888114380255445,0.4021755410184279,0.30421140182707546,0.42273853802982053,0.2949712030118202,0.2123159908617547,0.1709145880207537
37,6,2,PX-002,fracture to access recursion,0.7888114380255445,0.46752670257034007,0.30421140182707546,0.4308350924648961,0.2949712030118202,0.2123159908617547,0.1709145880207537
38,6,3,PX-003,negation to lock formation,0.7940639887700538,0.46752670257034007,0.35530541287719375,0.4308350924648961,0.2949712030118202,0.2123159908617547,0.1709145880207537
39,6,4,PX-004,lagged temporal recursion,0.7940639887700538,0.46752670257034007,0.35530541287719375,0.47974395930686353,0.31864753446629274,0.2123159908617547,0.1709145880207537
40,6,5,PX-005,false signal injection,0.7940639887700538,0.46752670257034007,0.35530541287719375,0.47974395930686353,0.35378365707925263,0.2123159908617547,0.1709145880207537
41,6,6,PX-006,signal to unstable utterance,0.7940639887700538,0.46752670257034007,0.35530541287719375,0.47974395930686353,0.35378365707925263,0.25498455409669524,0.18334933248366983
42,6,7,PX-007,silence feedback reset,0.7664935843229995,0.46056961527102436,0.35530541287719375,0.47974395930686353,0.34024631932503036,0.25498455409669524,0.21258028872445575
43,7,1,PX-001,amplify identity fracture,0.814639734566553,0.4576323746172636,0.35530541287719375,0.47974395930686353,0.34024631932503036,0.25498455409669524,0.21258028872445575
44,7,2,PX-002,fracture to access recursion,0.814639734566553,0.5181767794788762,0.35530541287719375,0.48783149729698755,0.34024631932503036,0.25498455409669524,0.21258028872445575
45,7,3,PX-003,negation to lock formation,0.8198801287435767,0.5181767794788762,0.403877140456304,0.48783149729698755,0.34024631932503036,0.25498455409669524,0.21258028872445575
46,7,4,PX-004,lagged temporal recursion,0.8198801287435767,0.5181767794788762,0.403877140456304,0.5300075239799915,0.36472352835621624,0.25498455409669524,0.21258028872445575
47,7,5,PX-005,false signal injection,0.8198801287435767,0.5181767794788762,0.403877140456304,0.5300075239799915,0.4007977665934265,0.25498455409669524,0.21258028872445575
48,7,6,PX-006,signal to unstable utterance,0.8198801287435767,0.5181767794788762,0.403877140456304,0.5300075239799915,0.4007977665934265,0.2991904239251463,0.22856715369538283
49,7,7,PX-007,silence feedback reset,0.7849430185533259,0.5088156360812962,0.403877140456304,0.5300075239799915,0.3821790085413649,0.2991904239251463,0.258079144534265
50,8,1,PX-001,amplify identity fracture,0.8283124547534756,0.5048761949587306,0.403877140456304,0.5300075239799915,0.3821790085413649,0.2991904239251463,0.258079144534265
51,8,2,PX-002,fracture to access recursion,0.8283124547534756,0.5600556971697096,0.403877140456304,0.5379041828946486,0.3821790085413649,0.2991904239251463,0.258079144534265
52,8,3,PX-003,negation to lock formation,0.8337036716702765,0.5600556971697096,0.4485903995839551,0.5379041828946486,0.3821790085413649,0.2991904239251463,0.258079144534265
53,8,4,PX-004,lagged temporal recursion,0.8337036716702765,0.5600556971697096,0.4485903995839551,0.5730067528236874,0.40696010055130655,0.2991904239251463,0.258079144534265
54,8,5,PX-005,false signal injection,0.8337036716702765,0.5600556971697096,0.4485903995839551,0.5730067528236874,0.44327447954492594,0.2991904239251463,0.258079144534265
55,8,6,PX-006,signal to unstable utterance,0.8337036716702765,0.5600556971697096,0.4485903995839551,0.5730067528236874,0.44327447954492594,0.34321302861693453,0.27706160764481497
56,8,7,PX-007,silence feedback reset,0.7914064271907468,0.5480756430200143,0.4485903995839551,0.5730067528236874,0.418892174787602,0.34321302861693453,0.30558323319416614
57,9,1,PX-001,amplify identity fracture,0.8323104966594435,0.5430511612091435,0.4485903995839551,0.5730067528236874,0.418892174787602,0.34321302861693453,0.30558323319416614
58,9,2,PX-002,fracture to access recursion,0.8323104966594435,0.5928816472596898,0.4485903995839551,0.5806014466163271,0.418892174787602,0.34321302861693453,0.30558323319416614
59,9,3,PX-003,negation to lock formation,0.8380441162768363,0.5928816472596898,0.48845544918034467,0.5806014466163271,0.418892174787602,0.34321302861693453,0.30558323319416614
60,9,4,PX-004,lagged temporal recursion,0.8380441162768363,0.5928816472596898,0.48845544918034467,0.6087018808944966,0.4436526746222528,0.34321302861693453,0.30558323319416614
61,9,5,PX-005,false signal injection,0.8380441162768363,0.5928816472596898,0.48845544918034467,0.6087018808944966,0.4798260874112339,0.34321302861693453,0.30558323319416614
62,9,6,PX-006,signal to unstable utterance,0.8380441162768363,0.5928816472596898,0.48845544918034467,0.6087018808944966,0.4798260874112339,0.38549135052059097,0.32687333050320994
63,9,7,PX-007,silence feedback reset,0.788805169022507,0.5782192013392791,0.48845544918034467,0.6087018808944966,0.4493122563318962,0.38549135052059097,0.3532973471465518
64,10,1,PX-001,amplify identity fracture,0.8288741142133995,0.5720907020422081,0.48845544918034467,0.6087018808944966,0.4493122563318962,0.38549135052059097,0.3532973471465518
65,10,2,PX-002,fracture to access recursion,0.8288741142133995,0.6169717950158448,0.48845544918034467,0.615944477982422,0.4493122563318962,0.38549135052059097,0.3532973471465518
66,10,3,PX-003,negation to lock formation,0.8351371018431292,0.6169717950158448,0.5228387946219532,0.615944477982422,0.4493122563318962,0.38549135052059097,0.3532973471465518
67,10,4,PX-004,lagged temporal recursion,0.8351371018431292,0.6169717950158448,0.5228387946219532,0.6373792578674625,0.47388204250820803,0.38549135052059097,0.3532973471465518
68,10,5,PX-005,false signal injection,0.8351371018431292,0.6169717950158448,0.5228387946219532,0.6373792578674625,0.5097606858399277,0.38549135052059097,0.3532973471465518
69,10,6,PX-006,signal to unstable utterance,0.8351371018431292,0.6169717950158448,0.5228387946219532,0.6373792578674625,0.5097606858399277,0.4247338674336958,0.37616996802116714
70,10,7,PX-007,silence feedback reset,0.779700820953082,0.5997139508702898,0.5228387946219532,0.6373792578674625,0.47309481236405765,0.4247338674336958,0.3995978951427649
71,11,1,PX-001,amplify identity fracture,0.8199838078737,0.5925246178966243,0.5228387946219532,0.6373792578674625,0.47309481236405765,0.4247338674336958,0.3995978951427649
72,11,2,PX-002,fracture to access recursion,0.8199838078737,0.63308049857095,0.5228387946219532,0.6442663014741056,0.47309481236405765,0.4247338674336958,0.3995978951427649
73,11,3,PX-003,negation to lock formation,0.8269327056033642,0.63308049857095,0.551450213417381,0.6442663014741056,0.47309481236405765,0.4247338674336958,0.3995978951427649
74,11,4,PX-004,lagged temporal recursion,0.8269327056033642,0.63308049857095,0.551450213417381,0.6595408552064363,0.4974208972286859,0.4247338674336958,0.3995978951427649
75,11,5,PX-005,false signal injection,0.8269327056033642,0.63308049857095,0.551450213417381,0.6595408552064363,0.5329883035210784,0.4247338674336958,0.3995978951427649
76,11,6,PX-006,signal to unstable utterance,0.8269327056033642,0.63308049857095,0.551450213417381,0.6595408552064363,0.5329883035210784,0.45997948474435596,0.42337234040679095
77,11,7,PX-007,silence feedback reset,0.7662564218587459,0.6134427099744628,0.551450213417381,0.6595408552064363,0.49047490847521547,0.45997948474435596,0.44313454248856954
78,12,1,PX-001,amplify identity fracture,0.8073482472324235,0.6052875803356383,0.551450213417381,0.6595408552064363,0.49047490847521547,0.45997948474435596,0.44313454248856954
79,12,2,PX-002,fracture to access recursion,0.8073482472324235,0.6422427376754254,0.551450213417381,0.6661005776030019,0.49047490847521547,0.45997948474435596,0.44313454248856954
80,12,3,PX-003,negation to lock formation,0.8150931405930727,0.6422427376754254,0.5743074336678546,0.6661005776030019,0.49047490847521547,0.45997948474435596,0.44313454248856954
81,12,4,PX-004,lagged temporal recursion,0.8150931405930727,0.6422427376754254,0.5743074336678546,0.6758244788423389,0.5145793755357937,0.45997948474435596,0.44313454248856954
82,12,5,PX-005,false signal injection,0.8150931405930727,0.6422427376754254,0.5743074336678546,0.6758244788423389,0.5498824191673135,0.45997948474435596,0.44313454248856954
83,12,6,PX-006,signal to unstable utterance,0.8150931405930727,0.6422427376754254,0.5743074336678546,0.6758244788423389,0.5498824191673135,0.4906141172463244,0.46723216793482414
84,12,7,PX-007,silence feedback reset,0.7502315171571321,0.6205335893378178,0.5743074336678546,0.6758244788423389,0.5020868229137506,0.4906141172463244,0.48288703374016784
85,13,1,PX-001,amplify identity fracture,0.7924034622575094,0.6115441606090735,0.5743074336678546,0.6758244788423389,0.5020868229137506,0.4906141172463244,0.48288703374016784
86,13,2,PX-002,fracture to access recursion,0.7924034622575094,0.6456341134562767,0.5743074336678546,0.6821034420985445,0.5020868229137506,0.4906141172463244,0.48288703374016784
87,13,3,PX-003,negation to lock formation,0.8010016649549149,0.6456341134562767,0.5916836014777724,0.6821034420985445,0.5020868229137506,0.4906141172463244,0.48288703374016784
88,13,4,PX-004,lagged temporal recursion,0.8010016649549149,0.6456341134562767,0.5916836014777724,0.6869447670785962,0.5260295425158721,0.4906141172463244,0.48288703374016784
89,13,5,PX-005,false signal injection,0.8010016649549149,0.6456341134562767,0.5916836014777724,0.6869447670785962,0.5611273637212912,0.4906141172463244,0.48288703374016784
90,13,6,PX-006,signal to unstable utterance,0.8010016649549149,0.6456341134562767,0.5916836014777724,0.6869447670785962,0.5611273637212912,0.5163515268522867,0.50686151982852
91,13,7,PX-007,silence feedback reset,0.7330060306461185,0.6222153320415332,0.5916836014777724,0.6869447670785962,0.5087897717869478,0.5163515268522867,0.5181789704692823
92,14,1,PX-001,amplify identity fracture,0.7763223816648867,0.6125427650365087,0.5916836014777724,0.6869447670785962,0.5087897717869478,0.5163515268522867,0.5181789704692823
93,14,2,PX-002,fracture to access recursion,0.7763223816648867,0.6444561584816786,0.5916836014777724,0.6929972782626297,0.5087897717869478,0.5163515268522867,0.5181789704692823
94,14,3,PX-003,negation to lock formation,0.7857801759851258,0.6444561584816786,0.6040450020777881,0.6929972782626297,0.5087897717869478,0.5163515268522867,0.5181789704692823
95,14,4,PX-004,lagged temporal recursion,0.7857801759851258,0.6444561584816786,0.6040450020777881,0.6936484839240309,0.5326406778931051,0.5163515268522867,0.5181789704692823
96,14,5,PX-005,false signal injection,0.7857801759851258,0.6444561584816786,0.6040450020777881,0.6936484839240309,0.5675763121267869,0.5163515268522867,0.5181789704692823
97,14,6,PX-006,signal to unstable utterance,0.7857801759851258,0.6444561584816786,0.6040450020777881,0.6936484839240309,0.5675763121267869,0.537189265927287,0.5417220526280354
98,14,7,PX-007,silence feedback reset,0.715622522649099,0.6197051874707962,0.6040450020777881,0.6936484839240309,0.5115234761847535,0.537189265927287,0.5486568721579159
99,15,1,PX-001,amplify identity fracture,0.7600322955649145,0.6095050221762633,0.6040450020777881,0.6936484839240309,0.5115234761847535,0.537189265927287,0.5486568721579159
100,15,2,PX-002,fracture to access recursion,0.7600322955649145,0.6398511775859802,0.6040450020777881,0.6995290652735247,0.5115234761847535,0.537189265927287,0.5486568721579159
101,15,3,PX-003,negation to lock formation,0.770312289579287,0.6398511775859802,0.6119867575259709,0.6995290652735247,0.5115234761847535,0.537189265927287,0.5486568721579159
102,15,4,PX-004,lagged temporal recursion,0.770312289579287,0.6398511775859802,0.6119867575259709,0.6966800210884201,0.5353453046286497,0.537189265927287,0.5486568721579159
103,15,5,PX-005,false signal injection,0.770312289579287,0.6398511775859802,0.6119867575259709,0.6966800210884201,0.5701354748215182,0.537189265927287,0.5486568721579159
104,15,6,PX-006,signal to unstable utterance,0.770312289579287,0.6398511775859802,0.6119867575259709,0.6966800210884201,0.5701354748215182,0.5533508210012242,0.5715860502049407
105,15,7,PX-007,silence feedback reset,0.6988366458536224,0.6141309431727947,0.6119867575259709,0.6966800210884201,0.5112038414487803,0.5533508210012242,0.5742459075790184
106,16,1,PX-001,amplify identity fracture,0.7442378708869701,0.6035510777477561,0.6119867575259709,0.6966800210884201,0.5112038414487803,0.5533508210012242,0.5742459075790184
107,16,2,PX-002,fracture to access recursion,0.7442378708869701,0.6328463146427487,0.6119867575259709,0.7024386690127714,0.5112038414487803,0.5533508210012242,0.5742459075790184
108,16,3,PX-003,negation to lock formation,0.75526943077765,0.6328463146427487,0.6161729778780177,0.7024386690127714,0.5112038414487803,0.5533508210012242,0.5742459075790184
109,16,4,PX-004,lagged temporal recursion,0.75526943077765,0.6328463146427487,0.6161729778780177,0.6967547310198926,0.5350438139670242,0.5533508210012242,0.5742459075790184
110,16,5,PX-005,false signal injection,0.75526943077765,0.6328463146427487,0.6161729778780177,0.6967547310198926,0.5696806957703231,0.5533508210012242,0.5742459075790184
111,16,6,PX-006,signal to unstable utterance,0.75526943077765,0.6328463146427487,0.6161729778780177,0.6967547310198926,0.5696806957703231,0.5652236257481081,0.596481696352685
112,16,7,PX-007,silence feedback reset,0.6831683118864859,0.6064841156112079,0.6161729778780177,0.6967547310198926,0.5086582868990109,0.5652236257481081,0.5950936816631757
113,17,1,PX-001,amplify identity fracture,0.7294477015287846,0.5956566696543286,0.6161729778780177,0.6967547310198926,0.5086582868990109,0.5652236257481081,0.5950936816631757
114,17,2,PX-002,fracture to access recursion,0.7294477015287846,0.6243231796846809,0.6161729778780177,0.7024344225365126,0.5086582868990109,0.5652236257481081,0.5950936816631757
115,17,3,PX-003,negation to lock formation,0.7411382679053354,0.6243231796846809,0.6172857966362916,0.7024344225365126,0.5086582868990109,0.5652236257481081,0.5950936816631757
116,17,4,PX-004,lagged temporal recursion,0.7411382679053354,0.6243231796846809,0.6172857966362916,0.6945388098461749,0.5325461991041569,0.5652236257481081,0.5950936816631757
117,17,5,PX-005,false signal injection,0.7411382679053354,0.6243231796846809,0.6172857966362916,0.6945388098461749,0.5670052981753799,0.5652236257481081,0.5950936816631757
118,17,6,PX-006,signal to unstable utterance,0.7411382679053354,0.6243231796846809,0.6172857966362916,0.6945388098461749,0.5670052981753799,0.5733002022454264,0.6166330880002755
119,17,7,PX-007,silence feedback reset,0.6689490830698597,0.5975985248514047,0.6172857966362916,0.6945388098461749,0.504593854698182,0.5733002022454264,0.6115114667460155
120,18,1,PX-001,amplify identity fracture,0.7160026259444985,0.5866353743376906,0.6172857966362916,0.6945388098461749,0.504593854698182,0.5733002022454264,0.6115114667460155
121,18,2,PX-002,fracture to access recursion,0.7160026259444985,0.6150075724505244,0.6172857966362916,0.7001746381972055,0.504593854698182,0.5733002022454264,0.6115114667460155
122,18,3,PX-003,negation to lock formation,0.7282483050466895,0.6150075724505244,0.615985529691038,0.7001746381972055,0.504593854698182,0.5733002022454264,0.6115114667460155
123,18,4,PX-004,lagged temporal recursion,0.7282483050466895,0.6150075724505244,0.615985529691038,0.6906350131155693,0.5285439927742458,0.5733002022454264,0.6115114667460155
124,18,5,PX-005,false signal injection,0.7282483050466895,0.6150075724505244,0.615985529691038,0.6906350131155693,0.562793670852112,0.5733002022454264,0.6115114667460155
125,18,6,PX-006,signal to unstable utterance,0.7282483050466895,0.6150075724505244,0.615985529691038,0.6906350131155693,0.562793670852112,0.578127021653271,0.6324025318684422
126,18,7,PX-007,silence feedback reset,0.6563636605284511,0.5881475102506768,0.615985529691038,0.6906350131155693,0.4995888476748635,0.578127021653271,0.6239194303813331
127,19,1,PX-001,amplify identity fracture,0.7041042260320751,0.5771388104634028,0.615985529691038,0.6906350131155693,0.4995888476748635,0.578127021653271,0.6239194303813331
128,19,2,PX-002,fracture to access recursion,0.7041042260320751,0.6054734387323745,0.615985529691038,0.6962543815885387,0.4995888476748635,0.578127021653271,0.6239194303813331
129,19,3,PX-003,negation to lock formation,0.7167986762957553,0.6054734387323745,0.612882323560334,0.6962543815885387,0.4995888476748635,0.578127021653271,0.6239194303813331
130,19,4,PX-004,lagged temporal recursion,0.7167986762957553,0.6054734387323745,0.612882323560334,0.6855736618239707,0.5236036571030602,0.578127021653271,0.6239194303813331
131,19,5,PX-005,false signal injection,0.7167986762957553,0.6054734387323745,0.612882323560334,0.6855736618239707,0.5576135281703518,0.578127021653271,0.6239194303813331
132,19,6,PX-006,signal to unstable utterance,0.7167986762957553,0.6054734387323745,0.612882323560334,0.6855736618239707,0.5576135281703518,0.5802632929168926,0.6442396634627605
133,19,7,PX-007,silence feedback reset,0.6454848748027768,0.5786534034717884,0.612882323560334,0.6855736618239707,0.4940991551781683,0.5802632929168926,0.6327996182089651
134,20,1,PX-001,amplify identity fracture,0.6938421484235711,0.5676682538880204,0.612882323560334,0.6855736618239707,0.4940991551781683,0.5802632929168926,0.6327996182089651
135,20,2,PX-002,fracture to access recursion,0.6938421484235711,0.5961557590941828,0.612882323560334,0.6911970739934068,0.4940991551781683,0.5802632929168926,0.6327996182089651
136,20,3,PX-003,negation to lock formation,0.7068833349623577,0.5961557590941828,0.6085183309215276,0.6911970739934068,0.4940991551781683,0.5802632929168926,0.6327996182089651
137,20,4,PX-004,lagged temporal recursion,0.7068833349623577,0.5961557590941828,0.6085183309215276,0.6798083520359091,0.5181732485510016,0.5802632929168926,0.6327996182089651
138,20,5,PX-005,false signal injection,0.7068833349623577,0.5961557590941828,0.6085183309215276,0.6798083520359091,0.5519201399175528,0.5802632929168926,0.6327996182089651
139,20,6,PX-006,signal to unstable utterance,0.7068833349623577,0.5961557590941828,0.6085183309215276,0.6798083520359091,0.5519201399175528,0.5802500756676869,0.6526394581713592
140,20,7,PX-007,silence feedback reset,0.6363024498640445,0.5695039757377457,0.6085183309215276,0.6798083520359091,0.48847224205686784,0.5802500756676869,0.6386581970009387
141,21,1,PX-001,amplify identity fracture,0.6852192057811227,0.5585924242678597,0.6085183309215276,0.6798083520359091,0.48847224205686784,0.5802500756676869,0.6386581970009387
142,21,2,PX-002,fracture to access recursion,0.6852192057811227,0.5873681250347185,0.6085183309215276,0.6854504630734024,0.48847224205686784,0.5802500756676869,0.6386581970009387
143,21,3,PX-003,negation to lock formation,0.698514006877235,0.5873681250347185,0.6033586973301778,0.6854504630734024,0.48847224205686784,0.5802500756676869,0.6386581970009387
144,21,4,PX-004,lagged temporal recursion,0.698514006877235,0.5873681250347185,0.6033586973301778,0.6737156653437057,0.512595940521778,0.5802500756676869,0.6386581970009387
145,21,5,PX-005,false signal injection,0.698514006877235,0.5873681250347185,0.6033586973301778,0.6737156653437057,0.5460671627003837,0.5802500756676869,0.6386581970009387
146,21,6,PX-006,signal to unstable utterance,0.698514006877235,0.5873681250347185,0.6033586973301778,0.6737156653437057,0.5460671627003837,0.578588931971965,0.6581094690190396
147,21,7,PX-007,silence feedback reset,0.6287462241315511,0.5609719284623557,0.6033586973301778,0.6737156653437057,0.4829639449075764,0.578588931971965,0.6419969119707272
148,22,1,PX-001,amplify identity fracture,0.678173586332903,0.5501676610891028,0.6033586973301778,0.6737156653437057,0.4829639449075764,0.578588931971965,0.6419969119707272
149,22,2,PX-002,fracture to access recursion,0.678173586332903,0.5793219337834725,0.6033586973301778,0.6793863754951959,0.4829639449075764,0.578588931971965,0.6419969119707272
150,22,3,PX-003,negation to lock formation,0.6916404949044924,0.5793219337834725,0.5977893671728512,0.6793863754951959,0.4829639449075764,0.578588931971965,0.6419969119707272
151,22,4,PX-004,lagged temporal recursion,0.6916404949044924,0.5793219337834725,0.5977893671728512,0.6675980843799777,0.5071260045030321,0.578588931971965,0.6419969119707272
152,22,5,PX-005,false signal injection,0.6916404949044924,0.5793219337834725,0.5977893671728512,0.6675980843799777,0.5403202854886325,0.578588931971965,0.6419969119707272
153,22,6,PX-006,signal to unstable utterance,0.6916404949044924,0.5793219337834725,0.5977893671728512,0.6675980843799777,0.5403202854886325,0.5757287002795981,0.6611455821055316
154,22,7,PX-007,silence feedback reset,0.6227046526565833,0.5532347793359451,0.5977893671728512,0.6675980843799777,0.4777551375851816,0.5757287002795981,0.6432928104944979
155,23,1,PX-001,amplify identity fracture,0.6725978597487378,0.5425580206540754,0.5977893671728512,0.6675980843799777,0.4777551375851816,0.5757287002795981,0.6432928104944979
156,23,2,PX-002,fracture to access recursion,0.6725978597487378,0.5721451981120996,0.5977893671728512,0.6733035491759355,0.4777551375851816,0.5757287002795981,0.6432928104944979
157,23,3,PX-003,negation to lock formation,0.6861681494549722,0.5721451981120996,0.5921197746870485,0.6733035491759355,0.4777551375851816,0.5757287002795981,0.6432928104944979
158,23,4,PX-004,lagged temporal recursion,0.6861681494549722,0.5721451981120996,0.5921197746870485,0.661689289560261,0.5019446058243247,0.5757287002795981,0.6432928104944979
159,23,5,PX-005,false signal injection,0.6861681494549722,0.5721451981120996,0.5921197746870485,0.661689289560261,0.534871309564861,0.5757287002795981,0.6432928104944979
160,23,6,PX-006,signal to unstable utterance,0.6861681494549722,0.5721451981120996,0.5921197746870485,0.661689289560261,0.534871309564861,0.572058752833505,0.6622150747328436
161,23,7,PX-007,silence feedback reset,0.6180394050922691,0.5463935482995697,0.5921197746870485,0.661689289560261,0.4729667598920075,0.572058752833505,0.6429848800994276
162,24,1,PX-001,amplify identity fracture,0.6683547634833993,0.5358538645953547,0.5921197746870485,0.661689289560261,0.4729667598920075,0.572058752833505,0.6429848800994276
163,24,2,PX-002,fracture to access recursion,0.6683547634833993,0.5658998148189548,0.5921197746870485,0.6674327886119344,0.4729667598920075,0.572058752833505,0.6429848800994276
164,24,3,PX-003,negation to lock formation,0.6819725186853759,0.5658998148189548,0.5865887358177058,0.6674327886119344,0.4729667598920075,0.572058752833505,0.6429848800994276
165,24,4,PX-004,lagged temporal recursion,0.6819725186853759,0.5658998148189548,0.5865887358177058,0.6561610537494006,0.497174067925323,0.572058752833505,0.6429848800994276
166,24,5,PX-005,false signal injection,0.6819725186853759,0.5658998148189548,0.5865887358177058,0.6561610537494006,0.5298513513094973,0.572058752833505,0.6429848800994276
167,24,6,PX-006,signal to unstable utterance,0.6819725186853759,0.5658998148189548,0.5865887358177058,0.6561610537494006,0.5298513513094973,0.567907140052534,0.6617456165127682
168,24,7,PX-007,silence feedback reset,0.6145967900381684,0.54048942359711,0.5865887358177058,0.6561610537494006,0.46867264190210184,0.567907140052534,0.6414661736541326
169,25,1,PX-001,amplify identity fracture,0.6652899612976668,0.5300882531234491,0.5865887358177058,0.6561610537494006,0.46867264190210184,0.567907140052534,0.6414661736541326
170,25,2,PX-002,fracture to access recursion,0.6652899612976668,0.5605967443574108,0.5865887358177058,0.6619437035649417,0.46867264190210184,0.567907140052534,0.6414661736541326
171,25,3,PX-003,negation to lock formation,0.6789113388030629,0.5605967443574108,0.5813721870260308,0.6619437035649417,0.46867264190210184,0.567907140052534,0.6414661736541326
172,25,4,PX-004,lagged temporal recursion,0.6789113388030629,0.5605967443574108,0.5813721870260308,0.6511310437438075,0.49289010350945656,0.567907140052534,0.6414661736541326
173,25,5,PX-005,false signal injection,0.6789113388030629,0.5605967443574108,0.5813721870260308,0.6511310437438075,0.5253425755593631,0.567907140052534,0.6414661736541326
174,25,6,PX-006,signal to unstable utterance,0.6789113388030629,0.5605967443574108,0.5813721870260308,0.6511310437438075,0.5253425755593631,0.5635422124245828,0.6601189194504973
175,25,7,PX-007,silence feedback reset,0.6122166228175837,0.5355181084527928,0.5813721870260308,0.6511310437438075,0.46491009749415196,0.5635422124245828,0.6390801067164515
176,26,1,PX-001,amplify identity fracture,0.6632420861137428,0.5252509393558348,0.5813721870260308,0.6511310437438075,0.46491009749415196,0.5635422124245828,0.6390801067164515
177,26,2,PX-002,fracture to access recursion,0.6632420861137428,0.5562089519815298,0.5813721870260308,0.6569523648399519,0.46491009749415196,0.5635422124245828,0.6390801067164515
178,26,3,PX-003,negation to lock formation,0.6768341146267359,0.5562089519815298,0.5765917529869373,0.6569523648399519,0.46491009749415196,0.5635422124245828,0.6390801067164515
179,26,4,PX-004,lagged temporal recursion,0.6768341146267359,0.5562089519815298,0.5765917529869373,0.6466709582886927,0.48913199449583616,0.5635422124245828,0.6390801067164515
180,26,5,PX-005,false signal injection,0.6768341146267359,0.5562089519815298,0.5765917529869373,0.6466709582886927,0.5213883011433071,0.5635422124245828,0.6390801067164515
181,26,6,PX-006,signal to unstable utterance,0.6768341146267359,0.5562089519815298,0.5765917529869373,0.6466709582886927,0.5213883011433071,0.5591765568167446,0.6576679095667836
182,26,7,PX-007,silence feedback reset,0.6107390367905445,0.5314418647421523,0.5765917529869373,0.6466709582886927,0.4616885244183269,0.5591765568167446,0.6361198084471973
183,27,1,PX-001,amplify identity fracture,0.662050429466588,0.5213000438261343,0.5765917529869373,0.6466709582886927,0.4616885244183269,0.5591765568167446,0.6361198084471973
184,27,2,PX-002,fracture to access recursion,0.662050429466588,0.5526821945795821,0.5765917529869373,0.6525293183941439,0.4616885244183269,0.5591765568167446,0.6361198084471973
185,27,3,PX-003,negation to lock formation,0.6755895813443618,0.5526821945795821,0.5723234241472321,0.6525293183941439,0.4616885244183269,0.5591765568167446,0.6361198084471973
186,27,4,PX-004,lagged temporal recursion,0.6755895813443618,0.5526821945795821,0.5723234241472321,0.6428145610737059,0.485910936261115,0.5591765568167446,0.6361198084471973
187,27,5,PX-005,false signal injection,0.6755895813443618,0.5526821945795821,0.5723234241472321,0.6428145610737059,0.5180015505125463,0.5591765568167446,0.6361198084471973
188,27,6,PX-006,signal to unstable utterance,0.6755895813443618,0.5526821945795821,0.5723234241472321,0.6428145610737059,0.5180015505125463,0.554972335970688,0.654676490249316
189,27,7,PX-007,silence feedback reset,0.6100096322818082,0.5281994380100687,0.5723234241472321,0.6428145610737059,0.45899633977124693,0.554972335970688,0.6328296238036305
190,28,1,PX-001,amplify identity fracture,0.6615606415471416,0.5181716304605928,0.5723234241472321,0.6428145610737059,0.45899633977124693,0.554972335970688,0.6328296238036305
191,28,2,PX-002,fracture to access recursion,0.6615606415471416,0.5499438554280097,0.5723234241472321,0.6487075191952821,0.45899633977124693,0.554972335970688,0.6328296238036305
192,28,3,PX-003,negation to lock formation,0.6750313439402322,0.5499438554280097,0.5686058692916083,0.6487075191952821,0.45899633977124693,0.554972335970688,0.6328296238036305
193,28,4,PX-004,lagged temporal recursion,0.6750313439402322,0.5499438554280097,0.5686058692916083,0.6395652889182991,0.4832168411294511,0.554972335970688,0.6328296238036305
194,28,5,PX-005,false signal injection,0.6750313439402322,0.5499438554280097,0.5686058692916083,0.6395652889182991,0.5151722153169148,0.554972335970688,0.6328296238036305
195,28,6,PX-006,signal to unstable utterance,0.6750313439402322,0.5499438554280097,0.5686058692916083,0.6395652889182991,0.5151722153169148,0.55104734787076,0.6513811573773334
196,28,7,PX-007,silence feedback reset,0.6098832689554404,0.5257141185491105,0.5686058692916083,0.6395652889182991,0.4568065767619432,0.55104734787076,0.6294080656662575
197,29,1,PX-001,amplify identity fracture,0.661628779503453,0.5157874573556275,0.5686058692916083,0.6395652889182991,0.4568065767619432,0.55104734787076,0.6294080656662575
198,29,2,PX-002,fracture to access recursion,0.661628779503453,0.5479100726559435,0.5686058692916083,0.645489863180394,0.4568065767619432,0.55104734787076,0.6294080656662575
199,29,3,PX-003,negation to lock formation,0.6750219748451505,0.5479100726559435,0.5654480949753294,0.645489863180394,0.4568065767619432,0.55104734787076,0.6294080656662575
200,29,4,PX-004,lagged temporal recursion,0.6750219748451505,0.5479100726559435,0.5654480949753294,0.6369032215685416,0.4810238916456046,0.55104734787076,0.6294080656662575
201,29,5,PX-005,false signal injection,0.6750219748451505,0.5479100726559435,0.5654480949753294,0.6369032215685416,0.5128730345008546,0.55104734787076,0.6294080656662575
202,29,6,PX-006,signal to unstable utterance,0.6750219748451505,0.5479100726559435,0.5654480949753294,0.6369032215685416,0.5128730345008546,0.5474813129309597,0.6479738905431305
203,29,7,PX-007,silence feedback reset,0.6102267389366632,0.5239002050799084,0.5654480949753294,0.6369032215685416,0.45508142217714226,0.5474813129309597,0.6260116857615339
204,30,1,PX-001,amplify identity fracture,0.6621240027496867,0.5140611755633219,0.5654480949753294,0.6369032215685416,0.45508142217714226,0.5474813129309597,0.6260116857615339
205,30,2,PX-002,fracture to access recursion,0.6621240027496867,0.5464914075081201,0.5654480949753294,0.6428560996537418,0.45508142217714226,0.5474813129309597,0.6260116857615339
206,30,3,PX-003,negation to lock formation,0.675435824051321,0.5464914075081201,0.5628362987760464,0.6428560996537418,0.45508142217714226,0.5474813129309597,0.6260116857615339
207,30,4,PX-004,lagged temporal recursion,0.675435824051321,0.5464914075081201,0.5628362987760464,0.634791286652122,0.4792950917367194,0.5474813129309597,0.6260116857615339
208,30,5,PX-005,false signal injection,0.675435824051321,0.5464914075081201,0.5628362987760464,0.634791286652122,0.5110645682138969,0.5474813129309597,0.6260116857615339
209,30,6,PX-006,signal to unstable utterance,0.675435824051321,0.5464914075081201,0.5628362987760464,0.634791286652122,0.5110645682138969,0.5443220491001632,0.6446058783249096
210,30,7,PX-007,silence feedback reset,0.6109205079995838,0.5226681185850146,0.5628362987760464,0.634791286652122,0.45377591434626,0.5443220491001632,0.6227594692720765
211,31,1,PX-001,amplify identity fracture,0.6629301726199813,0.5129032229809515,0.5628362987760464,0.634791286652122,0.45377591434626,0.5443220491001632,0.6227594692720765
212,31,2,PX-002,fracture to access recursion,0.6629301726199813,0.5455972771415982,0.5628362987760464,0.6407689930398517,0.45377591434626,0.5443220491001632,0.6227594692720765
213,31,3,PX-003,negation to lock formation,0.6761607666773543,0.5455972771415982,0.5607398561984224,0.6407689930398517,0.45377591434626,0.5443220491001632,0.6227594692720765
214,31,4,PX-004,lagged temporal recursion,0.6761607666773543,0.5455972771415982,0.5607398561984224,0.6331806412951841,0.4779860105254178,0.5443220491001632,0.6227594692720765
215,31,5,PX-005,false signal injection,0.6761607666773543,0.5455972771415982,0.5607398561984224,0.6331806412951841,0.5096993224469971,0.5443220491001632,0.6227594692720765
216,31,6,PX-006,signal to unstable utterance,0.6761607666773543,0.5455972771415982,0.5607398561984224,0.6331806412951841,0.5096993224469971,0.5415913111669272,0.6413917402321901
217,31,7,PX-007,silence feedback reset,0.6118596777610323,0.5219283820896908,0.5607398561984224,0.6331806412951841,0.45284096478066077,0.5415913111669272,0.6197374626603065
218,32,1,PX-001,amplify identity fracture,0.6639465753136604,0.5122246249534909,0.5607398561984224,0.6331806412951841,0.45284096478066077,0.5415913111669272,0.6197374626603065
219,32,2,PX-002,fracture to access recursion,0.6639465753136604,0.54513934738554,0.5607398561984224,0.6391796712695659,0.45284096478066077,0.5415913111669272,0.6197374626603065
220,32,3,PX-003,negation to lock formation,0.6770990849660974,0.54513934738554,0.55911644170919,0.6391796712695659,0.45284096478066077,0.5415913111669272,0.6197374626603065
221,32,4,PX-004,lagged temporal recursion,0.6770990849660974,0.54513934738554,0.55911644170919,0.6320152225727124,0.47704786354053824,0.5415913111669272,0.6197374626603065
222,32,5,PX-005,false signal injection,0.6770990849660974,0.54513934738554,0.55911644170919,0.6320152225727124,0.5087251486276906,0.5415913111669272,0.6197374626603065
223,32,6,PX-006,signal to unstable utterance,0.6770990849660974,0.54513934738554,0.55911644170919,0.6320152225727124,0.5087251486276906,0.5392901563673811,0.6384139882645169
224,32,7,PX-007,silence feedback reset,0.6129542993271336,0.521594648356835,0.55911644170919,0.6320152225727124,0.4522258201889015,0.5392901563673811,0.6170034228502214
225,33,1,PX-001,amplify identity fracture,0.6650879539568502,0.5119398778555392,0.55911644170919,0.6320152225727124,0.4522258201889015,0.5392901563673811,0.6170034228502214
226,33,2,PX-002,fracture to access recursion,0.6650879539568502,0.5450340514577022,0.55911644170919,0.638032149596191,0.4522258201889015,0.5392901563673811,0.6170034228502214
227,33,3,PX-003,negation to lock formation,0.6781676567354572,0.5450340514577022,0.5579163217472607,0.638032149596191,0.4522258201889015,0.5392901563673811,0.6170034228502214
228,33,4,PX-004,lagged temporal recursion,0.6781676567354572,0.5450340514577022,0.5579163217472607,0.6312354950755481,0.47643003557968777,0.5392901563673811,0.6170034228502214
229,33,5,PX-005,false signal injection,0.6781676567354572,0.5450340514577022,0.5579163217472607,0.6312354950755481,0.5080880157081418,0.5392901563673811,0.6170034228502214
230,33,6,PX-006,signal to unstable utterance,0.6781676567354572,0.5450340514577022,0.5579163217472607,0.6312354950755481,0.5080880157081418,0.5374037600754771,0.6357275323254442
231,33,7,PX-007,silence feedback reset,0.6141291544629166,0.521585927109716,0.5579163217472607,0.6312354950755481,0.45188004722740743,0.5374037600754771,0.6145913343860662
232,34,1,PX-001,amplify identity fracture,0.666284007983845,0.5119690613815354,0.5579163217472607,0.6312354950755481,0.45188004722740743,0.5374037600754771,0.6145913343860662
233,34,2,PX-002,fracture to access recursion,0.666284007983845,0.5452043748687723,0.5579163217472607,0.637267055716982,0.45188004722740743,0.5374037600754771,0.6145913343860662
234,34,3,PX-003,negation to lock formation,0.6792976006547181,0.5452043748687723,0.5570858789343202,0.637267055716982,0.45188004722740743,0.5374037600754771,0.6145913343860662
235,34,4,PX-004,lagged temporal recursion,0.6792976006547181,0.5452043748687723,0.5570858789343202,0.6307814483033446,0.4760821200631774,0.5374037600754771,0.6145913343860662
236,34,5,PX-005,false signal injection,0.6792976006547181,0.5452043748687723,0.5570858789343202,0.6307814483033446,0.5077342318895861,0.5374037600754771,0.6145913343860662
237,34,6,PX-006,signal to unstable utterance,0.6792976006547181,0.5452043748687723,0.5570858789343202,0.6307814483033446,0.5077342318895861,0.5359056486764199,0.6333640809166506
238,34,7,PX-007,silence feedback reset,0.6153231107591148,0.5218281386963837,0.5570858789343202,0.6307814483033446,0.451755099355072,0.5359056486764199,0.6125156848099433
239,35,1,PX-001,amplify identity fracture,0.6674784951267073,0.5122393011045823,0.5570858789343202,0.6307814483033446,0.451755099355072,0.5359056486764199,0.6125156848099433
240,35,2,PX-002,fracture to access recursion,0.6674784951267073,0.5455810259142465,0.5570858789343202,0.6368246073899816,0.451755099355072,0.5359056486764199,0.6125156848099433
241,35,3,PX-003,negation to lock formation,0.6804335098907257,0.5455810259142465,0.5565704376217654,0.6368246073899816,0.451755099355072,0.5359056486764199,0.6125156848099433
242,35,4,PX-004,lagged temporal recursion,0.6804335098907257,0.5455810259142465,0.5565704376217654,0.6305949119545113,0.4759555304946909,0.5359056486764199,0.6125156848099433
243,35,5,PX-005,false signal injection,0.6804335098907257,0.5455810259142465,0.5565704376217654,0.6305949119545113,0.5076121791618952,0.5359056486764199,0.6125156848099433
244,35,6,PX-006,signal to unstable utterance,0.6804335098907257,0.5455810259142465,0.5565704376217654,0.6305949119545113,0.5076121791618952,0.534761346591043,0.6313363255938516
245,35,7,PX-007,silence feedback reset,0.6164881498149012,0.5222551022375125,0.5565704376217654,0.6305949119545113,0.4518055114731943,0.534761346591043,0.6107754215568642
246,36,1,PX-001,amplify identity fracture,0.6686280519557812,0.5126856848306323,0.5565704376217654,0.6305949119545113,0.4518055114731943,0.534761346591043,0.6107754215568642
247,36,2,PX-002,fracture to access recursion,0.6686280519557812,0.5461030950533348,0.5565704376217654,0.636646909811814,0.4518055114731943,0.534761346591043,0.6107754215568642
248,36,3,PX-003,negation to lock formation,0.6815323889135989,0.5461030950533348,0.5563164652711265,0.636646909811814,0.4518055114731943,0.534761346591043,0.6107754215568642
249,36,4,PX-004,lagged temporal recursion,0.6815323889135989,0.5461030950533348,0.5563164652711265,0.6306212656872006,0.4760047286270208,0.534761346591043,0.6107754215568642
250,36,5,PX-005,false signal injection,0.6815323889135989,0.5461030950533348,0.5563164652711265,0.6306212656872006,0.5076736153045708,0.534761346591043,0.6107754215568642
251,36,6,PX-006,signal to unstable utterance,0.6815323889135989,0.5461030950533348,0.5563164652711265,0.6306212656872006,0.5076736153045708,0.5339314547000847,0.6296418275779317
252,36,7,PX-007,silence feedback reset,0.6175881602946851,0.5228090523767958,0.5563164652711265,0.6306212656872006,0.4519897612013591,0.5339314547000847,0.6093575393557735
253,37,1,PX-001,amplify identity fracture,0.669700832056576,0.5132517232455183,0.5563164652711265,0.6306212656872006,0.4519897612013591,0.5339314547000847,0.6093575393557735
254,37,2,PX-002,fracture to access recursion,0.669700832056576,0.5467182941978738,0.5563164652711265,0.6366796490332944,0.4519897612013591,0.5339314547000847,0.6093575393557735
255,37,3,PX-003,negation to lock formation,0.6825623928830553,0.5467182941978738,0.5562732246025208,0.6366796490332944,0.4519897612013591,0.5339314547000847,0.6093575393557735
256,37,4,PX-004,lagged temporal recursion,0.6825623928830553,0.5467182941978738,0.5562732246025208,0.6308106233345223,0.47618810882447804,0.5339314547000847,0.6093575393557735
257,37,5,PX-005,false signal injection,0.6825623928830553,0.5467182941978738,0.5562732246025208,0.6308106233345223,0.507874593462935,0.5339314547000847,0.6093575393557735
258,37,6,PX-006,signal to unstable utterance,0.6825623928830553,0.5467182941978738,0.5562732246025208,0.6308106233345223,0.507874593462935,0.5333741909998777,0.6282665497396815
259,37,7,PX-007,silence feedback reset,0.6185975797670314,0.5234407684854936,0.5562732246025208,0.6308106233345223,0.45227083330180473,0.5333741909998777,0.6082402676744458
260,38,1,PX-001,amplify identity fracture,0.6706750457300273,0.5138894358914335,0.5562732246025208,0.6308106233345223,0.45227083330180473,0.5333741909998777,0.6082402676744458
261,38,2,PX-002,fracture to access recursion,0.6706750457300273,0.5473828573520396,0.5562732246025208,0.6368732614116174,0.45227083330180473,0.5333741909998777,0.6082402676744458
262,38,3,PX-003,negation to lock formation,0.6835014545707938,0.5473828573520396,0.5563939496086255,0.6368732614116174,0.45227083330180473,0.5333741909998777,0.6082402676744458
263,38,4,PX-004,lagged temporal recursion,0.6835014545707938,0.5473828573520396,0.5563939496086255,0.6311185712421687,0.47646857673980075,0.5333741909998777,0.6082402676744458
264,38,5,PX-005,false signal injection,0.6835014545707938,0.5473828573520396,0.5563939496086255,0.6311185712421687,0.5081760474050867,0.5333741909998777,0.6082402676744458
265,38,6,PX-006,signal to unstable utterance,0.6835014545707938,0.5473828573520396,0.5563939496086255,0.6311185712421687,0.5081760474050867,0.5330474332519712,0.6271879982222811
266,38,7,PX-007,silence feedback reset,0.6194999600560569,0.524109392245075,0.5563939496086255,0.6311185712421687,0.4526165238923613,0.5330474332519712,0.6073958445922053
267,39,1,PX-001,amplify identity fracture,0.6715374710376097,0.5145591362362328,0.5563939496086255,0.6311185712421687,0.4526165238923613,0.5330474332519712,0.6073958445922053
268,39,2,PX-002,fracture to access recursion,0.6715374710376097,0.5480611760937232,0.5563939496086255,0.6371836589326932,0.4526165238923613,0.5330474332519712,0.6073958445922053
269,39,3,PX-003,negation to lock formation,0.6843358699657667,0.5480611760937232,0.556636615384451,0.6371836589326932,0.4526165238923613,0.5330474332519712,0.6073958445922053
270,39,4,PX-004,lagged temporal recursion,0.6843358699657667,0.5480611760937232,0.556636615384451,0.6315065374051145,0.476813860946427,0.5330474332519712,0.6073958445922053
271,39,5,PX-005,false signal injection,0.6843358699657667,0.5480611760937232,0.556636615384451,0.6315065374051145,0.5085440897834277,0.5330474332519712,0.6073958445922053
272,39,6,PX-006,signal to unstable utterance,0.6843358699657667,0.5480611760937232,0.556636615384451,0.6315065374051145,0.5085440897834277,0.5329103090515617,0.6263779559830391
273,39,7,PX-007,silence feedback reset,0.6202865204785792,0.5247820028283562,0.556636615384451,0.6315065374051145,0.4529995221017557,0.5329103090515617,0.6067928774794312
274,40,1,PX-001,amplify identity fracture,0.6722819928292622,0.5152289833819871,0.556636615384451,0.6315065374051145,0.4529995221017557,0.5329103090515617,0.6067928774794312
275,40,2,PX-002,fracture to access recursion,0.6722819928292622,0.5487252362255453,0.556636615384451,0.637572587274413,0.4529995221017557,0.5329103090515617,0.6067928774794312
276,40,3,PX-003,negation to lock formation,0.6850589005165482,0.5487252362255453,0.5569643677847078,0.637572587274413,0.4529995221017557,0.5329103090515617,0.6067928774794312
277,40,4,PX-004,lagged temporal recursion,0.6850589005165482,0.5487252362255453,0.5569643677847078,0.6319418632123261,0.47719659718442914,0.5329103090515617,0.6067928774794312
278,40,5,PX-005,false signal injection,0.6850589005165482,0.5487252362255453,0.5569643677847078,0.6319418632123261,0.5089500701568701,0.5329103090515617,0.6067928774794312
279,40,6,PX-006,signal to unstable utterance,0.6850589005165482,0.5487252362255453,0.5569643677847078,0.6319418632123261,0.5089500701568701,0.5329243820273298,0.6258048059014726
280,40,7,PX-007,silence feedback reset,0.6209547421681404,0.5254330126019575,0.5569643677847078,0.6319418632123261,0.45339730761223096,0.5329243820273298,0.6063983024625637
281,41,1,PX-001,amplify identity fracture,0.6729082140463266,0.5158743619949689,0.5569643677847078,0.6319418632123261,0.45339730761223096,0.5329243820273298,0.6063983024625637
282,41,2,PX-002,fracture to access recursion,0.6729082140463266,0.5493539149730716,0.5569643677847078,0.6380076885637862,0.45339730761223096,0.5329243820273298,0.6063983024625637
283,41,3,PX-003,negation to lock formation,0.6856694374897142,0.5493539149730716,0.5573456744469083,0.6380076885637862,0.45339730761223096,0.5329243820273298,0.6063983024625637
284,41,4,PX-004,lagged temporal recursion,0.6856694374897142,0.5493539149730716,0.5573456744469083,0.6323976434813248,0.47759422543329105,0.5329243820273298,0.6063983024625637
285,41,5,PX-005,false signal injection,0.6856694374897142,0.5493539149730716,0.5573456744469083,0.6323976434813248,0.5093704384834103,0.5329243820273298,0.6063983024625637
286,41,6,PX-006,signal to unstable utterance,0.6856694374897142,0.5493539149730716,0.5573456744469083,0.6323976434813248,0.5093704384834103,0.5330544843586786,0.6254354539718019
287,41,7,PX-007,silence feedback reset,0.6215070452236751,0.5260434398768379,0.5573456744469083,0.6323976434813248,0.45379190243193396,0.5330544843586786,0.6061789640752399
288,42,1,PX-001,amplify identity fracture,0.6734201721677284,0.5164771458535443,0.5573456744469083,0.6323976434813248,0.45379190243193396,0.5330544843586786,0.6061789640752399
289,42,2,PX-002,fracture to access recursion,0.6734201721677284,0.5499321910584023,0.5573456744469083,0.6384623345620811,0.45379190243193396,0.5330544843586786,0.6061789640752399
290,42,3,PX-003,negation to lock formation,0.6861707623409772,0.5499321910584023,0.5577542538322955,0.6384623345620811,0.45379190243193396,0.5330544843586786,0.6061789640752399
291,42,4,PX-004,lagged temporal recursion,0.6861707623409772,0.5499321910584023,0.5577542538322955,0.6328523935604299,0.4779887395668967,0.5330544843586786,0.6061789640752399
292,42,5,PX-005,false signal injection,0.6861707623409772,0.5499321910584023,0.5577542538322955,0.6328523935604299,0.5097864578794331,0.5330544843586786,0.6061789640752399
293,42,6,PX-006,signal to unstable utterance,0.6861707623409772,0.5499321910584023,0.5577542538322955,0.6328523935604299,0.5097864578794331,0.5332692458078343,0.6252368735321164
294,42,7,PX-007,silence feedback reset,0.6219495792224076,0.526600108513979,0.5577542538322955,0.6328523935604299,0.45416951394238875,0.5332692458078343,0.606102843841224
295,43,1,PX-001,amplify identity fracture,0.6738251833065142,0.5170248938138564,0.5577542538322955,0.6328523935604299,0.45416951394238875,0.5332692458078343,0.606102843841224
296,43,2,PX-002,fracture to access recursion,0.6738251833065142,0.5504503127375199,0.5577542538322955,0.6389152890039946,0.45416951394238875,0.5332692458078343,0.606102843841224
297,43,3,PX-003,negation to lock formation,0.6865694264979039,0.5504503127375199,0.5581688337114584,0.6389152890039946,0.45416951394238875,0.5332692458078343,0.606102843841224
298,43,4,PX-004,lagged temporal recursion,0.6865694264979039,0.5504503127375199,0.5581688337114584,0.633289594978228,0.4783663276633423,0.5332692458078343,0.606102843841224
299,43,5,PX-005,false signal injection,0.6865694264979039,0.5504503127375199,0.5581688337114584,0.633289594978228,0.5101838075331073,0.5332692458078343,0.606102843841224
300,43,6,PX-006,signal to unstable utterance,0.6865694264979039,0.5504503127375199,0.5581688337114584,0.633289594978228,0.5101838075331073,0.5335413682521689,0.6251772995228582
301,43,7,PX-007,silence feedback reset,0.6222911472016018,0.5270948171419052,0.5581688337114584,0.633289594978228,0.45452010375843466,0.5335413682521689,0.6061399718730075
302,44,1,PX-001,amplify identity fracture,0.6741328273085988,0.5175100200128011,0.5581688337114584,0.633289594978228,0.45452010375843466,0.5335413682521689,0.6061399718730075
303,44,2,PX-002,fracture to access recursion,0.6741328273085988,0.5509029615287587,0.5581688337114584,0.6393502504227252,0.45452010375843466,0.5335413682521689,0.6061399718730075
304,44,3,PX-003,negation to lock formation,0.6868742647025678,0.5509029615287587,0.5585727850283718,0.6393502504227252,0.45452010375843466,0.5335413682521689,0.6061399718730075
305,44,4,PX-004,lagged temporal recursion,0.6868742647025678,0.5509029615287587,0.5585727850283718,0.6336971637332584,0.4787169381769601,0.5335413682521689,0.6061399718730075
306,44,5,PX-005,false signal injection,0.6868742647025678,0.5509029615287587,0.5585727850283718,0.6336971637332584,0.5105521128235858,0.5335413682521689,0.6061399718730075
307,44,6,PX-006,signal to unstable utterance,0.6868742647025678,0.5509029615287587,0.5585727850283718,0.6336971637332584,0.5105521128235858,0.5338476924543119,0.6252271074940966
308,44,7,PX-007,silence feedback reset,0.6225422739275345,0.5275235135022109,0.5585727850283718,0.6336971637332584,0.45483691339830784,0.5338476924543119,0.6062630589934355
309,45,1,PX-001,amplify identity fracture,0.6743540793641957,0.5179289729326065,0.5585727850283718,0.6336971637332584,0.45483691339830784,0.5338476924543119,0.6062630589934355
310,45,2,PX-002,fracture to access recursion,0.6743540793641957,0.5512884420452396,0.5585727850283718,0.6397553193309257,0.45483691339830784,0.5338476924543119,0.6062630589934355
311,45,3,PX-003,negation to lock formation,0.6870955481684436,0.5512884420452396,0.558953671406182,0.6397553193309257,0.45483691339830784,0.5338476924543119,0.6062630589934355
312,45,4,PX-004,lagged temporal recursion,0.6870955481684436,0.5512884420452396,0.558953671406182,0.6340668780860973,0.47903380334415996,0.5338476924543119,0.6062630589934355
313,45,5,PX-005,false signal injection,0.6870955481684436,0.5512884420452396,0.558953671406182,0.6340668780860973,0.5108844351362466,0.5338476924543119,0.6062630589934355
314,45,6,PX-006,signal to unstable utterance,0.6870955481684436,0.5512884420452396,0.558953671406182,0.6340668780860973,0.5108844351362466,0.5341691006993826,0.6253594156364853
315,45,7,PX-007,silence feedback reset,0.6227144213824891,0.5278855022295398,0.558953671406182,0.6340668780860973,0.45511597348083904,0.5341691006993826,0.6064478885363966
316,46,1,PX-001,amplify identity fracture,0.6745005871684585,0.5182814507830574,0.558953671406182,0.6340668780860973,0.45511597348083904,0.5341691006993826,0.6064478885363966
317,46,2,PX-002,fracture to access recursion,0.6745005871684585,0.5516079212867956,0.558953671406182,0.6401224263473647,0.45511597348083904,0.5341691006993826,0.6064478885363966
318,46,3,PX-003,negation to lock formation,0.6872442773120586,0.5516079212867956,0.5593027488235858,0.6401224263473647,0.45511597348083904,0.5341691006993826,0.6064478885363966
319,46,4,PX-004,lagged temporal recursion,0.6872442773120586,0.5516079212867956,0.5593027488235858,0.6343937958323203,0.4793129466918713,0.5341691006993826,0.6064478885363966
320,46,5,PX-005,false signal injection,0.6872442773120586,0.5516079212867956,0.5593027488235858,0.6343937958323203,0.5111767488474619,0.5341691006993826,0.6064478885363966
321,46,6,PX-006,signal to unstable utterance,0.6872442773120586,0.5516079212867956,0.5593027488235858,0.6343937958323203,0.5111767488474619,0.534490295140225,0.6255504497026733
322,46,7,PX-007,silence feedback reset,0.6228193480276127,0.5281827074381542,0.5593027488235858,0.6343937958323203,0.4553556184772633,0.534490295140225,0.6066735070496889
323,47,1,PX-001,amplify identity fracture,0.6745840875546902,0.5185696737736191,0.5593027488235858,0.6343937958323203,0.4553556184772633,0.534490295140225,0.6066735070496889
324,47,2,PX-002,fracture to access recursion,0.6745840875546902,0.5518647341563448,0.5593027488235858,0.6404467509523875,0.4553556184772633,0.534490295140225,0.6066735070496889
325,47,3,PX-003,negation to lock formation,0.6873316087058305,0.5518647341563448,0.5596144443209891,0.6404467509523875,0.4553556184772633,0.534490295140225,0.6066735070496889
326,47,4,PX-004,lagged temporal recursion,0.6873316087058305,0.5518647341563448,0.5596144443209891,0.6346756846431351,0.47955269667836187,0.534490295140225,0.6066735070496889
327,47,5,PX-005,false signal injection,0.6873316087058305,0.5518647341563448,0.5596144443209891,0.6346756846431351,0.5114274277688104,0.534490295140225,0.6066735070496889
328,47,6,PX-006,signal to unstable utterance,0.6873316087058305,0.5518647341563448,0.5596144443209891,0.6346756846431351,0.5114274277688104,0.5347994874116274,0.6257797105774928
329,47,7,PX-007,silence feedback reset,0.6228686035402657,0.5284190050545142,0.5596144443209891,0.6346756846431351,0.4555560242676303,0.5347994874116274,0.6069222518468085
330,48,1,PX-001,amplify identity fracture,0.674615952708424,0.5187977274805241,0.5596144443209891,0.6346756846431351,0.4555560242676303,0.5347994874116274,0.6069222518468085
331,48,2,PX-002,fracture to access recursion,0.674615952708424,0.5520637660195364,0.5596144443209891,0.6407261541637677,0.4555560242676303,0.5347994874116274,0.6069222518468085
332,48,3,PX-003,negation to lock formation,0.6873684070877396,0.5520637660195364,0.559885837123599,0.6407261541637677,0.4555560242676303,0.5347994874116274,0.6069222518468085
333,48,4,PX-004,lagged temporal recursion,0.6873684070877396,0.5520637660195364,0.559885837123599,0.6349124832640142,0.4797532236317563,0.5347994874116274,0.6069222518468085
334,48,5,PX-005,false signal injection,0.6873684070877396,0.5520637660195364,0.559885837123599,0.6349124832640142,0.5116367582577463,0.5347994874116274,0.6069222518468085
335,48,6,PX-006,signal to unstable utterance,0.6873684070877396,0.5520637660195364,0.559885837123599,0.6349124832640142,0.5116367582577463,0.535088030495341,0.6260299827465189
336,48,7,PX-007,silence feedback reset,0.6228731472872956,0.5285996340847694,0.559885837123599,0.6349124832640142,0.45571878116040876,0.535088030495341,0.6071796510016272
337,49,1,PX-001,amplify identity fracture,0.6746068534454721,0.518970985844474,0.559885837123599,0.6349124832640142,0.45571878116040876,0.535088030495341,0.6071796510016272
338,49,2,PX-002,fracture to access recursion,0.6746068534454721,0.5522109179530177,0.559885837123599,0.6409606426465132,0.45571878116040876,0.535088030495341,0.6071796510016272
339,49,3,PX-003,negation to lock formation,0.6873649106366986,0.5522109179530177,0.5601161604186471,0.6409606426465132,0.45571878116040876,0.535088030495341,0.6071796510016272
340,49,4,PX-004,lagged temporal recursion,0.6873649106366986,0.5522109179530177,0.5601161604186471,0.6351058062261075,0.47991611252174804,0.535088030495341,0.6071796510016272
341,49,5,PX-005,false signal injection,0.6873649106366986,0.5522109179530177,0.5601161604186471,0.6351058062261075,0.5118064914411253,0.535088030495341,0.6071796510016272
342,49,6,PX-006,signal to unstable utterance,0.6873649106366986,0.5522109179530177,0.5601161604186471,0.6351058062261075,0.5118064914411253,0.5353500191257046,0.626287219319162
343,49,7,PX-007,silence feedback reset,0.6228430766261763,0.5287306910594115,0.5601161604186471,0.6351058062261075,0.45584651083762423,0.5353500191257046,0.6074342282278853
344,50,1,PX-001,amplify identity fracture,0.6745665254608844,0.5190956174814895,0.5601161604186471,0.6351058062261075,0.45584651083762423,0.5353500191257046,0.6074342282278853
345,50,2,PX-002,fracture to access recursion,0.6745665254608844,0.5523126559980307,0.5601161604186471,0.641151876665753,0.45584651083762423,0.5353500191257046,0.6074342282278853
346,50,3,PX-003,negation to lock formation,0.6873304961316953,0.5523126559980307,0.5603063373018949,0.641151876665753,0.45584651083762423,0.5353500191257046,0.6074342282278853
347,50,4,PX-004,lagged temporal recursion,0.6873304961316953,0.5523126559980307,0.5603063373018949,0.6352585002831073,0.480043979899062,0.5353500191257046,0.6074342282278853
348,50,5,PX-005,false signal injection,0.6873304961316953,0.5523126559980307,0.5603063373018949,0.6352585002831073,0.5119394427228826,0.5353500191257046,0.6074342282278853
349,50,6,PX-006,signal to unstable utterance,0.6873304961316953,0.5523126559980307,0.5603063373018949,0.6352585002831073,0.5119394427228826,0.5355818803917098,0.6265403358950161
350,50,7,PX-007,silence feedback reset,0.622787450034061,0.5288187078147942,0.5603063373018949,0.6352585002831073,0.4559425320253801,0.5355818803917098,0.6076772414034448
351,51,1,PX-001,amplify identity fracture,0.6745036237690218,0.5191781750077714,0.5603063373018949,0.6352585002831073,0.4559425320253801,0.5355818803917098,0.6076772414034448
352,51,2,PX-002,fracture to access recursion,0.6745036237690218,0.5523756422703662,0.5603063373018949,0.6413027298881705,0.4559425320253801,0.5355818803917098,0.6076772414034448
353,51,3,PX-003,negation to lock formation,0.6872735298949905,0.5523756422703662,0.5604585601946216,0.6413027298881705,0.4559425320253801,0.5355818803917098,0.6076772414034448
354,51,4,PX-004,lagged temporal recursion,0.6872735298949905,0.5523756422703662,0.5604585601946216,0.6353742570414266,0.4801401396905351,0.5355818803917098,0.6076772414034448
355,51,5,PX-005,false signal injection,0.6872735298949905,0.5523756422703662,0.5604585601946216,0.6353742570414266,0.5120391430601026,0.5355818803917098,0.6076772414034448
356,51,6,PX-006,signal to unstable utterance,0.6872735298949905,0.5523756422703662,0.5604585601946216,0.6353742570414266,0.5120391430601026,0.5357819717624055,0.6267809417095139
357,51,7,PX-007,silence feedback reset,0.6227141898469554,0.5288703095570689,0.5604585601946216,0.6353742570414266,0.45601057663355415,0.5357819717624055,0.6079023795340739
358,52,1,PX-001,amplify identity fracture,0.6744256505914603,0.519225263967729,0.5604585601946216,0.6353742570414266,0.45601057663355415,0.5357819717624055,0.6079023795340739
359,52,2,PX-002,fracture to access recursion,0.6744256505914603,0.552406443146565,0.5604585601946216,0.6414169053338492,0.45601057663355415,0.5357819717624055,0.6079023795340739
360,52,3,PX-003,negation to lock formation,0.6872012904086431,0.552406443146565,0.5605759193776387,0.6414169053338492,0.45601057663355415,0.5357819717624055,0.6079023795340739
361,52,4,PX-004,lagged temporal recursion,0.6872012904086431,0.552406443146565,0.5605759193776387,0.6354572831840084,0.48020831950728354,0.5357819717624055,0.6079023795340739
362,52,5,PX-005,false signal injection,0.6872012904086431,0.552406443146565,0.5605759193776387,0.6354572831840084,0.5121095434394803,0.5357819717624055,0.6079023795340739
363,52,6,PX-006,signal to unstable utterance,0.6872012904086431,0.552406443146565,0.5605759193776387,0.6354572831840084,0.5121095434394803,0.5359501996562517,0.6270030324116199
364,52,7,PX-007,silence feedback reset,0.622630049847698,0.5288919477666535,0.5605759193776387,0.6354572831840084,0.4560545556758568,0.5359501996562517,0.608105438916898
365,53,1,PX-001,amplify identity fracture,0.67433894254674,0.5192432856655659,0.5605759193776387,0.6354572831840084,0.4560545556758568,0.5359501996562517,0.608105438916898
366,53,2,PX-002,fracture to access recursion,0.67433894254674,0.552411307885276,0.5605759193776387,0.6414986087532997,0.4560545556758568,0.5359501996562517,0.608105438916898
367,53,3,PX-003,negation to lock formation,0.6871199490293166,0.552411307885276,0.5606620832156353,0.6414986087532997,0.4560545556758568,0.5359501996562517,0.608105438916898
368,53,4,PX-004,lagged temporal recursion,0.6871199490293166,0.552411307885276,0.5606620832156353,0.6355120272588196,0.4802524267187013,0.5359501996562517,0.608105438916898
369,53,5,PX-005,false signal injection,0.6871199490293166,0.552411307885276,0.5606620832156353,0.6355120272588196,0.5121547715690036,0.5359501996562517,0.608105438916898
370,53,6,PX-006,signal to unstable utterance,0.6871199490293166,0.552411307885276,0.5606620832156353,0.6355120272588196,0.5121547715690036,0.536087667977072,0.6272026647252742
371,53,7,PX-007,silence feedback reset,0.6225406338880769,0.5288897008652936,0.5606620832156353,0.6355120272588196,0.4560783724466871,0.536087667977072,0.6082839953343332
372,54,1,PX-001,amplify identity fracture,0.6742487040029765,0.5192382466552881,0.5606620832156353,0.6355120272588196,0.4560783724466871,0.536087667977072,0.6082839953343332
373,54,2,PX-002,fracture to access recursion,0.6742487040029765,0.5523960098629327,0.5606620832156353,0.6415522783123774,0.4560783724466871,0.536087667977072,0.6082839953343332
374,54,3,PX-003,negation to lock formation,0.6870345961614417,0.5523960098629327,0.5607210301488905,0.6415522783123774,0.4560783724466871,0.536087667977072,0.6082839953343332
375,54,4,PX-004,lagged temporal recursion,0.6870345961614417,0.5523960098629327,0.5607210301488905,0.6355429601589255,0.4802763617355656,0.536087667977072,0.6082839953343332
376,54,5,PX-005,false signal injection,0.6870345961614417,0.5523960098629327,0.5607210301488905,0.6355429601589255,0.51217893798257,0.536087667977072,0.6082839953343332
377,54,6,PX-006,signal to unstable utterance,0.6870345961614417,0.5523960098629327,0.5607210301488905,0.6355429601589255,0.51217893798257,0.5361963628036694,0.6273776292959947
378,54,7,PX-007,silence feedback reset,0.6224504530057616,0.5288691345862564,0.5607210301488905,0.6355429601589255,0.45608577913950527,0.5361963628036694,0.6084370854192632
379,55,1,PX-001,amplify identity fracture,0.674159074736455,0.5192156267417803,0.5607210301488905,0.6355429601589255,0.45608577913950527,0.5361963628036694,0.6084370854192632
380,55,2,PX-002,fracture to access recursion,0.674159074736455,0.5523657420017626,0.5607210301488905,0.641582367656113,0.45608577913950527,0.5361963628036694,0.6084370854192632
381,55,3,PX-003,negation to lock formation,0.6869493014532148,0.5523657420017626,0.5607568305833747,0.641582367656113,0.45608577913950527,0.5361963628036694,0.6084370854192632
382,55,4,PX-004,lagged temporal recursion,0.6869493014532148,0.5523657420017626,0.5607568305833747,0.6355544050992548,0.4802838746739864,0.5361963628036694,0.6084370854192632
383,55,5,PX-005,false signal injection,0.6869493014532148,0.5523657420017626,0.5607568305833747,0.6355544050992548,0.5121859874791892,0.5361963628036694,0.6084370854192632
384,55,6,PX-006,signal to unstable utterance,0.6869493014532148,0.5523657420017626,0.5607568305833747,0.6355544050992548,0.5121859874791892,0.5362788766719532,0.6275271343491341
385,55,7,PX-007,silence feedback reset,0.6223630099651939,0.5288352135539011,0.5607568305833747,0.6355544050992548,0.45608027227074793,0.5362788766719532,0.6085649069759813
386,56,1,PX-001,amplify identity fracture,0.6740732214812963,0.5191802969776395,0.5607568305833747,0.6355544050992548,0.45608027227074793,0.5362788766719532,0.6085649069759813
387,56,2,PX-002,fracture to access recursion,0.6740732214812963,0.5523250578384771,0.5607568305833747,0.6415931781277308,0.45608027227074793,0.5362788766719532,0.6085649069759813
388,56,3,PX-003,negation to lock formation,0.6868671979427359,0.5523250578384771,0.5607734753706065,0.6415931781277308,0.45608027227074793,0.5362788766719532,0.6085649069759813
389,56,4,PX-004,lagged temporal recursion,0.6868671979427359,0.5523250578384771,0.5607734753706065,0.6355504120275706,0.48027846076552544,0.5362788766719532,0.6085649069759813
390,56,5,PX-005,false signal injection,0.6868671979427359,0.5523250578384771,0.5607734753706065,0.6355504120275706,0.5121795910105319,0.5362788766719532,0.6085649069759813
391,56,6,PX-006,signal to unstable utterance,0.6868671979427359,0.5523250578384771,0.5607734753706065,0.6355504120275706,0.5121795910105319,0.536338173627538,0.6276515094711539
392,56,7,PX-007,silence feedback reset,0.6222809017038676,0.528792255582956,0.5607734753706065,0.6355504120275706,0.45606502184432074,0.536338173627538,0.6086685450778543
393,57,1,PX-001,amplify identity fracture,0.6739934444622231,0.5191364791973325,0.5607734753706065,0.6355504120275706,0.45606502184432074,0.536338173627538,0.6086685450778543
394,57,2,PX-002,fracture to access recursion,0.6739934444622231,0.5522778499194657,0.5607734753706065,0.641588735073054,0.45606502184432074,0.536338173627538,0.6086685450778543
395,57,3,PX-003,negation to lock formation,0.6867905815117753,0.5522778499194657,0.5607747465797417,0.641588735073054,0.45606502184432074,0.536338173627538,0.6086685450778543
396,57,4,PX-004,lagged temporal recursion,0.6867905815117753,0.5522778499194657,0.5607747465797417,0.6355346709237735,0.4802632894585477,0.536338173627538,0.6086685450778543
397,57,5,PX-005,false signal injection,0.6867905815117753,0.5522778499194657,0.5607747465797417,0.6355346709237735,0.5121630727124925,0.536338173627538,0.6086685450778543
398,57,6,PX-006,signal to unstable utterance,0.6867905815117753,0.5522778499194657,0.5607747465797417,0.6355346709237735,0.5121630727124925,0.5363773944331117,0.6277519359191719
399,57,7,PX-007,silence feedback reset,0.6222059317170066,0.5287439205466333,0.5607747465797417,0.6355346709237735,0.4560428290752331,0.5363773944331117,0.6087497282201131
400,58,1,PX-001,amplify identity fracture,0.6739212914993563,0.5190877390087093,0.5607747465797417,0.6355346709237735,0.4560428290752331,0.5363773944331117,0.6087497282201131
401,58,2,PX-002,fracture to access recursion,0.6739212914993563,0.5522273577164906,0.5607747465797417,0.6415727026934246,0.4560428290752331,0.5363773944331117,0.6087497282201131
402,58,3,PX-003,negation to lock formation,0.6867210184302545,0.5522273577164906,0.5607641256638901,0.6415727026934246,0.4560428290752331,0.5363773944331117,0.6087497282201131
403,58,4,PX-004,lagged temporal recursion,0.6867210184302545,0.5522273577164906,0.5607641256638901,0.6355104582736648,0.48024116204352824,0.5363773944331117,0.6087497282201131
404,58,5,PX-005,false signal injection,0.6867210184302545,0.5522273577164906,0.5607641256638901,0.6355104582736648,0.5121393666704833,0.5363773944331117,0.6087497282201131
405,58,6,PX-006,signal to unstable utterance,0.6867210184302545,0.5522273577164906,0.5607641256638901,0.6355104582736648,0.5121393666704833,0.5363996999533343,0.6278302073870738
406,58,7,PX-007,silence feedback reset,0.6221392259020991,0.5286932262422459,0.5607641256638901,0.6355104582736648,0.45601610761294636,0.5363996999533343,0.6088106166882431
407,59,1,PX-001,amplify identity fracture,0.6738576737043307,0.5190370047690228,0.5607641256638901,0.6355104582736648,0.45601610761294636,0.5363996999533343,0.6088106166882431
408,59,2,PX-002,fracture to access recursion,0.6738576737043307,0.5521761979504087,0.5607641256638901,0.6415483317539589,0.45601610761294636,0.5363996999533343,0.6088106166882431
409,59,3,PX-003,negation to lock formation,0.6866594551411507,0.5521761979504087,0.5607447338459713,0.6415483317539589,0.45601610761294636,0.5363996999533343,0.6088106166882431
410,59,4,PX-004,lagged temporal recursion,0.6866594551411507,0.5521761979504087,0.5607447338459713,0.6354806110854236,0.480214492757779,0.5363996999533343,0.6088106166882431
411,59,5,PX-005,false signal injection,0.6866594551411507,0.5521761979504087,0.5607447338459713,0.6354806110854236,0.5121109981418179,0.5363996999533343,0.6088106166882431
412,59,6,PX-006,signal to unstable utterance,0.6866594551411507,0.5521761979504087,0.5607447338459713,0.6354806110854236,0.5121109981418179,0.5364081497655023,0.6278885231057998
413,59,7,PX-007,silence feedback reset,0.6220813467665938,0.5286425844215046,0.5607447338459713,0.6354806110854236,0.4559868834996603,0.5364081497655023,0.6088536235937847
414,60,1,PX-001,amplify identity fracture,0.6738029781107069,0.518986605828174,0.5607447338459713,0.6354806110854236,0.4559868834996603,0.5364081497655023,0.6088536235937847
415,60,2,PX-002,fracture to access recursion,0.6738029781107069,0.5521264110167283,0.5607447338459713,0.6415184345438462,0.4559868834996603,0.5364081497655023,0.6088536235937847
416,60,3,PX-003,negation to lock formation,0.6866063257043553,0.5521264110167283,0.5607192995331058,0.6415184345438462,0.4559868834996603,0.5364081497655023,0.6088536235937847
417,60,4,PX-004,lagged temporal recursion,0.6866063257043553,0.5521264110167283,0.5607192995331058,0.6354475230893069,0.48018530861823683,0.5364081497655023,0.6088536235937847
418,60,5,PX-005,false signal injection,0.6866063257043553,0.5521264110167283,0.5607192995331058,0.6354475230893069,0.5120800842669394,0.5364081497655023,0.6088536235937847
419,60,6,PX-006,signal to unstable utterance,0.6866063257043553,0.5521264110167283,0.5607192995331058,0.6354475230893069,0.5120800842669394,0.5364056124058585,0.6279293135110288
420,60,7,PX-007,silence feedback reset,0.6220324021494875,0.5285938509817513,0.5607192995331058,0.6354475230893069,0.4559568095098141,0.5364056124058585,0.6088812677010575
421,61,1,PX-001,amplify identity fracture,0.673757173772656,0.5189383241592087,0.5607192995331058,0.6354475230893069,0.4559568095098141,0.5364056124058585,0.6088812677010575
422,61,2,PX-002,fracture to access recursion,0.673757173772656,0.5520795180662939,0.5607192995331058,0.6414853817621887,0.4559568095098141,0.5364056124058585,0.6088812677010575
423,61,3,PX-003,negation to lock formation,0.686561653463511,0.5520795180662939,0.5606901477530616,0.6414853817621887,0.4559568095098141,0.5364056124058585,0.6088812677010575
424,61,4,PX-004,lagged temporal recursion,0.686561653463511,0.5520795180662939,0.5606901477530616,0.6354131581698619,0.4801552636393265,0.5364056124058585,0.6088812677010575
425,61,5,PX-005,false signal injection,0.686561653463511,0.5520795180662939,0.5606901477530616,0.6354131581698619,0.5120483497285964,0.5364056124058585,0.6088812677010575
426,61,6,PX-006,signal to unstable utterance,0.686561653463511,0.5520795180662939,0.5606901477530616,0.6354131581698619,0.5120483497285964,0.5363947033063496,0.6279550974414797
427,61,7,PX-007,silence feedback reset,0.6219921457052922,0.5285483851788088,0.5606901477530616,0.6354131581698619,0.4559271899981722,0.5363947033063496,0.608896056182654
428,62,1,PX-001,amplify identity fracture,0.6737199089097956,0.5188934543616961,0.5606901477530616,0.6354131581698619,0.4559271899981722,0.5363947033063496,0.608896056182654
429,62,2,PX-002,fracture to access recursion,0.6737199089097956,0.5520365841601073,0.5606901477530616,0.6414511164136708,0.4559271899981722,0.5363947033063496,0.608896056182654
430,62,3,PX-003,negation to lock formation,0.6865251445075109,0.5520365841601073,0.5606592069377728,0.6414511164136708,0.4559271899981722,0.5363947033063496,0.608896056182654
431,62,4,PX-004,lagged temporal recursion,0.6865251445075109,0.5520365841601073,0.5606592069377728,0.635379076578721,0.4801256635709108,0.5363947033063496,0.608896056182654
432,62,5,PX-005,false signal injection,0.6865251445075109,0.5520365841601073,0.5606592069377728,0.635379076578721,0.5120171533178999,0.5363947033063496,0.608896056182654
433,62,6,PX-006,signal to unstable utterance,0.6865251445075109,0.5520365841601073,0.5606592069377728,0.635379076578721,0.5120171533178999,0.5363777463527957,0.627968368896036
434,62,7,PX-007,silence feedback reset,0.6219600673414267,0.5285071135790738,0.5606592069377728,0.635379076578721,0.4558990128980329,0.5363777463527957,0.6089003947558556
435,63,1,PX-001,amplify identity fracture,0.6736905975677877,0.5188528678763865,0.5606592069377728,0.635379076578721,0.4558990128980329,0.5363777463527957,0.6089003947558556
436,63,2,PX-002,fracture to access recursion,0.6736905975677877,0.551998283753713,0.5606592069377728,0.6414171802971982,0.4558990128980329,0.5363777463527957,0.6089003947558556
437,63,3,PX-003,negation to lock formation,0.6864962713625357,0.551998283753713,0.5606280288102701,0.6414171802971982,0.4558990128980329,0.5363777463527957,0.6089003947558556
438,63,4,PX-004,lagged temporal recursion,0.6864962713625357,0.551998283753713,0.5606280288102701,0.6353464700255278,0.4800974978025177,0.5363777463527957,0.6089003947558556
439,63,5,PX-005,false signal injection,0.6864962713625357,0.551998283753713,0.5606280288102701,0.6353464700255278,0.5119875219010142,0.5363777463527957,0.6089003947558556
440,63,6,PX-006,signal to unstable utterance,0.6864962713625357,0.551998283753713,0.5606280288102701,0.6353464700255278,0.5119875219010142,0.5363567550536497,0.6279715107346284
441,63,7,PX-007,silence feedback reset,0.6219354725893028,0.528470595286203,0.5606280288102701,0.6353464700255278,0.4558729860298295,0.5363567550536497,0.608896522221988
442,64,1,PX-001,amplify identity fracture,0.6736684950059364,0.5188170780592124,0.5606280288102701,0.6353464700255278,0.4558729860298295,0.5363567550536497,0.608896522221988
443,64,2,PX-002,fracture to access recursion,0.6736684950059364,0.5519649655482206,0.5606280288102701,0.6413847492188097,0.4558729860298295,0.5363567550536497,0.608896522221988
444,64,3,PX-003,negation to lock formation,0.6864743460724166,0.5519649655482206,0.5605978176225241,0.6413847492188097,0.4558729860298295,0.5363567550536497,0.608896522221988
445,64,4,PX-004,lagged temporal recursion,0.6864743460724166,0.5519649655482206,0.5605978176225241,0.6353162023125544,0.48007147559621344,0.5363567550536497,0.608896522221988
446,64,5,PX-005,false signal injection,0.6864743460724166,0.5519649655482206,0.5605978176225241,0.6353162023125544,0.5119601888207683,0.5363567550536497,0.608896522221988
447,64,6,PX-006,signal to unstable utterance,0.6864743460724166,0.5519649655482206,0.5605978176225241,0.6353162023125544,0.5119601888207683,0.5363334295040486,0.627966732311968
448,64,7,PX-007,silence feedback reset,0.6219175505323764,0.5284390857340256,0.5605978176225241,0.6353162023125544,0.455849575382527,0.5363334295040486,0.6088864662122844
449,65,1,PX-001,amplify identity fracture,0.6736527616219281,0.5187863035083944,0.5605978176225241,0.6353162023125544,0.455849575382527,0.5363334295040486,0.6088864662122844
450,65,2,PX-002,fracture to access recursion,0.6736527616219281,0.5519367144549835,0.5605978176225241,0.6413546736258716,0.455849575382527,0.5363334295040486,0.6088864662122844
451,65,3,PX-003,negation to lock formation,0.6864585824111035,0.5519367144549835,0.5605694655098734,0.6413546736258716,0.455849575382527,0.5363334295040486,0.6088864662122844
452,65,4,PX-004,lagged temporal recursion,0.6864585824111035,0.5519367144549835,0.5605694655098734,0.6352888527396413,0.4800480643106386,0.5363334295040486,0.6088864662122844
453,65,5,PX-005,false signal injection,0.6864585824111035,0.5519367144549835,0.5605694655098734,0.6352888527396413,0.5119356342916872,0.5363334295040486,0.6088864662122844
454,65,6,PX-006,signal to unstable utterance,0.6864585824111035,0.5519367144549835,0.5605694655098734,0.6352888527396413,0.5119356342916872,0.5363091656230681,0.6279560278415456
455,65,7,PX-007,silence feedback reset,0.6219054304220657,0.5284125970179607,0.5605694655098734,0.6352888527396413,0.4558290435007505,0.5363091656230681,0.6088720168955276
456,66,1,PX-001,amplify identity fracture,0.6736425156910621,0.5187605277069809,0.5605694655098734,0.6352888527396413,0.4558290435007505,0.5363091656230681,0.6088720168955276
457,66,2,PX-002,fracture to access recursion,0.6736425156910621,0.5519134090492481,0.5605694655098734,0.6413275219177231,0.4558290435007505,0.5363091656230681,0.6088720168955276
458,66,3,PX-003,negation to lock formation,0.6864481474309981,0.5519134090492481,0.5605435912467887,0.6413275219177231,0.4558290435007505,0.5363091656230681,0.6088720168955276
459,66,4,PX-004,lagged temporal recursion,0.6864481474309981,0.5519134090492481,0.5605435912467887,0.635264760040921,0.4800275277478719,0.5363091656230681,0.6088720168955276
460,66,5,PX-005,false signal injection,0.6864481474309981,0.5519134090492481,0.5605435912467887,0.635264760040921,0.5119141258389838,0.5363091656230681,0.6088720168955276
461,66,6,PX-006,signal to unstable utterance,0.6864481474309981,0.5519134090492481,0.5605435912467887,0.635264760040921,0.5119141258389838,0.5362850734990136,0.6279411522591022
462,66,7,PX-007,silence feedback reset,0.621898227497826,0.528390953334461,0.5605435912467887,0.635264760040921,0.45581148653957304,0.5362850734990136,0.6088547154864139
463,67,1,PX-001,amplify identity fracture,0.673636875546217,0.5187395536277195,0.5605435912467887,0.635264760040921,0.45581148653957304,0.5362850734990136,0.6088547154864139
464,67,2,PX-002,fracture to access recursion,0.673636875546217,0.5518947734304329,0.5605435912467887,0.6413036242195004,0.45581148653957304,0.5362850734990136,0.6088547154864139
465,67,3,PX-003,negation to lock formation,0.6864422028971928,0.5518947734304329,0.5605205801888572,0.6413036242195004,0.45581148653957304,0.5362850734990136,0.6088547154864139
466,67,4,PX-004,lagged temporal recursion,0.6864422028971928,0.5518947734304329,0.5605205801888572,0.6352440651094988,0.4800099631829278,0.5362850734990136,0.6088547154864139
467,67,5,PX-005,false signal injection,0.6864422028971928,0.5518947734304329,0.5605205801888572,0.6352440651094988,0.5118957572812616,0.5362850734990136,0.6088547154864139
468,67,6,PX-006,signal to unstable utterance,0.6864422028971928,0.5518947734304329,0.5605205801888572,0.6352440651094988,0.5118957572812616,0.5362620020698273,0.6279236114528133
469,67,7,PX-007,silence feedback reset,0.621895078805252,0.5283738406092364,0.5605205801888572,0.6352440651094988,0.45579686893046734,0.5362620020698273,0.6088358545751802
470,68,1,PX-001,amplify identity fracture,0.6736349920699971,0.5187230524457616,0.5605205801888572,0.6352440651094988,0.45579686893046734,0.5362620020698273,0.6088358545751802
471,68,2,PX-002,fracture to access recursion,0.6736349920699971,0.5518804228630797,0.5605205801888572,0.6412831148971745,0.45579686893046734,0.5362620020698273,0.6088358545751802
472,68,3,PX-003,negation to lock formation,0.6864399374038181,0.5518804228630797,0.560500623652615,0.6412831148971745,0.45579686893046734,0.5362620020698273,0.6088358545751802
473,68,4,PX-004,lagged temporal recursion,0.6864399374038181,0.5518804228630797,0.560500623652615,0.6352267512117288,0.47999533601686584,0.5362620020698273,0.6088358545751802
474,68,5,PX-005,false signal injection,0.6864399374038181,0.5518804228630797,0.560500623652615,0.6352267512117288,0.5118804851566013,0.5362620020698273,0.6088358545751802
475,68,6,PX-006,signal to unstable utterance,0.6864399374038181,0.5518804228630797,0.560500623652615,0.6352267512117288,0.5118804851566013,0.5362405677702615,0.62790466391863
476,68,7,PX-007,silence feedback reset,0.6218951699907527,0.5283608498214645,0.560500623652615,0.6352267512117288,0.45578505493338456,0.5362405677702615,0.6088164875489039
477,69,1,PX-001,amplify identity fracture,0.6736360725270396,0.5187106059190648,0.560500623652615,0.6352267512117288,0.45578505493338456,0.5362405677702615,0.6088164875489039
478,69,2,PX-002,fracture to access recursion,0.6736360725270396,0.551869902946193,0.560500623652615,0.6412659725339133,0.45578505493338456,0.5362405677702615,0.6088164875489039
479,69,3,PX-003,negation to lock formation,0.6864405901288794,0.551869902946193,0.5604837564085168,0.6412659725339133,0.45578505493338456,0.5362405677702615,0.6088164875489039
480,69,4,PX-004,lagged temporal recursion,0.6864405901288794,0.551869902946193,0.5604837564085168,0.63521268078374,0.4799835113258684,0.5362405677702615,0.6088164875489039
481,69,5,PX-005,false signal injection,0.6864405901288794,0.551869902946193,0.5604837564085168,0.63521268078374,0.5118681618392721,0.5362405677702615,0.6088164875489039
482,69,6,PX-006,signal to unstable utterance,0.6864405901288794,0.551869902946193,0.5604837564085168,0.63521268078374,0.5118681618392721,0.5362211851763514,0.6278853311548238
483,69,7,PX-007,silence feedback reset,0.621897754157847,0.5283515138770014,0.5604837564085168,0.63521268078374,0.455775836631048,0.5362211851763514,0.6087974446678502
484,70,1,PX-001,amplify identity fracture,0.673639396847099,0.5187017423309602,0.5604837564085168,0.63521268078374,0.455775836631048,0.5362211851763514,0.6087974446678502
485,70,2,PX-002,fracture to access recursion,0.673639396847099,0.5518627223551918,0.5604837564085168,0.6412520564756402,0.455775836631048,0.5362211851763514,0.6087974446678502
486,70,3,PX-003,negation to lock formation,0.686443467272107,0.5518627223551918,0.5604698913371399,0.6412520564756402,0.455775836631048,0.5362211851763514,0.6087974446678502
487,70,4,PX-004,lagged temporal recursion,0.686443467272107,0.5518627223551918,0.5604698913371399,0.6352016282374945,0.47997428185991825,0.5362211851763514,0.6087974446678502
488,70,5,PX-005,false signal injection,0.686443467272107,0.5518627223551918,0.5604698913371399,0.6352016282374945,0.5118585648890909,0.5362211851763514,0.6087974446678502
489,70,6,PX-006,signal to unstable utterance,0.686443467272107,0.5518627223551918,0.5604698913371399,0.6352016282374945,0.5118585648890909,0.5362040980573806,0.6278664144054229
490,70,7,PX-007,silence feedback reset,0.6219021639125581,0.5283453381548835,0.5604698913371399,0.6352016282374945,0.45576895815393326,0.5362040980573806,0.6087793536754639
491,71,1,PX-001,amplify identity fracture,0.6736443274923056,0.5186959661505023,0.5604698913371399,0.6352016282374945,0.45576895815393326,0.5362040980573806,0.6087793536754639
492,71,2,PX-002,fracture to access recursion,0.6736443274923056,0.5518583794271072,0.5604698913371399,0.6412411393852496,0.45576895815393326,0.5362040980573806,0.6087793536754639
493,71,3,PX-003,negation to lock formation,0.686447952249842,0.5518583794271072,0.560458850622094,0.6412411393852496,0.45576895815393326,0.5362040980573806,0.6087793536754639
494,71,4,PX-004,lagged temporal recursion,0.686447952249842,0.5518583794271072,0.560458850622094,0.6351933084824939,0.4799673922773687,0.5362040980573806,0.6087793536754639
495,71,5,PX-005,false signal injection,0.686447952249842,0.5518583794271072,0.560458850622094,0.6351933084824939,0.5118514224190011,0.5362040980573806,0.6087793536754639
496,71,6,PX-006,signal to unstable utterance,0.686447952249842,0.5518583794271072,0.560458850622094,0.6351933084824939,0.5118514224190011,0.5361894095963307,0.6278485156777589
497,71,7,PX-007,silence feedback reset,0.6219078177169085,0.5283418250555248,0.560458850622094,0.6351933084824939,0.4557641361109987,0.5361894095963307,0.6087626631413077
498,72,1,PX-001,amplify identity fracture,0.6736503140178784,0.5186927817614326,0.560458850622094,0.6351933084824939,0.4557641361109987,0.5361894095963307,0.6087626631413077
499,72,2,PX-002,fracture to access recursion,0.6736503140178784,0.5518563830239364,0.560458850622094,0.6412329355210072,0.4557641361109987,0.5361894095963307,0.6087626631413077
500,72,3,PX-003,negation to lock formation,0.6864535107042219,0.5518563830239364,0.5604503931250165,0.6412329355210072,0.4557641361109987,0.5361894095963307,0.6087626631413077
501,72,4,PX-004,lagged temporal recursion,0.6864535107042219,0.5518563830239364,0.5604503931250165,0.6351874010948353,0.4799625595886367,0.5361894095963307,0.6087626631413077
502,72,5,PX-005,false signal injection,0.6864535107042219,0.5518563830239364,0.5604503931250165,0.6351874010948353,0.5118464344617932,0.5361894095963307,0.6087626631413077
503,72,6,PX-006,signal to unstable utterance,0.6864535107042219,0.5518563830239364,0.5604503931250165,0.6351874010948353,0.5118464344617932,0.5361771108554529,0.6278320612785931
504,72,7,PX-007,silence feedback reset,0.6219142216220519,0.5283404930240869,0.5604503931250165,0.6351874010948353,0.4557610763458838,0.5361771108554529,0.6087476670493871
505,73,1,PX-001,amplify identity fracture,0.6736568933762268,0.5186917117480029,0.5604503931250165,0.6351874010948353,0.4557610763458838,0.5361771108554529,0.6087476670493871
506,73,2,PX-002,fracture to access recursion,0.6736568933762268,0.5518562682195728,0.5604503931250165,0.641227124677774,0.4557610763458838,0.5361771108554529,0.6087476670493871
507,73,3,PX-003,negation to lock formation,0.6864596913321763,0.5518562682195728,0.5604442378103472,0.641227124677774,0.4557610763458838,0.5361771108554529,0.6087476670493871
508,73,4,PX-004,lagged temporal recursion,0.6864596913321763,0.5518562682195728,0.5604442378103472,0.6351835702415598,0.47995948992725695,0.5361771108554529,0.6087476670493871
509,73,5,PX-005,false signal injection,0.6864596913321763,0.5518562682195728,0.5604442378103472,0.6351835702415598,0.5118432904680661,0.5361771108554529,0.6087476670493871
510,73,6,PX-006,signal to unstable utterance,0.6864596913321763,0.5518562682195728,0.5604442378103472,0.6351835702415598,0.5118432904680661,0.536167106840579,0.6278173264236884
511,73,7,PX-007,silence feedback reset,0.6219209673767878,0.5283408906168475,0.5604442378103472,0.6351835702415598,0.4557594872454377,0.536167106840579,0.6087345294401143
512,74,1,PX-001,amplify identity fracture,0.6736636869300915,0.518692310313839,0.5604442378103472,0.6351835702415598,0.4557594872454377,0.536167106840579,0.6087345294401143
513,74,2,PX-002,fracture to access recursion,0.6736636869300915,0.5518576074208357,0.5604442378103472,0.641223371903789,0.4557594872454377,0.536167106840579,0.6087345294401143
514,74,3,PX-003,negation to lock formation,0.6864661234629094,0.5518576074208357,0.5604400832635731,0.641223371903789,0.4557594872454377,0.536167106840579,0.6087345294401143
515,74,4,PX-004,lagged temporal recursion,0.6864661234629094,0.5518576074208357,0.5604400832635731,0.6351814806000028,0.47995789187401405,0.536167106840579,0.6087345294401143
516,74,5,PX-005,false signal injection,0.6864661234629094,0.5518576074208357,0.5604400832635731,0.6351814806000028,0.5118416831792115,0.536167106840579,0.6087345294401143
517,74,6,PX-006,signal to unstable utterance,0.6864661234629094,0.5518576074208357,0.5604400832635731,0.6351814806000028,0.5118416831792115,0.5361592397548229,0.6278044597679042
518,74,7,PX-007,silence feedback reset,0.6219277278122675,0.5283426062302653,0.5604400832635731,0.6351814806000028,0.45575908990180736,0.5361592397548229,0.6087233081858148
519,75,1,PX-001,amplify identity fracture,0.6736703950399348,0.5186941724566653,0.5604400832635731,0.6351814806000028,0.45575908990180736,0.5361592397548229,0.6087233081858148
520,75,2,PX-002,fracture to access recursion,0.6736703950399348,0.5518600175608857,0.5604400832635731,0.6412213432356814,0.45575908990180736,0.5361592397548229,0.6087233081858148
521,75,3,PX-003,negation to lock formation,0.6864725122191958,0.5518600175608857,0.5604376234805257,0.6412213432356814,0.45575908990180736,0.5361592397548229,0.6087233081858148
522,75,4,PX-004,lagged temporal recursion,0.6864725122191958,0.5518600175608857,0.5604376234805257,0.6351808096045023,0.47995748663453164,0.5361592397548229,0.6087233081858148
523,75,5,PX-005,false signal injection,0.6864725122191958,0.5518600175608857,0.5604376234805257,0.6351808096045023,0.5118413191963915,0.5361592397548229,0.6087233081858148
524,75,6,PX-006,signal to unstable utterance,0.6864725122191958,0.5518600175608857,0.5604376234805257,0.6351808096045023,0.5118413191963915,0.5361533092299137,0.6277935069703985
525,75,7,PX-007,silence feedback reset,0.6219342502974703,0.5283452741297062,0.5604376234805257,0.6351808096045023,0.4557596254756956,0.5361533092299137,0.6087139772227556
526,76,1,PX-001,amplify identity fracture,0.6736767899815979,0.518696939534836,0.5604376234805257,0.6351808096045023,0.4557596254756956,0.5361533092299137,0.6087139772227556
527,76,2,PX-002,fracture to access recursion,0.6736767899815979,0.5518631640013063,0.5604376234805257,0.6412207177855039,0.4557596254756956,0.5361533092299137,0.6087139772227556
528,76,3,PX-003,negation to lock formation,0.6864786319951705,0.5518631640013063,0.5604365602018876,0.6412207177855039,0.4557596254756956,0.5361533092299137,0.6087139772227556
529,76,4,PX-004,lagged temporal recursion,0.6864786319951705,0.5518631640013063,0.5604365602018876,0.6351812564119325,0.47995801541732697,0.5361533092299137,0.6087139772227556
530,76,5,PX-005,false signal injection,0.6864786319951705,0.5518631640013063,0.5604365602018876,0.6351812564119325,0.5118419266142558,0.5361533092299137,0.6087139772227556
531,76,6,PX-006,signal to unstable utterance,0.6864786319951705,0.5518631640013063,0.5604365602018876,0.6351812564119325,0.5118419266142558,0.536149089483361,0.6277844326481807
532,76,7,PX-007,silence feedback reset,0.6219403489489382,0.5283485774047451,0.5604365602018876,0.6351812564119325,0.45576086013149975,0.536149089483361,0.6087064467748472
533,77,1,PX-001,amplify identity fracture,0.6736827078382984,0.5187003018484274,0.5604365602018876,0.6351812564119325,0.45576086013149975,0.536149089483361,0.6087064467748472
534,77,2,PX-002,fracture to access recursion,0.6736827078382984,0.5518667617542398,0.5604365602018876,0.6412211965714684,0.45576086013149975,0.536149089483361,0.6087064467748472
535,77,3,PX-003,negation to lock formation,0.6864843188772272,0.5518667617542398,0.5604366121313576,0.6412211965714684,0.45576086013149975,0.536149089483361,0.6087064467748472
536,77,4,PX-004,lagged temporal recursion,0.6864843188772272,0.5518667617542398,0.5604366121313576,0.6351825480086286,0.47995924438263865,0.536149089483361,0.6087064467748472
537,77,5,PX-005,false signal injection,0.6864843188772272,0.5518667617542398,0.5604366121313576,0.6351825480086286,0.5118432601114978,0.536149089483361,0.6087064467748472
538,77,6,PX-006,signal to unstable utterance,0.6864843188772272,0.5518667617542398,0.5604366121313576,0.6351825480086286,0.5118432601114978,0.5361463434747811,0.6277771402789653
539,77,7,PX-007,silence feedback reset,0.6219458961674855,0.528352248447232,0.5604366121313576,0.6351825480086286,0.4557625879193188,0.5361463434747811,0.6087005812847502
540,78,1,PX-001,amplify identity fracture,0.6736880399010738,0.518703998824644,0.5604366121313576,0.6351825480086286,0.4557625879193188,0.5361463434747811,0.6087005812847502
541,78,2,PX-002,fracture to access recursion,0.6736880399010738,0.5518705745943494,0.5604366121313576,0.6412225085142044,0.4557625879193188,0.5361463434747811,0.6087005812847502
542,78,3,PX-003,negation to lock formation,0.6864894625298423,0.5518705745943494,0.5604375214130112,0.6412225085142044,0.4557625879193188,0.5361463434747811,0.6087005812847502
543,78,4,PX-004,lagged temporal recursion,0.6864894625298423,0.5518705745943494,0.5604375214130112,0.63518444288966,0.47996096753677125,0.5361463434747811,0.6087005812847502
544,78,5,PX-005,false signal injection,0.6864894625298423,0.5518705745943494,0.5604375214130112,0.63518444288966,0.5118451038939968,0.5361463434747811,0.6087005812847502
545,78,6,PX-006,signal to unstable utterance,0.6864894625298423,0.5518705745943494,0.5604375214130112,0.63518444288966,0.5118451038939968,0.536144834228398,0.627771489790483
546,78,7,PX-007,silence feedback reset,0.6219508139681187,0.5283560675027454,0.5604375214130112,0.63518444288966,0.4557646319683956,0.536144834228398,0.6086962149177362
547,79,1,PX-001,amplify identity fracture,0.6736927240073756,0.5187078173502132,0.5604375214130112,0.63518444288966,0.4557646319683956,0.536144834228398,0.6086962149177362
548,79,2,PX-002,fracture to access recursion,0.6736927240073756,0.5518744125773797,0.5604375214130112,0.6412244140280408,0.4557646319683956,0.536144834228398,0.6086962149177362
549,79,3,PX-003,negation to lock formation,0.6864939979681608,0.5518744125773797,0.5604390577581406,0.6412244140280408,0.4557646319683956,0.536144834228398,0.6086962149177362
550,79,4,PX-004,lagged temporal recursion,0.6864939979681608,0.5518744125773797,0.5604390577581406,0.6351867327319781,0.47996300793639823,0.536144834228398,0.6086962149177362
551,79,5,PX-005,false signal injection,0.6864939979681608,0.5518744125773797,0.5604390577581406,0.6351867327319781,0.5118472728745902,0.536144834228398,0.6086962149177362
552,79,6,PX-006,signal to unstable utterance,0.6864939979681608,0.5518744125773797,0.5604390577581406,0.6351867327319781,0.5118472728745902,0.5361443335547882,0.6277673127189004
553,79,7,PX-007,silence feedback reset,0.6219550654701529,0.5283598597907114,0.5604390577581406,0.6351867327319781,0.45576684433516224,0.5361443335547882,0.6086931646239158
554,80,1,PX-001,amplify identity fracture,0.6736967361512353,0.5187115887372238,0.5604390577581406,0.6351867327319781,0.45576684433516224,0.5361443335547882,0.6086931646239158
555,80,2,PX-002,fracture to access recursion,0.6736967361512353,0.5518781284222463,0.5604390577581406,0.6412267066268825,0.45576684433516224,0.5361443335547882,0.6086931646239158
556,80,3,PX-003,negation to lock formation,0.686497897546594,0.5518781284222463,0.5604410206088783,0.6412267066268825,0.45576684433516224,0.5361443335547882,0.6086931646239158
557,80,4,PX-004,lagged temporal recursion,0.686497897546594,0.5518781284222463,0.5604410206088783,0.6351892424601727,0.4799652175459543,0.5361443335547882,0.6086931646239158
558,80,5,PX-005,false signal injection,0.686497897546594,0.5518781284222463,0.5604410206088783,0.6351892424601727,0.5118496124504072,0.5361443335547882,0.6086931646239158
559,80,6,PX-006,signal to unstable utterance,0.686497897546594,0.5518781284222463,0.5604410206088783,0.6351892424601727,0.5118496124504072,0.5361446284472445,0.6277644249354382
560,80,7,PX-007,silence feedback reset,0.62195864682447,0.5283634916276108,0.5604410206088783,0.6351892424601727,0.45576910481995797,0.5361446284472445,0.6086912408376677
561,81,1,PX-001,amplify identity fracture,0.6737000826119433,0.5187151847476468,0.5604410206088783,0.6351892424601727,0.45576910481995797,0.5361446284472445,0.6086912408376677
562,81,2,PX-002,fracture to access recursion,0.6737000826119433,0.551881613150661,0.5604410206088783,0.6412292129411465,0.45576910481995797,0.5361446284472445,0.6086912408376677
563,81,3,PX-003,negation to lock formation,0.6865011634091932,0.551881613150661,0.5604432397093525,0.6412292129411465,0.45576910481995797,0.5361446284472445,0.6086912408376677
564,81,4,PX-004,lagged temporal recursion,0.6865011634091932,0.551881613150661,0.5604432397093525,0.6351918290713094,0.47996747606221485,0.5361446284472445,0.6086912408376677
565,81,5,PX-005,false signal injection,0.6865011634091932,0.551881613150661,0.5604432397093525,0.6351918290713094,0.5118519972076047,0.5361446284472445,0.6086912408376677
566,81,6,PX-006,signal to unstable utterance,0.6865011634091932,0.551881613150661,0.5604432397093525,0.6351918290713094,0.5118519972076047,0.5361455254506148,0.6277626370300773
567,81,7,PX-007,silence feedback reset,0.6219615797752519,0.528366865924801,0.5604432397093525,0.6351918290713094,0.4557713190325072,0.5361455254506148,0.6086902559620548
568,82,1,PX-001,amplify identity fracture,0.6737027927724254,0.5187185130389519,0.5604432397093525,0.6351918290713094,0.4557713190325072,0.5361455254506148,0.6086902559620548
569,82,2,PX-002,fracture to access recursion,0.6737027927724254,0.5518847913152989,0.5604432397093525,0.6412317915098024,0.4557713190325072,0.5361455254506148,0.6086902559620548
570,82,3,PX-003,negation to lock formation,0.6865038205741657,0.5518847913152989,0.5604455744287264,0.6412317915098024,0.4557713190325072,0.5361455254506148,0.6086902559620548
571,82,4,PX-004,lagged temporal recursion,0.6865038205741657,0.5518847913152989,0.5604455744287264,0.6351943795469612,0.4799696889862238,0.5361455254506148,0.6086902559620548
572,82,5,PX-005,false signal injection,0.6865038205741657,0.5518847913152989,0.5604455744287264,0.6351943795469612,0.51185432884725,0.5361455254506148,0.6086902559620548
573,82,6,PX-006,signal to unstable utterance,0.6865038205741657,0.5518847913152989,0.5604455744287264,0.6351943795469612,0.51185432884725,0.5361468533068268,0.6277617625071722
574,82,7,PX-007,silence feedback reset,0.6219639049848772,0.5283699173703331,0.5604455744287264,0.6351943795469612,0.45577341594973725,0.5361468533068268,0.6086900308337173
575,83,1,PX-001,amplify identity fracture,0.6737049127338213,0.5187215123314605,0.5604455744287264,0.6351943795469612,0.45577341594973725,0.5361468533068268,0.6086900308337173
576,83,2,PX-002,fracture to access recursion,0.6737049127338213,0.5518876160867696,0.5604455744287264,0.6412343306731677,0.45577341594973725,0.5361468533068268,0.6086900308337173
577,83,3,PX-003,negation to lock formation,0.6865059107619824,0.5518876160867696,0.5604479121474584,0.6412343306731677,0.45577341594973725,0.5361468533068268,0.6086900308337173
578,83,4,PX-004,lagged temporal recursion,0.6865059107619824,0.5518876160867696,0.5604479121474584,0.6351968081388957,0.47997178518625155,0.5361468533068268,0.6086900308337173
579,83,5,PX-005,false signal injection,0.6865059107619824,0.5518876160867696,0.5604479121474584,0.6351968081388957,0.511856533587449,0.5361468533068268,0.6086900308337173
580,83,6,PX-006,signal to unstable utterance,0.6865059107619824,0.5518876160867696,0.5604479121474584,0.6351968081388957,0.511856533587449,0.5361484641750148,0.6277616239929082
581,83,7,PX-007,silence feedback reset,0.6219656761930143,0.5283726075448443,0.5604479121474584,0.6351968081388957,0.45577534517239376,0.5361484641750148,0.608690399393307
582,84,1,PX-001,amplify identity fracture,0.6737064997789832,0.5187241475393957,0.5604479121474584,0.6351968081388957,0.45577534517239376,0.5361484641750148,0.608690399393307
583,84,2,PX-002,fracture to access recursion,0.6737064997789832,0.5518900644128791,0.5604479121474584,0.6412367458505231,0.45577534517239376,0.5361484641750148,0.608690399393307
584,84,3,PX-003,negation to lock formation,0.6865074870240053,0.5518900644128791,0.5604501659812089,0.6412367458505231,0.45577534517239376,0.5361484641750148,0.608690399393307
585,84,4,PX-004,lagged temporal recursion,0.6865074870240053,0.5518900644128791,0.5604501659812089,0.6351990532722317,0.4799737141583669,0.5361484641750148,0.608690399393307
586,84,5,PX-005,false signal injection,0.6865074870240053,0.5518900644128791,0.5604501659812089,0.6351990532722317,0.5118585592576351,0.5361484641750148,0.608690399393307
587,84,6,PX-006,signal to unstable utterance,0.6865074870240053,0.5518900644128791,0.5604501659812089,0.6351990532722317,0.5118585592576351,0.536150233708337,0.6277620576819539
588,84,7,PX-007,silence feedback reset,0.6219669552338848,0.5283749201666894,0.5604501659812089,0.6351990532722317,0.4557770740506884,0.536150233708337,0.6086912118010305
589,85,1,PX-001,amplify identity fracture,0.6737076176942266,0.5187264050534434,0.5604501659812089,0.6351990532722317,0.4557770740506884,0.536150233708337,0.6086912118010305
590,85,2,PX-002,fracture to access recursion,0.6737076176942266,0.551892132412047,0.5604501659812089,0.6412389764440973,0.4557770740506884,0.536150233708337,0.6086912118010305
591,85,3,PX-003,negation to lock formation,0.6865086091859839,0.551892132412047,0.5604522720782757,0.6412389764440973,0.4557770740506884,0.536150233708337,0.6086912118010305
592,85,4,PX-004,lagged temporal recursion,0.6865086091859839,0.551892132412047,0.5604522720782757,0.6352010742680283,0.47997544315498886,0.536150233708337,0.6086912118010305
593,85,5,PX-005,false signal injection,0.6865086091859839,0.551892132412047,0.5604522720782757,0.6352010742680283,0.5118603722627709,0.536150233708337,0.6086912118010305
594,85,6,PX-006,signal to unstable utterance,0.6865086091859839,0.551892132412047,0.5604522720782757,0.6352010742680283,0.5118603722627709,0.5361520602469929,0.6277629162634023
595,85,7,PX-007,silence feedback reset,0.6219678078985231,0.5283768566119518,0.5604522720782757,0.6352010742680283,0.4557785848150086,0.5361520602469929,0.608692336239218
596,86,1,PX-001,amplify identity fracture,0.6737083329248815,0.5187282883139759,0.5604522720782757,0.6352010742680283,0.4557785848150086,0.5361520602469929,0.608692336239218
597,86,2,PX-002,fracture to access recursion,0.6737083329248815,0.5518938311169829,0.5604522720782757,0.6412409825693156,0.4557785848150086,0.5361520602469929,0.608692336239218
598,86,3,PX-003,negation to lock formation,0.6865093400874385,0.5518938311169829,0.5604541866880394,0.6412409825693156,0.4557785848150086,0.5361520602469929,0.608692336239218
599,86,4,PX-004,lagged temporal recursion,0.6865093400874385,0.5518938311169829,0.5604541866880394,0.6352028480475795,0.47997695431758797,0.5361520602469929,0.608692336239218
600,86,5,PX-005,false signal injection,0.6865093400874385,0.5518938311169829,0.5604541866880394,0.6352028480475795,0.5118619545592411,0.5361520602469929,0.608692336239218
601,86,6,PX-006,signal to unstable utterance,0.6865093400874385,0.5518938311169829,0.5604541866880394,0.6352028480475795,0.5118619545592411,0.536153863359987,0.6277640705670755
602,86,7,PX-007,silence feedback reset,0.621968300600714,0.5283784318114353,0.5604541866880394,0.6352028480475795,0.4557798718163348,0.536153863359987,0.6086936596367406
603,87,1,PX-001,amplify identity fracture,0.6737087115150602,0.5187298137714625,0.5604541866880394,0.6352028480475795,0.4557798718163348,0.536153863359987,0.6086936596367406
604,87,2,PX-002,fracture to access recursion,0.6737087115150602,0.5518951826451842,0.5604541866880394,0.6412427417717362,0.4557798718163348,0.536153863359987,0.6086936596367406
605,87,3,PX-003,negation to lock formation,0.6865097425729507,0.5518951826451842,0.5604558831610362,0.6412427417717362,0.4557798718163348,0.536153863359987,0.6086936596367406
606,87,4,PX-004,lagged temporal recursion,0.6865097425729507,0.5518951826451842,0.5604558831610362,0.6352043659441237,0.4799782419183202,0.536153863359987,0.6086936596367406
607,87,5,PX-005,false signal injection,0.6865097425729507,0.5518951826451842,0.5604558831610362,0.6352043659441237,0.5118633007512688,0.536153863359987,0.6086936596367406
608,87,6,PX-006,signal to unstable utterance,0.6865097425729507,0.5518951826451842,0.5604558831610362,0.6352043659441237,0.5118633007512688,0.5361555819388367,0.6277654101631321
609,87,7,PX-007,silence feedback reset,0.6219684977851274,0.5283796705894221,0.5604558831610362,0.6352043659441237,0.45578093895296534,0.5361555819388367,0.6086950875359652
610,88,1,PX-001,amplify identity fracture,0.6737088167645188,0.5187310072941725,0.5604558831610362,0.6352043659441237,0.45578093895296534,0.5361555819388367,0.6086950875359652
611,88,2,PX-002,fracture to access recursion,0.6737088167645188,0.5518962168395187,0.5604558831610362,0.641244245854774,0.45578093895296534,0.5361555819388367,0.6086950875359652
612,88,3,PX-003,negation to lock formation,0.6865098771737537,0.5518962168395187,0.5604573490069478,0.641244245854774,0.45578093895296534,0.5361555819388367,0.6086950875359652
613,88,4,PX-004,lagged temporal recursion,0.6865098771737537,0.5518962168395187,0.5604573490069478,0.6352056307148701,0.4799793097873259,0.5361555819388367,0.6086950875359652
614,88,5,PX-005,false signal injection,0.6865098771737537,0.5518962168395187,0.5604573490069478,0.6352056307148701,0.5118644153872725,0.5361555819388367,0.6086950875359652
615,88,6,PX-006,signal to unstable utterance,0.6865098771737537,0.5518962168395187,0.5604573490069478,0.6352056307148701,0.5118644153872725,0.5361571720163187,0.6277668431330635
616,88,7,PX-007,silence feedback reset,0.6219684600029043,0.528380604477828,0.5604573490069478,0.6352056307148701,0.4557817973356998,0.5361571720163187,0.6086965433039203
617,89,1,PX-001,amplify identity fracture,0.6737087075244506,0.5187319010529933,0.5604573490069478,0.6352056307148701,0.4557817973356998,0.5361571720163187,0.6086965433039203
618,89,2,PX-002,fracture to access recursion,0.6737087075244506,0.5518969683948914,0.5604573490069478,0.6412454979097498,0.4557817973356998,0.5361571720163187,0.6086965433039203
619,89,3,PX-003,negation to lock formation,0.6865098004066904,0.5518969683948914,0.5604585831056836,0.6412454979097498,0.4557817973356998,0.5361571720163187,0.6086965433039203
620,89,4,PX-004,lagged temporal recursion,0.6865098004066904,0.5518969683948914,0.5604585831056836,0.6352066538175385,0.47998016897796875,0.5361571720163187,0.6086965433039203
621,89,5,PX-005,false signal injection,0.6865098004066904,0.5518969683948914,0.5604585831056836,0.6352066538175385,0.5118653105099861,0.5361571720163187,0.6086965433039203
622,89,6,PX-006,signal to unstable utterance,0.6865098004066904,0.5518969683948914,0.5604585831056836,0.6352066538175385,0.5118653105099861,0.5361586044537736,0.6277682952106743
623,89,7,PX-007,silence feedback reset,0.6219682425724782,0.5283812690141397,0.5604585831056836,0.6352066538175385,0.4557824632228719,0.5361586044537736,0.6086979668672474
624,90,1,PX-001,amplify identity fracture,0.6737084370484213,0.5187325308887505,0.5604585831056836,0.6352066538175385,0.4557824632228719,0.5361586044537736,0.6086979668672474
625,90,2,PX-002,fracture to access recursion,0.6737084370484213,0.5518974744654059,0.5604585831056836,0.641246509611335,0.4557824632228719,0.5361586044537736,0.6086979668672474
626,90,3,PX-003,negation to lock formation,0.6865095636115842,0.5518974744654059,0.5604595931392555,0.641246509611335,0.4557824632228719,0.5361586044537736,0.6086979668672474
627,90,4,PX-004,lagged temporal recursion,0.6865095636115842,0.5518974744654059,0.5604595931392555,0.6352074529911239,0.4799808357015231,0.5361586044537736,0.6086979668672474
628,90,5,PX-005,false signal injection,0.6865095636115842,0.5518974744654059,0.5604595931392555,0.6352074529911239,0.5118660034924578,0.5361586044537736,0.6086979668672474
629,90,6,PX-006,signal to unstable utterance,0.6865095636115842,0.5518974744654059,0.5604595931392555,0.6352074529911239,0.5118660034924578,0.5361598626123986,0.6277697084693056
630,90,7,PX-007,silence feedback reset,0.6219678947407056,0.5283817015117577,0.5604595931392555,0.6352074529911239,0.4557829562394638,0.5361598626123986,0.6086993131268708
631,91,1,PX-001,amplify identity fracture,0.6737080523134187,0.5187329341483873,0.5604595931392555,0.6352074529911239,0.4557829562394638,0.5361598626123986,0.6086993131268708
632,91,2,PX-002,fracture to access recursion,0.6737080523134187,0.5518977727299887,0.5604595931392555,0.6412472988172049,0.4557829562394638,0.5361598626123986,0.6086993131268708
633,91,3,PX-003,negation to lock formation,0.6865092122463283,0.5518977727299887,0.5604603932884639,0.6412472988172049,0.4557829562394638,0.5361598626123986,0.6086993131268708
634,91,4,PX-004,lagged temporal recursion,0.6865092122463283,0.5518977727299887,0.5604603932884639,0.6352080501602699,0.47998132954564193,0.5361598626123986,0.6086993131268708
635,91,5,PX-005,false signal injection,0.6865092122463283,0.5518977727299887,0.5604603932884639,0.6352080501602699,0.511866515174125,0.5361598626123986,0.6086993131268708
636,91,6,PX-006,signal to unstable utterance,0.6865092122463283,0.5518977727299887,0.5604603932884639,0.6352080501602699,0.511866515174125,0.5361609400980674,0.6277710397078399
637,91,7,PX-007,silence feedback reset,0.6219674592604127,0.5283819392765507,0.5604603932884639,0.6352080501602699,0.45578329788078725,0.5361609400980674,0.608700550184342
638,92,1,PX-001,amplify identity fracture,0.6737075937281591,0.5187331479621976,0.5604603932884639,0.6352080501602699,0.45578329788078725,0.5361609400980674,0.608700550184342
639,92,2,PX-002,fracture to access recursion,0.6737075937281591,0.5518978998825967,0.5604603932884639,0.6412478874905887,0.45578329788078725,0.5361609400980674,0.608700550184342
640,92,3,PX-003,negation to lock formation,0.6865087855606385,0.5518978998825967,0.560461002218556,0.6412478874905887,0.45578329788078725,0.5361609400980674,0.608700550184342
641,92,4,PX-004,lagged temporal recursion,0.6865087855606385,0.5518978998825967,0.560461002218556,0.6352084696662516,0.47998167197718444,0.5361609400980674,0.608700550184342
642,92,5,PX-005,false signal injection,0.6865087855606385,0.5518978998825967,0.560461002218556,0.6352084696662516,0.5118668682968387,0.5361609400980674,0.608700550184342
643,92,6,PX-006,signal to unstable utterance,0.6865087855606385,0.5518978998825967,0.560461002218556,0.6352084696662516,0.5118668682968387,0.5361618386459563,0.6277722586641354
644,92,7,PX-007,silence feedback reset,0.6219669723043636,0.5283820182329902,0.560461002218556,0.6352084696662516,0.4557835102906081,0.5361618386459563,0.6087016574884844
645,93,1,PX-001,amplify identity fracture,0.6737070951505336,0.5187332079244243,0.560461002218556,0.6352084696662516,0.4557835102906081,0.5361618386459563,0.6087016574884844
646,93,2,PX-002,fracture to access recursion,0.6737070951505336,0.5518978905052417,0.560461002218556,0.6412482999482128,0.4557835102906081,0.5361618386459563,0.6087016574884844
647,93,3,PX-003,negation to lock formation,0.6865083165735981,0.5518978905052417,0.5604614413618132,0.6412482999482128,0.4557835102906081,0.5361618386459563,0.6087016574884844
648,93,4,PX-004,lagged temporal recursion,0.6865083165735981,0.5518978905052417,0.5604614413618132,0.6352087368148404,0.47998188511935574,0.5361618386459563,0.6087016574884844
649,93,5,PX-005,false signal injection,0.6865083165735981,0.5518978905052417,0.5604614413618132,0.6352087368148404,0.5118670862296747,0.5361618386459563,0.6087016574884844
650,93,6,PX-006,signal to unstable utterance,0.6865083165735981,0.5518978905052417,0.5604614413618132,0.6352087368148404,0.5118670862296747,0.5361625661908926,0.6277733461613708
651,93,7,PX-007,silence feedback reset,0.6219664636416102,0.5283819719165257,0.5604614413618132,0.6352087368148404,0.4557836152957886,0.5361625661908926,0.6087026239889666
652,94,1,PX-001,amplify identity fracture,0.6737065841426016,0.5187331471333041,0.5604614413618132,0.6352087368148404,0.4557836152957886,0.5361625661908926,0.6087026239889666
653,94,2,PX-002,fracture to access recursion,0.6737065841426016,0.5518977762775347,0.5604614413618132,0.6412485614235612,0.4557836152957886,0.5361625661908926,0.6087026239889666
654,94,3,PX-003,negation to lock formation,0.6865078322860999,0.5518977762775347,0.560461733492252,0.6412485614235612,0.4557836152957886,0.5361625661908926,0.6087026239889666
655,94,4,PX-004,lagged temporal recursion,0.6865078322860999,0.5518977762775347,0.560461733492252,0.6352088767218702,0.47998199078530057,0.5361625661908926,0.6087026239889666
656,94,5,PX-005,false signal injection,0.6865078322860999,0.5518977762775347,0.560461733492252,0.6352088767218702,0.5118671919632802,0.5361625661908926,0.6087026239889666
657,94,6,PX-006,signal to unstable utterance,0.6865078322860999,0.5518977762775347,0.560461733492252,0.6352088767218702,0.5118671919632802,0.5361631351519547,0.6277742922710515
658,94,7,PX-007,silence feedback reset,0.6219659570094995,0.5283818307853081,0.560461733492252,0.6352088767218702,0.45578363367417624,0.5361631351519547,0.608703446363304
659,95,1,PX-001,amplify identity fracture,0.6737060823992107,0.518732995543465,0.560461733492252,0.6352088767218702,0.45578363367417624,0.5361631351519547,0.608703446363304
660,95,2,PX-002,fracture to access recursion,0.6737060823992107,0.5518975854746657,0.560461733492252,0.6412486969260639,0.45578363367417624,0.5361631351519547,0.608703446363304
661,95,3,PX-003,negation to lock formation,0.6865073540664408,0.5518975854746657,0.5604619015779557,0.6412486969260639,0.45578363367417624,0.5361631351519547,0.608703446363304
662,95,4,PX-004,lagged temporal recursion,0.6865073540664408,0.5518975854746657,0.5604619015779557,0.6352089134307496,0.47998200974493027,0.5361631351519547,0.608703446363304
663,95,5,PX-005,false signal injection,0.6865073540664408,0.5518975854746657,0.5604619015779557,0.6352089134307496,0.5118672073489786,0.5361631351519547,0.608703446363304
664,95,6,PX-006,signal to unstable utterance,0.6865073540664408,0.5518975854746657,0.5604619015779557,0.6352089134307496,0.5118672073489786,0.5361635609454084,0.6277750945565935
665,95,7,PX-007,silence feedback reset,0.6219654706227125,0.5283816218033498,0.5604619015779557,0.6352089134307496,0.45578358462920204,0.5361635609454084,0.6087041273658148
666,96,1,PX-001,amplify identity fracture,0.6737056062945889,0.5187327795828716,0.5604619015779557,0.6352089134307496,0.45578358462920204,0.5361635609454084,0.6087041273658148
667,96,2,PX-002,fracture to access recursion,0.6737056062945889,0.5518973427061353,0.5604619015779557,0.6412487303703632,0.45578358462920204,0.5361635609454084,0.6087041273658148
668,96,3,PX-003,negation to lock formation,0.6865068981551133,0.5518973427061353,0.5604619678896404,0.6412487303703632,0.45578358462920204,0.5361635609454084,0.6087041273658148
669,96,4,PX-004,lagged temporal recursion,0.6865068981551133,0.5518973427061353,0.5604619678896404,0.6352088692720479,0.47998196119849007,0.5361635609454084,0.6087041273658148
670,96,5,PX-005,false signal injection,0.6865068981551133,0.5518973427061353,0.5604619678896404,0.6352088692720479,0.5118671525545195,0.5361635609454084,0.6087041273658148
671,96,6,PX-006,signal to unstable utterance,0.6865068981551133,0.5518973427061353,0.5604619678896404,0.6352088692720479,0.5118671525545195,0.5361638607284098,0.6277757564437579
672,96,7,PX-007,silence feedback reset,0.621965017769115,0.5283813682481933,0.5604619678896404,0.6352088692720479,0.4557834854431223,0.5361638607284098,0.6087046743314221
673,97,1,PX-001,amplify identity fracture,0.6737051674996809,0.518732521987724,0.5604619678896404,0.6352088692720479,0.4557834854431223,0.5361638607284098,0.6087046743314221
674,97,2,PX-002,fracture to access recursion,0.6737051674996809,0.5518970688496145,0.5604619678896404,0.6412486839457807,0.4557834854431223,0.5361638607284098,0.6087046743314221
675,97,3,PX-003,negation to lock formation,0.6865064762428214,0.5518970688496145,0.5604619533395202,0.6412486839457807,0.4557834854431223,0.5361638607284098,0.6087046743314221
676,97,4,PX-004,lagged temporal recursion,0.6865064762428214,0.5518970688496145,0.5604619533395202,0.6352087644332133,0.47998186242883,0.5361638607284098,0.6087046743314221
677,97,5,PX-005,false signal injection,0.6865064762428214,0.5518970688496145,0.5604619533395202,0.6352087644332133,0.5118670457068182,0.5361638607284098,0.6087046743314221
678,97,6,PX-006,signal to unstable utterance,0.6865064762428214,0.5518970688496145,0.5604619533395202,0.6352087644332133,0.5118670457068182,0.5361640523668376,0.6277762857489122
679,97,7,PX-007,silence feedback reset,0.6219646074505241,0.5283810896986562,0.5604619533395202,0.6352087644332133,0.45578335128068687,0.5361640523668376,0.6087050978539362
680,98,1,PX-001,amplify identity fracture,0.6737047736312265,0.5187322418113804,0.5604619533395202,0.6352087644332133,0.45578335128068687,0.5361640523668376,0.6087050978539362
681,98,2,PX-002,fracture to access recursion,0.6737047736312265,0.551896781137593,0.5604619533395202,0.6412485776941087,0.45578335128068687,0.5361640523668376,0.6087050978539362
682,98,3,PX-003,negation to lock formation,0.6865060960836037,0.551896781137593,0.5604618770219959,0.6412485776941087,0.45578335128068687,0.5361640523668376,0.6087050978539362
683,98,4,PX-004,lagged temporal recursion,0.6865060960836037,0.551896781137593,0.5604618770219959,0.6352086167060637,0.4799817286041852,0.5361640523668376,0.6087050978539362
684,98,5,PX-005,false signal injection,0.6865060960836037,0.551896781137593,0.5604618770219959,0.6352086167060637,0.5118669026919433,0.5361640523668376,0.6087050978539362
685,98,6,PX-006,signal to unstable utterance,0.6865060960836037,0.551896781137593,0.5604618770219959,0.6352086167060637,0.5118669026919433,0.5361641536138773,0.6277766933831659
686,98,7,PX-007,silence feedback reset,0.621964245034452,0.5283808021617751,0.5604618770219959,0.6352086167060637,0.455783195115949,0.5361641536138773,0.6087054106475108
687,99,1,PX-001,amplify identity fracture,0.6737044289013626,0.5187319545670307,0.5604618770219959,0.6352086167060637,0.455783195115949,0.5361641536138773,0.6087054106475108
688,99,2,PX-002,fracture to access recursion,0.6737044289013626,0.5518964933585497,0.5604618770219959,0.6412484292634838,0.455783195115949,0.5361641536138773,0.6087054106475108
689,99,3,PX-003,negation to lock formation,0.6865057621123979,0.5518964933585497,0.5604617559267858,0.6412484292634838,0.455783195115949,0.5361641536138773,0.6087054106475108
690,99,4,PX-004,lagged temporal recursion,0.6865057621123979,0.5518964933585497,0.5604617559267858,0.6352084413805605,0.47998157270419445,0.5361641536138773,0.6087054106475108
691,99,5,PX-005,false signal injection,0.6865057621123979,0.5518964933585497,0.5604617559267858,0.6352084413805605,0.5118667370836372,0.5361641536138773,0.6087054106475108
692,99,6,PX-006,signal to unstable utterance,0.6865057621123979,0.5518964933585497,0.5604617559267858,0.6352084413805605,0.5118667370836372,0.5361641814812775,0.6277769922397995
693,99,7,PX-007,silence feedback reset,0.621963932890279,0.528380518302318,0.5604617559267858,0.6352084413805605,0.45578302775665186,0.5361641814812775,0.6087056265912153
694,100,1,PX-001,amplify identity fracture,0.6737041347436773,0.518731672468164,0.5604617559267858,0.6352084413805605,0.45578302775665186,0.5361641814812775,0.6087056265912153
695,100,2,PX-002,fracture to access recursion,0.6737041347436773,0.5518962161389473,0.5604617559267858,0.6412482538070055,0.45578302775665186,0.5361641814812775,0.6087056265912153
696,100,3,PX-003,negation to lock formation,0.686505476043256,0.5518962161389473,0.5604616047954993,0.6412482538070055,0.45578302775665186,0.5361641814812775,0.6087056265912153
697,100,4,PX-004,lagged temporal recursion,0.686505476043256,0.5518962161389473,0.5604616047954993,0.635208251255212,0.4799814055435991,0.5361641814812775,0.6087056265912153
698,100,5,PX-005,false signal injection,0.686505476043256,0.5518962161389473,0.5604616047954993,0.635208251255212,0.5118665601735042,0.5361641814812775,0.6087056265912153
699,100,6,PX-006,signal to unstable utterance,0.686505476043256,0.5518962161389473,0.5604616047954993,0.635208251255212,0.5118665601735042,0.5361641517822449,0.6277771962639446
700,100,7,PX-007,silence feedback reset,0.6219636709899694,0.5283802477428631,0.5604616047954993,0.635208251255212,0.45578285794289797,0.5361641517822449,0.6087057599499271
701,101,1,PX-001,amplify identity fracture,0.6737038903980342,0.5187314047355176,0.5604616047954993,0.635208251255212,0.45578285794289797,0.5361641517822449,0.6087057599499271
702,101,2,PX-002,fracture to access recursion,0.6737038903980342,0.5518959572770987,0.5604616047954993,0.6412480639966207,0.45578285794289797,0.5361641517822449,0.6087057599499271
703,101,3,PX-003,negation to lock formation,0.686505237430593,0.5518959572770987,0.560461436094022,0.6412480639966207,0.45578285794289797,0.5361641517822449,0.6087057599499271
704,101,4,PX-004,lagged temporal recursion,0.686505237430593,0.5518959572770987,0.560461436094022,0.6352080567369542,0.47998123587033015,0.5361641517822449,0.6087057599499271
705,101,5,PX-005,false signal injection,0.686505237430593,0.5518959572770987,0.560461436094022,0.6352080567369542,0.5118663810784205,0.5361641517822449,0.6087057599499271
706,101,6,PX-006,signal to unstable utterance,0.686505237430593,0.5518959572770987,0.560461436094022,0.6352080567369542,0.5118663810784205,0.5361640788234378,0.6277773196969898
707,101,7,PX-007,silence feedback reset,0.6219634574593188,0.5283799974071816,0.560461436094022,0.6352080567369542,0.4557826924994121,0.5361640788234378,0.6087058247598074
708,102,1,PX-001,amplify identity fracture,0.673703693442065,0.5187311579439319,0.560461436094022,0.6352080567369542,0.4557826924994121,0.5361640788234378,0.6087058247598074
709,102,2,PX-002,fracture to access recursion,0.673703693442065,0.5518957221046934,0.560461436094022,0.6412478701253083,0.4557826924994121,0.5361640788234378,0.6087058247598074
710,102,3,PX-003,negation to lock formation,0.686505044181258,0.5518957221046934,0.5604612600751504,0.6412478701253083,0.4557826924994121,0.5361640788234378,0.6087058247598074
711,102,4,PX-004,lagged temporal recursion,0.686505044181258,0.5518957221046934,0.5604612600751504,0.6352078660062929,0.47998107051729183,0.5361640788234378,0.6087058247598074
712,102,5,PX-005,false signal injection,0.686505044181258,0.5518957221046934,0.5604612600751504,0.6352078660062929,0.5118662069034803,0.5361640788234378,0.6087058247598074
713,102,6,PX-006,signal to unstable utterance,0.686505044181258,0.5518957221046934,0.5604612600751504,0.6352078660062929,0.5118662069034803,0.536163975223201,0.6277773764834762
714,102,7,PX-007,silence feedback reset,0.6219632890707598,0.5283797718843265,0.5604612600751504,0.6352078660062929,0.45578253652348455,0.536163975223201,0.6087058343632441
715,103,1,PX-001,amplify identity fracture,0.6737035402619741,0.5187309363871612,0.5604612600751504,0.6352078660062929,0.45578253652348455,0.536163975223201,0.6087058343632441
716,103,2,PX-002,fracture to access recursion,0.6737035402619741,0.5518955138563023,0.5604612600751504,0.6412476802735287,0.45578253652348455,0.536163975223201,0.6087058343632441
717,103,3,PX-003,negation to lock formation,0.6865048930098334,0.5518955138563023,0.5604610849084551,0.6412476802735287,0.45578253652348455,0.536163975223201,0.6087058343632441
718,103,4,PX-004,lagged temporal recursion,0.6865048930098334,0.5518955138563023,0.5604610849084551,0.635207685226638,0.47998091458992265,0.536163975223201,0.6087058343632441
719,103,5,PX-005,false signal injection,0.6865048930098334,0.5518955138563023,0.5604610849084551,0.635207685226638,0.511866042941725,0.536163975223201,0.6087058343632441
720,103,6,PX-006,signal to unstable utterance,0.6865048930098334,0.5518955138563023,0.5604610849084551,0.635207685226638,0.511866042941725,0.5361638518337678,0.6277773798250568
721,103,7,PX-007,silence feedback reset,0.6219631616729699,0.5283795737952475,0.5604610849084551,0.635207685226638,0.4557823935934748,0.5361638518337678,0.6087058010761099
722,104,1,PX-001,amplify identity fracture,0.6737034264592223,0.5187307424430687,0.5604610849084551,0.635207685226638,0.4557823935934748,0.5361638518337678,0.6087058010761099
723,104,2,PX-002,fracture to access recursion,0.6737034264592223,0.5518953340314057,0.5604610849084551,0.641247500519056,0.4557823935934748,0.5361638518337678,0.6087058010761099
724,104,3,PX-003,negation to lock formation,0.6865047798334032,0.5518953340314057,0.5604609168571542,0.641247500519056,0.4557823935934748,0.5361638518337678,0.6087058010761099
725,104,4,PX-004,lagged temporal recursion,0.6865047798334032,0.5518953340314057,0.5604609168571542,0.6352075187799717,0.4799807716744053,0.5361638518337678,0.6087058010761099
726,104,5,PX-005,false signal injection,0.6865047798334032,0.5518953340314057,0.5604609168571542,0.6352075187799717,0.5118658928948483,0.5361638518337678,0.6087058010761099
727,104,6,PX-006,signal to unstable utterance,0.6865047798334032,0.5518953340314057,0.5604609168571542,0.6352075187799717,0.5118658928948483,0.5361637177464378,0.6277773418642149
728,104,7,PX-007,silence feedback reset,0.6219630705559431,0.5283794041478356,0.5604609168571542,0.6352075187799717,0.45578226598546884,0.5361637177464378,0.6087057359692343
729,105,1,PX-001,amplify identity fracture,0.6737033471928124,0.5187305769256517,0.5604609168571542,0.6352075187799717,0.45578226598546884,0.5361637177464378,0.6087057359692343
730,105,2,PX-002,fracture to access recursion,0.6737033471928124,0.5518951827373118,0.5604609168571542,0.6412473351724954,0.45578226598546884,0.5361637177464378,0.6087057359692343
731,105,3,PX-003,negation to lock formation,0.6865047001051271,0.5518951827373118,0.5604607604846846,0.6412473351724954,0.45578226598546884,0.5361637177464378,0.6087057359692343
732,105,4,PX-004,lagged temporal recursion,0.6865047001051271,0.5518951827373118,0.5604607604846846,0.6352073695141149,0.47998064405411,0.5361637177464378,0.6087057359692343
733,105,5,PX-005,false signal injection,0.6865047001051271,0.5518951827373118,0.5604607604846846,0.6352073695141149,0.5118657591019251,0.5361637177464378,0.6087057359692343
734,105,6,PX-006,signal to unstable utterance,0.6865047001051271,0.5518951827373118,0.5604607604846846,0.6352073695141149,0.5118657591019251,0.5361635803604979,0.6277772734796256
735,105,7,PX-007,silence feedback reset,0.6219630107528765,0.5283792626699606,0.5604607604846846,0.6352073695141149,0.4557821548882307,0.5361635803604979,0.6087056487459374
736,106,1,PX-001,amplify identity fracture,0.6737032974593314,0.518730439413938,0.5604607604846846,0.6352073695141149,0.4557821548882307,0.5361635803604979,0.6087056487459374
737,106,2,PX-002,fracture to access recursion,0.6737032974593314,0.5518950590047066,0.5604607604846846,0.6412471870239096,0.4557821548882307,0.5361635803604979,0.6087056487459374
738,106,3,PX-003,negation to lock formation,0.6865046490883637,0.5518950590047066,0.5604606188765419,0.6412471870239096,0.4557821548882307,0.5361635803604979,0.6087056487459374
739,106,4,PX-004,lagged temporal recursion,0.6865046490883637,0.5518950590047066,0.5604606188765419,0.6352072389898142,0.479980532924401,0.5361635803604979,0.6087056487459374
740,106,5,PX-005,false signal injection,0.6865046490883637,0.5518950590047066,0.5604606188765419,0.6352072389898142,0.5118656427658893,0.5361635803604979,0.6087056487459374
741,106,6,PX-006,signal to unstable utterance,0.6865046490883637,0.5518950590047066,0.5604606188765419,0.6352072389898142,0.5118656427658893,0.5361634454987132,0.6277771841750814
742,106,7,PX-007,silence feedback reset,0.6219629772822416,0.5283791481132734,0.5604606188765419,0.6352072389898142,0.45578206060891285,0.5361634454987132,0.6087055476980925
743,107,1,PX-001,amplify identity fracture,0.6737032723147123,0.5187303285509371,0.5604606188765419,0.6352072389898142,0.45578206060891285,0.5361634454987132,0.6087055476980925
744,107,2,PX-002,fracture to access recursion,0.6737032723147123,0.551894961070482,0.5604606188765419,0.6412470575889095,0.45578206060891285,0.5361634454987132,0.6087055476980925
745,107,3,PX-003,negation to lock formation,0.6865046220748804,0.551894961070482,0.5604604938657004,0.6412470575889095,0.45578206060891285,0.5361634454987132,0.6087055476980925
746,107,4,PX-004,lagged temporal recursion,0.6865046220748804,0.551894961070482,0.5604604938657004,0.635207127718579,0.4799804385982604,0.5361634454987132,0.6087055476980925
747,107,5,PX-005,false signal injection,0.6865046220748804,0.551894961070482,0.5604604938657004,0.635207127718579,0.5118655441699255,0.5361634454987132,0.6087055476980925
748,107,6,PX-006,signal to unstable utterance,0.6865046220748804,0.551894961070482,0.5604604938657004,0.635207127718579,0.5118655441699255,0.5361633175544431,0.6277770820446035
749,107,7,PX-007,silence feedback reset,0.6219629653348442,0.528379058523279,0.5604604938657004,0.635207127718579,0.45578198276406295,0.5361633175544431,0.6087054397243159
750,108,1,PX-001,amplify identity fracture,0.6737032670429134,0.5187302423084931,0.5604604938657004,0.635207127718579,0.45578198276406295,0.5361633175544431,0.6087054397243159
751,108,2,PX-002,fracture to access recursion,0.6737032670429134,0.5518948866249226,0.5604604938657004,0.641246947345259,0.45578198276406295,0.5361633175544431,0.6087054397243159
752,108,3,PX-003,negation to lock formation,0.686504614551937,0.5518948866249226,0.5604603862524842,0.641246947345259,0.45578198276406295,0.5361633175544431,0.6087054397243159
753,108,4,PX-004,lagged temporal recursion,0.686504614551937,0.5518948866249226,0.5604603862524842,0.6352070353846225,0.4799803606972565,0.5361633175544431,0.6087054397243159
754,108,5,PX-005,false signal injection,0.686504614551937,0.5518948866249226,0.5604603862524842,0.6352070353846225,0.5118654628781115,0.5361633175544431,0.6087054397243159
755,108,6,PX-006,signal to unstable utterance,0.686504614551937,0.5518948866249226,0.5604603862524842,0.6352070353846225,0.5118654628781115,0.5361631996576995,0.6277769737975428
756,108,7,PX-007,silence feedback reset,0.621962970411598,0.5283789914734655,0.5604603862524842,0.6352070353846225,0.45578192045225696,0.5361631996576995,0.6087053303953546
757,109,1,PX-001,amplify identity fracture,0.6737032772774765,0.5187301782161009,0.5604603862524842,0.6352070353846225,0.45578192045225696,0.5361631996576995,0.6087053303953546
758,109,2,PX-002,fracture to access recursion,0.6737032772774765,0.5518948330223175,0.5604603862524842,0.6412468559534461,0.45578192045225696,0.5361631996576995,0.6087053303953546
759,109,3,PX-003,negation to lock formation,0.6865046223238145,0.5518948330223175,0.560460296012052,0.6412468559534461,0.45578192045225696,0.5361631996576995,0.6087053303953546
760,109,4,PX-004,lagged temporal recursion,0.6865046223238145,0.5518948330223175,0.560460296012052,0.6352069610463718,0.479980298324178,0.5361631996576995,0.6087053303953546
761,109,5,PX-005,false signal injection,0.6865046223238145,0.5518948330223175,0.560460296012052,0.6352069610463718,0.5118653979165286,0.5361631996576995,0.6087053303953546
762,109,6,PX-006,signal to unstable utterance,0.6865046223238145,0.5518948330223175,0.560460296012052,0.6352069610463718,0.5118653979165286,0.5361630938496768,0.6277768648289758
763,109,7,PX-007,silence feedback reset,0.6219629884182457,0.5283789442631028,0.560460296012052,0.6352069610463718,0.45578187240621254,0.5361630938496768,0.6087052240534291
764,110,1,PX-001,amplify identity fracture,0.6737032990822981,0.5187301335535193,0.560460296012052,0.6352069610463718,0.45578187240621254,0.5361630938496768,0.6087052240534291
765,110,2,PX-002,fracture to access recursion,0.6737032990822981,0.5518947974556248,0.560460296012052,0.6412467824567678,0.45578187240621254,0.5361630938496768,0.6087052240534291
766,110,3,PX-003,negation to lock formation,0.686504641593763,0.5518947974556248,0.5604602224846904,0.6412467824567678,0.45578187240621254,0.5361630938496768,0.6087052240534291
767,110,4,PX-004,lagged temporal recursion,0.686504641593763,0.5518947974556248,0.5604602224846904,0.6352069033148038,0.47998025021517665,0.5361630938496768,0.6087052240534291
768,110,5,PX-005,false signal injection,0.686504641593763,0.5518947974556248,0.5604602224846904,0.6352069033148038,0.5118653479326424,0.5361630938496768,0.6087052240534291
769,110,6,PX-006,signal to unstable utterance,0.686504641593763,0.5518947974556248,0.5604602224846904,0.6352069033148038,0.5118653479326424,0.5361630012573736,0.627776759322404
770,110,7,PX-007,silence feedback reset,0.6219630157234135,0.5283789140797589,0.5604602224846904,0.6352069033148038,0.45578183712348086,0.5361630012573736,0.6087051239340747
771,111,1,PX-001,amplify identity fracture,0.6737033289979949,0.5187301055083867,0.5604602224846904,0.6352069033148038,0.45578183712348086,0.5361630012573736,0.6087051239340747
772,111,2,PX-002,fracture to access recursion,0.6737033289979949,0.5518947770969991,0.5604602224846904,0.6412467254582518,0.45578183712348086,0.5361630012573736,0.6087051239340747
773,111,3,PX-003,negation to lock formation,0.686504669012433,0.5518947770969991,0.5604601645458427,0.6412467254582518,0.45578183712348086,0.5361630012573736,0.6087051239340747
774,111,4,PX-004,lagged temporal recursion,0.686504669012433,0.5518947770969991,0.5604601645458427,0.6352068605073531,0.47998021487051196,0.5361630012573736,0.6087051239340747
775,111,5,PX-005,false signal injection,0.686504669012433,0.5518947770969991,0.5604601645458427,0.6352068605073531,0.5118653113320669,0.5361630012573736,0.6087051239340747
776,111,6,PX-006,signal to unstable utterance,0.686504669012433,0.5518947770969991,0.5604601645458427,0.6352068605073531,0.5118653113320669,0.536162922261848,0.6277766603735576
777,111,7,PX-007,silence feedback reset,0.6219630491862762,0.528378898128635,0.5604601645458427,0.6352068605073531,0.4557818129758164,0.536162922261848,0.6087050323008267
778,112,1,PX-001,amplify identity fracture,0.6737033640600512,0.5187300913010611,0.5604601645458427,0.6352068605073531,0.4557818129758164,0.536162922261848,0.6087050323008267
779,112,2,PX-002,fracture to access recursion,0.6737033640600512,0.551894769206835,0.5604601645458427,0.641246683273209,0.4557818129758164,0.536162922261848,0.6087050323008267
780,112,3,PX-003,negation to lock formation,0.6865047016986939,0.551894769206835,0.5604601207542567,0.641246683273209,0.4557818129758164,0.536162922261848,0.6087050323008267
781,112,4,PX-004,lagged temporal recursion,0.6865047016986939,0.551894769206835,0.5604601207542567,0.6352068307773195,0.4799801906639871,0.536162922261848,0.6087050323008267
782,112,5,PX-005,false signal injection,0.6865047016986939,0.551894769206835,0.5604601207542567,0.6352068307773195,0.5118652863928579,0.536162922261848,0.6087050323008267
783,112,6,PX-006,signal to unstable utterance,0.6865047016986939,0.551894769206835,0.5604601207542567,0.6352068307773195,0.5118652863928579,0.5361628566553608,0.6277765701258944
784,112,7,PX-007,silence feedback reset,0.6219630861597844,0.5283788937315698,0.5604601207542567,0.6352068307773195,0.45578179829808374,0.5361628566553608,0.6087049505848339
785,113,1,PX-001,amplify identity fracture,0.6737034017945539,0.5187300882796014,0.5604601207542567,0.6352068307773195,0.45578179829808374,0.5361628566553608,0.6087049505848339
786,113,2,PX-002,fracture to access recursion,0.6737034017945539,0.5518947712145306,0.5604601207542567,0.6412466540573828,0.45578179829808374,0.5361628566553608,0.6087049505848339
787,113,3,PX-003,negation to lock formation,0.6865047372384109,0.5518947712145306,0.5604600894778086,0.6412466540573828,0.45578179829808374,0.5361628566553608,0.6087049505848339
788,113,4,PX-004,lagged temporal recursion,0.6865047372384109,0.5518947712145306,0.5604600894778086,0.6352068122196299,0.47998017593193193,0.5361628566553608,0.6087049505848339
789,113,5,PX-005,false signal injection,0.6865047372384109,0.5518947712145306,0.5604600894778086,0.6352068122196299,0.5118652713582797,0.5361628566553608,0.6087049505848339
790,113,6,PX-006,signal to unstable utterance,0.6865047372384109,0.5518947712145306,0.5604600894778086,0.6352068122196299,0.5118652713582797,0.5361628037841658,0.6277764899101131
791,113,7,PX-007,silence feedback reset,0.6219631244749442,0.5283788983990197,0.5604600894778086,0.6352068122196299,0.45578179145812153,0.5361628037841658,0.6087048795231229
792,114,1,PX-001,amplify identity fracture,0.6737034401968176,0.5187300939882437,0.5604600894778086,0.6352068122196299,0.45578179145812153,0.5361628037841658,0.6087048795231229
793,114,2,PX-002,fracture to access recursion,0.6737034401968176,0.5518947807744848,0.5604600894778086,0.6412466359115722,0.45578179145812153,0.5361628037841658,0.6087048795231229
794,114,3,PX-003,negation to lock formation,0.686504773666283,0.5518947807744848,0.5604600689974885,0.6412466359115722,0.45578179145812153,0.5361628037841658,0.6087048795231229
795,114,4,PX-004,lagged temporal recursion,0.686504773666283,0.5518947807744848,0.5604600689974885,0.6352068029544787,0.47998016904314655,0.5361628037841658,0.6087048795231229
796,114,5,PX-005,false signal injection,0.686504773666283,0.5518947807744848,0.5604600689974885,0.6352068029544787,0.5118652645095643,0.5361628037841658,0.6087048795231229
797,114,6,PX-006,signal to unstable utterance,0.686504773666283,0.5518947807744848,0.5604600689974885,0.6352068029544787,0.5118652645095643,0.536162762674974,0.627776420381618
798,114,7,PX-007,silence feedback reset,0.6219631624110795,0.528378909878567,0.5604600689974885,0.6352068029544787,0.4557817909093554,0.536162762674974,0.6087048192907252
799,115,1,PX-001,amplify identity fracture,0.6737034776976131,0.518730106212927,0.5604600689974885,0.6352068029544787,0.4557817909093554,0.536162762674974,0.6087048192907252
800,115,2,PX-002,fracture to access recursion,0.6737034776976131,0.5518947958009469,0.5604600689974885,0.6412466269642692,0.4557817909093554,0.536162762674974,0.6087048192907252
801,115,3,PX-003,negation to lock formation,0.6865048094353005,0.5518947958009469,0.5604600575907245,0.6412466269642692,0.4557817909093554,0.536162762674974,0.6087048192907252
802,115,4,PX-004,lagged temporal recursion,0.6865048094353005,0.5518947958009469,0.5604600575907245,0.6352068011908418,0.4799801684515948,0.536162762674974,0.6087048192907252
803,115,5,PX-005,false signal injection,0.6865048094353005,0.5518947958009469,0.5604600575907245,0.6352068011908418,0.5118652642205722,0.536162762674974,0.6087048192907252
804,115,6,PX-006,signal to unstable utterance,0.6865048094353005,0.5518947958009469,0.5604600575907245,0.6352068011908418,0.5118652642205722,0.5361627321441763,0.6277763616513325
805,115,7,PX-007,silence feedback reset,0.621963198656387,0.5283789261835488,0.5604600575907245,0.6352068011908418,0.4557817952281818,0.5361627321441763,0.6087047696232009
806,116,1,PX-001,amplify identity fracture,0.6737035131210904,0.5187301230074595,0.5604600575907245,0.6352068011908418,0.4557817952281818,0.5361627321441763,0.6087047696232009
807,116,2,PX-002,fracture to access recursion,0.6737035131210904,0.5518948144852865,0.5604600575907245,0.6412466254343101,0.4557817952281818,0.5361627321441763,0.6087047696232009
808,116,3,PX-003,negation to lock formation,0.6865048433777877,0.5518948144852865,0.5604600535957153,0.6412466254343101,0.4557817952281818,0.5361627321441763,0.6087047696232009
809,116,4,PX-004,lagged temporal recursion,0.6865048433777877,0.5518948144852865,0.5604600535957153,0.6352068052721401,0.479980172733865,0.5361627321441763,0.6087047696232009
810,116,5,PX-005,false signal injection,0.6865048433777877,0.5518948144852865,0.5604600535957153,0.6352068052721401,0.5118652689964939,0.5361627321441763,0.6087047696232009
811,116,6,PX-006,signal to unstable utterance,0.6865048433777877,0.5518948144852865,0.5604600535957153,0.6352068052721401,0.5118652689964939,0.5361627108897548,0.6277763134065695
812,116,7,PX-007,silence feedback reset,0.6219632322624685,0.5283789456053204,0.5604600535957153,0.6352068052721401,0.45578180313823696,0.5361627108897548,0.6087047299272492
813,117,1,PX-001,amplify identity fracture,0.6737035456378544,0.5187301427038025,0.5604600535957153,0.6352068052721401,0.45578180313823696,0.5361627108897548,0.6087047299272492
814,117,2,PX-002,fracture to access recursion,0.6737035456378544,0.5518948352990825,0.5604600535957153,0.6412466296758169,0.45578180313823696,0.5361627108897548,0.6087047299272492
815,117,3,PX-003,negation to lock formation,0.6865048746614006,0.5518948352990825,0.5604600554587575,0.6412466296758169,0.45578180313823696,0.5361627108897548,0.6087047299272492
816,117,4,PX-004,lagged temporal recursion,0.6865048746614006,0.5518948352990825,0.5604600554587575,0.635206813706466,0.47998018061351166,0.5361627108897548,0.6087047299272492
817,117,5,PX-005,false signal injection,0.6865048746614006,0.5518948352990825,0.5604600554587575,0.635206813706466,0.5118652774988259,0.5361627108897548,0.6087047299272492
818,117,6,PX-006,signal to unstable utterance,0.6865048746614006,0.5518948352990825,0.5604600554587575,0.635206813706466,0.5118652774988259,0.5361626975664658,0.6277762750197788
819,117,7,PX-007,silence feedback reset,0.6219632625958986,0.5283789667124503,0.5604600554587575,0.635206813706466,0.45578181352366787,0.5361626975664658,0.6087046993780587
820,118,1,PX-001,amplify identity fracture,0.6737035747160339,0.5187301639097386,0.5604600554587575,0.635206813706466,0.45578181352366787,0.5361626975664658,0.6087046993780587
821,118,2,PX-002,fracture to access recursion,0.6737035747160339,0.5518948569861704,0.5604600554587575,0.641246638207836,0.45578181352366787,0.5361626975664658,0.6087046993780587
822,118,3,PX-003,negation to lock formation,0.6865049027428579,0.5518948569861704,0.5604600617667256,0.641246638207836,0.45578181352366787,0.5361626975664658,0.6087046993780587
823,118,4,PX-004,lagged temporal recursion,0.6865049027428579,0.5518948569861704,0.5604600617667256,0.635206825183801,0.47998019097439204,0.5361626975664658,0.6087046993780587
824,118,5,PX-005,false signal injection,0.6865049027428579,0.5518948569861704,0.5604600617667256,0.635206825183801,0.5118652885588522,0.5361626975664658,0.6087046993780587
825,118,6,PX-006,signal to unstable utterance,0.6865049027428579,0.5518948569861704,0.5604600617667256,0.635206825183801,0.5118652885588522,0.5361626908453627,0.6277762456439491
826,118,7,PX-007,silence feedback reset,0.6219632892892938,0.5283789883398792,0.5604600617667256,0.635206825183801,0.45578182543343837,0.5361626908453627,0.6087046770028519
827,119,1,PX-001,amplify identity fracture,0.6737036000726114,0.5187301854969036,0.5604600617667256,0.635206825183801,0.45578182543343837,0.5361626908453627,0.6087046770028519
828,119,2,PX-002,fracture to access recursion,0.6737036000726114,0.551894878546477,0.5604600617667256,0.6412466497310941,0.45578182543343837,0.5361626908453627,0.6087046770028519
829,119,3,PX-003,negation to lock formation,0.6865049273216324,0.551894878546477,0.5604600712669136,0.6412466497310941,0.45578182543343837,0.5361626908453627,0.6087046770028519
830,119,4,PX-004,lagged temporal recursion,0.6865049273216324,0.551894878546477,0.5604600712669136,0.6352068385825749,0.47998020286503074,0.5361626908453627,0.6087046770028519
831,119,5,PX-005,false signal injection,0.6865049273216324,0.551894878546477,0.5604600712669136,0.6352068385825749,0.5118653011817702,0.5361626908453627,0.6087046770028519
832,119,6,PX-006,signal to unstable utterance,0.6865049273216324,0.551894878546477,0.5604600712669136,0.6352068385825749,0.5118653011817702,0.5361626894590564,0.6277762242942045
833,119,7,PX-007,silence feedback reset,0.6219633121938019,0.5283790095707461,0.5604600712669136,0.6352068385825749,0.4557818380785706,0.5361626894590564,0.6087046617507118
834,120,1,PX-001,amplify identity fracture,0.6737036216267461,0.518730206581838,0.5604600712669136,0.6352068385825749,0.4557818380785706,0.5361626894590564,0.6087046617507118
835,120,2,PX-002,fracture to access recursion,0.6737036216267461,0.5518948992141223,0.5604600712669136,0.641246663134209,0.4557818380785706,0.5361626894590564,0.6087046617507118
836,120,3,PX-003,negation to lock formation,0.6865049482953204,0.5518948992141223,0.5604600828764095,0.641246663134209,0.4557818380785706,0.5361626894590564,0.6087046617507118
837,120,4,PX-004,lagged temporal recursion,0.6865049482953204,0.5518948992141223,0.5604600828764095,0.635206852967772,0.47998021549591174,0.5361626894590564,0.6087046617507118
838,120,5,PX-005,false signal injection,0.6865049482953204,0.5518948992141223,0.5604600828764095,0.635206852967772,0.5118653145434592,0.5361626894590564,0.6087046617507118
839,120,6,PX-006,signal to unstable utterance,0.6865049482953204,0.5518948992141223,0.5604600828764095,0.635206852967772,0.5118653145434592,0.5361626922343198,0.6277762099157602
840,120,7,PX-007,silence feedback reset,0.6219633313344373,0.5283790297132333,0.5604600828764095,0.635206852967772,0.45578185082404377,0.5361626922343198,0.6087046525492653
841,121,1,PX-001,amplify identity fracture,0.6737036394563548,0.5187302265023559,0.5604600828764095,0.635206852967772,0.45578185082404377,0.5361626922343198,0.6087046525492653
842,121,2,PX-002,fracture to access recursion,0.6737036394563548,0.551894918431911,0.5604600828764095,0.6412466774915482,0.45578185082404377,0.5361626922343198,0.6087046525492653
843,121,3,PX-003,negation to lock formation,0.6865049657179475,0.551894918431911,0.560460095683056,0.6412466774915482,0.45578185082404377,0.5361626922343198,0.6087046525492653
844,121,4,PX-004,lagged temporal recursion,0.6865049657179475,0.551894918431911,0.560460095683056,0.6352068675825924,0.4799802282314196,0.5361626922343198,0.6087046525492653
845,121,5,PX-005,false signal injection,0.6865049657179475,0.551894918431911,0.560460095683056,0.6352068675825924,0.5118653279816947,0.5361626922343198,0.6087046525492653
846,121,6,PX-006,signal to unstable utterance,0.6865049657179475,0.551894918431911,0.560460095683056,0.6352068675825924,0.5118653279816947,0.5361626981137364,0.6277762014388584
847,121,7,PX-007,silence feedback reset,0.621963346869256,0.5283790482744265,0.560460095683056,0.6352068675825924,0.4557818631768754,0.5361626981137364,0.6087046483491474
848,122,1,PX-001,amplify identity fracture,0.6737036537588039,0.5187302447911782,0.560460095683056,0.6352068675825924,0.4557818631768754,0.5361626981137364,0.6087046483491474
849,122,2,PX-002,fracture to access recursion,0.6737036537588039,0.5518949358239841,0.560460095683056,0.6412466920547284,0.4557818631768754,0.5361626981137364,0.6087046483491474
850,122,3,PX-003,negation to lock formation,0.686504979762076,0.5518949358239841,0.5604601089398956,0.6412466920547284,0.4557818631768754,0.5361626981137364,0.6087046483491474
851,122,4,PX-004,lagged temporal recursion,0.686504979762076,0.5518949358239841,0.5604601089398956,0.6352068818354559,0.4799802405779557,0.5361626981137364,0.6087046483491474
852,122,5,PX-005,false signal injection,0.686504979762076,0.5518949358239841,0.5604601089398956,0.6352068818354559,0.5118653409834114,0.5361626981137364,0.6087046483491474
853,122,6,PX-006,signal to unstable utterance,0.686504979762076,0.5518949358239841,0.5604601089398956,0.6352068818354559,0.5118653409834114,0.5361627061681116,0.627776197821649
854,122,7,PX-007,silence feedback reset,0.6219633590529945,0.5283790649328423,0.5604601089398956,0.6352068818354559,0.4557818747717006,0.5361627061681116,0.6087046481574141
855,123,1,PX-001,amplify identity fracture,0.6737036648162182,0.5187302611484316,0.5604601089398956,0.6352068818354559,0.4557818747717006,0.5361627061681116,0.6087046481574141
856,123,2,PX-002,fracture to access recursion,0.6737036648162182,0.5518949511680614,0.5604601089398956,0.641246706239532,0.4557818747717006,0.5361627061681116,0.6087046481574141
857,123,3,PX-003,negation to lock formation,0.6865049906852377,0.5518949511680614,0.5604601220547991,0.641246706239532,0.4557818747717006,0.5361627061681116,0.6087046481574141
858,123,4,PX-004,lagged temporal recursion,0.6865049906852377,0.5518949511680614,0.5604601220547991,0.6352068952838973,0.47998025216954504,0.5361627061681116,0.6087046481574141
859,123,5,PX-005,false signal injection,0.6865049906852377,0.5518949511680614,0.5604601220547991,0.6352068952838973,0.5118653531693886,0.5361627061681116,0.6087046481574141
860,123,6,PX-006,signal to unstable utterance,0.6865049906852377,0.5518949511680614,0.5604601220547991,0.6352068952838973,0.5118653531693886,0.5361627156013062,0.6277761980822005
861,123,7,PX-007,silence feedback reset,0.6219633682054886,0.5283790795109378,0.5604601220547991,0.6352068952838973,0.45578188535495584,0.5361627156013062,0.6087046510612051
862,124,1,PX-001,amplify identity fracture,0.6737036729656262,0.5187302754142854,0.5604601220547991,0.6352068952838973,0.45578188535495584,0.5361627156013062,0.6087046510612051
863,124,2,PX-002,fracture to access recursion,0.6737036729656262,0.5518949643683905,0.5604601220547991,0.6412467196097711,0.45578188535495584,0.5361627156013062,0.6087046510612051
864,124,3,PX-003,negation to lock formation,0.6865049988009374,0.5518949643683905,0.5604601345767651,0.6412467196097711,0.45578188535495584,0.5361627156013062,0.6087046510612051
865,124,4,PX-004,lagged temporal recursion,0.6865049988009374,0.5518949643683905,0.5604601345767651,0.6352069076166583,0.4799802627520411,0.5361627156013062,0.6087046510612051
866,124,5,PX-005,false signal injection,0.6865049988009374,0.5518949643683905,0.5604601345767651,0.6352069076166583,0.5118653642775153,0.5361627156013062,0.6087046510612051
867,124,6,PX-006,signal to unstable utterance,0.6865049988009374,0.5518949643683905,0.5604601345767651,0.6352069076166583,0.5118653642775153,0.5361627257490564,0.6277762013209541
868,124,7,PX-007,silence feedback reset,0.6219633746849402,0.5283790919486222,0.5604601345767651,0.6352069076166583,0.4557818947685694,0.5361627257490564,0.6087046562430237
869,125,1,PX-001,amplify identity fracture,0.6737036785739324,0.5187302875427046,0.5604601345767651,0.6352069076166583,0.4557818947685694,0.5361627257490564,0.6087046562430237
870,125,2,PX-002,fracture to access recursion,0.6737036785739324,0.5518949754302386,0.5604601345767651,0.6412467318593991,0.4557818947685694,0.5361627257490564,0.6087046562430237
871,125,3,PX-003,negation to lock formation,0.6865050044542476,0.5518949754302386,0.5604601461801607,0.6412467318593991,0.4557818947685694,0.5361627257490564,0.6087046562430237
872,125,4,PX-004,lagged temporal recursion,0.6865050044542476,0.5518949754302386,0.5604601461801607,0.6352069186350529,0.47998027216683187,0.5361627257490564,0.6087046562430237
873,125,5,PX-005,false signal injection,0.6865050044542476,0.5518949754302386,0.5604601461801607,0.6352069186350529,0.5118653741455782,0.5361627257490564,0.6087046562430237
874,125,6,PX-006,signal to unstable utterance,0.6865050044542476,0.5518949754302386,0.5604601461801607,0.6352069186350529,0.5118653741455782,0.5361627360732003,0.6277762067349881
875,125,7,PX-007,silence feedback reset,0.6219633788659046,0.5283791022785178,0.5604601461801607,0.6352069186350529,0.4557819029338747,0.5361627360732003,0.6087046629889943
876,126,1,PX-001,amplify identity fracture,0.6737036820175326,0.5187302975770316,0.5604601461801607,0.6352069186350529,0.4557819029338747,0.5361627360732003,0.6087046629889943
877,126,2,PX-002,fracture to access recursion,0.6737036820175326,0.5518949844365152,0.5604601461801607,0.6412467427939266,0.4557819029338747,0.5361627360732003,0.6087046629889943
878,126,3,PX-003,negation to lock formation,0.68650500800184,0.5518949844365152,0.5604601566479559,0.6412467427939266,0.4557819029338747,0.5361627360732003,0.6087046629889943
879,126,4,PX-004,lagged temporal recursion,0.68650500800184,0.5518949844365152,0.5604601566479559,0.6352069282344568,0.479980280334763,0.5361627360732003,0.6087046629889943
880,126,5,PX-005,false signal injection,0.68650500800184,0.5518949844365152,0.5604601566479559,0.6352069282344568,0.5118653826943163,0.5361627360732003,0.6087046629889943
881,126,6,PX-006,signal to unstable utterance,0.68650500800184,0.5518949844365152,0.5604601566479559,0.6352069282344568,0.5118653826943163,0.5361627461525811,0.627776213625445
882,126,7,PX-007,silence feedback reset,0.6219633811217261,0.5283791106034786,0.5604601566479559,0.6352069282344568,0.4557819098362872,0.5361627461525811,0.6087046706914027
883,127,1,PX-001,amplify identity fracture,0.6737036836662565,0.5187303056278755,0.5604601566479559,0.6352069282344568,0.4557819098362872,0.5361627461525811,0.6087046706914027
884,127,2,PX-002,fracture to access recursion,0.6737036836662565,0.5518949915268953,0.5604601566479559,0.6412467523119902,0.4557819098362872,0.5361627461525811,0.6087046706914027
885,127,3,PX-003,negation to lock formation,0.686505009796172,0.5518949915268953,0.5604601658548016,0.6412467523119902,0.4557819098362872,0.5361627461525811,0.6087046706914027
886,127,4,PX-004,lagged temporal recursion,0.686505009796172,0.5518949915268953,0.5604601658548016,0.6352069363865791,0.4799802872408205,0.5361627461525811,0.6087046706914027
887,127,5,PX-005,false signal injection,0.686505009796172,0.5518949915268953,0.5604601658548016,0.6352069363865791,0.511865389911305,0.5361627461525811,0.6087046706914027
888,127,6,PX-006,signal to unstable utterance,0.686505009796172,0.5518949915268953,0.5604601658548016,0.6352069363865791,0.511865389911305,0.5361627556717228,0.6277762213994171
889,127,7,PX-007,silence feedback reset,0.6219633818110508,0.5283791170766801,0.5604601658548016,0.6352069363865791,0.455781915511135,0.5361627556717228,0.60870467884674
890,128,1,PX-001,amplify identity fracture,0.6737036838712389,0.5187303118535955,0.5604601658548016,0.6352069363865791,0.455781915511135,0.5361627556717228,0.60870467884674
891,128,2,PX-002,fracture to access recursion,0.6737036838712389,0.5518949968796414,0.5604601658548016,0.6412467603877184,0.455781915511135,0.5361627556717228,0.60870467884674
892,128,3,PX-003,negation to lock formation,0.6865050101734586,0.5518949968796414,0.5604601737506104,0.6412467603877184,0.455781915511135,0.5361627556717228,0.60870467884674
893,128,4,PX-004,lagged temporal recursion,0.6865050101734586,0.5518949968796414,0.5604601737506104,0.6352069431229859,0.4799802929199643,0.5361627556717228,0.60870467884674
894,128,5,PX-005,false signal injection,0.6865050101734586,0.5518949968796414,0.5604601737506104,0.6352069431229859,0.5118653958360764,0.5361627556717228,0.60870467884674
895,128,6,PX-006,signal to unstable utterance,0.6865050101734586,0.5518949968796414,0.5604601737506104,0.6352069431229859,0.5118653958360764,0.536162764408209,0.6277762295674927
896,128,7,PX-007,silence feedback reset,0.6219633812679749,0.5283791218844219,0.5604601737506104,0.6352069431229859,0.4557819200309017,0.536162764408209,0.6087046870503527
897,129,1,PX-001,amplify identity fracture,0.6737036829562622,0.518730316443504,0.5604601737506104,0.6352069431229859,0.4557819200309017,0.536162764408209,0.6087046870503527
898,129,2,PX-002,fracture to access recursion,0.6737036829562622,0.5518950006961754,0.5604601737506104,0.6412467670543589,0.4557819200309017,0.536162764408209,0.6087046870503527
899,129,3,PX-003,negation to lock formation,0.6865050094450021,0.5518950006961754,0.560460180345131,0.6412467670543589,0.4557819200309017,0.536162764408209,0.6087046870503527
900,129,4,PX-004,lagged temporal recursion,0.6865050094450021,0.5518950006961754,0.560460180345131,0.6352069485201995,0.4799802974443702,0.536162764408209,0.6087046870503527
901,129,5,PX-005,false signal injection,0.6865050094450021,0.5518950006961754,0.560460180345131,0.6352069485201995,0.5118654005467365,0.536162764408209,0.6087046870503527
902,129,6,PX-006,signal to unstable utterance,0.6865050094450021,0.5518950006961754,0.560460180345131,0.6352069485201995,0.5118654005467365,0.5361627722195264,0.627776237738049
903,129,7,PX-007,silence feedback reset,0.6219633797953606,0.5283791252316575,0.560460180345131,0.6352069485201995,0.4557819234940261,0.5361627722195264,0.6087046949886762
904,130,1,PX-001,amplify identity fracture,0.6737036812120959,0.518730319603782,0.560460180345131,0.6352069485201995,0.4557819234940261,0.5361627722195264,0.6087046949886762
905,130,2,PX-002,fracture to access recursion,0.6737036812120959,0.5518950031883361,0.560460180345131,0.6412467723894854,0.4557819234940261,0.5361627722195264,0.6087046949886762
906,130,3,PX-003,negation to lock formation,0.6865050078914322,0.5518950031883361,0.5604601856938562,0.6412467723894854,0.4557819234940261,0.5361627722195264,0.6087046949886762
907,130,4,PX-004,lagged temporal recursion,0.6865050078914322,0.5518950031883361,0.5604601856938562,0.6352069526865594,0.4799803009122271,0.5361627722195264,0.6087046949886762
908,130,5,PX-005,false signal injection,0.6865050078914322,0.5518950031883361,0.5604601856938562,0.6352069526865594,0.511865404148233,0.5361627722195264,0.6087046949886762
909,130,6,PX-006,signal to unstable utterance,0.6865050078914322,0.5518950031883361,0.5604601856938562,0.6352069526865594,0.511865404148233,0.5361627790299818,0.6277762456092503
910,130,7,PX-007,silence feedback reset,0.6219633776608368,0.528379127330155,0.5604601856938562,0.6352069526865594,0.4557819260153159,0.5361627790299818,0.6087047024298908
911,131,1,PX-001,amplify identity fracture,0.6737036788933514,0.518730321546005,0.5604601856938562,0.6352069526865594,0.4557819260153159,0.5361627790299818,0.6087047024298908
912,131,2,PX-002,fracture to access recursion,0.6737036788933514,0.5518950045681772,0.5604601856938562,0.641246776501964,0.4557819260153159,0.5361627790299818,0.6087047024298908
913,131,3,PX-003,negation to lock formation,0.686505005759397,0.5518950045681772,0.5604601898854783,0.641246776501964,0.4557819260153159,0.5361627790299818,0.6087047024298908
914,131,4,PX-004,lagged temporal recursion,0.686505005759397,0.5518950045681772,0.5604601898854783,0.6352069557509251,0.4799803034381469,0.5361627790299818,0.6087047024298908
915,131,5,PX-005,false signal injection,0.686505005759397,0.5518950045681772,0.5604601898854783,0.6352069557509251,0.5118654067623252,0.5361627790299818,0.6087047024298908
916,131,6,PX-006,signal to unstable utterance,0.686505005759397,0.5518950045681772,0.5604601898854783,0.6352069557509251,0.5118654067623252,0.5361627848181577,0.6277762529595698
917,131,7,PX-007,silence feedback reset,0.6219633750950173,0.5283791283891253,0.5604601898854783,0.6352069557509251,0.4557819277179579,0.5361627848181577,0.6087047092137094
918,132,1,PX-001,amplify identity fracture,0.6737036762173926,0.5187303224781044,0.5604601898854783,0.6352069557509251,0.4557819277179579,0.5361627848181577,0.6087047092137094
919,132,2,PX-002,fracture to access recursion,0.6737036762173926,0.5518950050401001,0.5604601898854783,0.6412467795207583,0.4557819277179579,0.5361627848181577,0.6087047092137094
920,132,3,PX-003,negation to lock formation,0.686505003260268,0.5518950050401001,0.5604601930309996,0.6412467795207583,0.4557819277179579,0.5361627848181577,0.6087047092137094
921,132,4,PX-004,lagged temporal recursion,0.686505003260268,0.5518950050401001,0.5604601930309996,0.635206957853216,0.4799803051451691,0.5361627848181577,0.6087047092137094
922,132,5,PX-005,false signal injection,0.686505003260268,0.5518950050401001,0.5604601930309996,0.635206957853216,0.5118654085192365,0.5361627848181577,0.6087047092137094
923,132,6,PX-006,signal to unstable utterance,0.686505003260268,0.5518950050401001,0.5604601930309996,0.635206957853216,0.5118654085192365,0.5361627896052458,0.6277762596375281
924,132,7,PX-007,silence feedback reset,0.6219633722914927,0.5283791286080947,0.5604601930309996,0.635206957853216,0.45578192872705275,0.5361627896052458,0.6087047152408708
925,133,1,PX-001,amplify identity fracture,0.6737036733648692,0.5187303225975364,0.5604601930309996,0.635206957853216,0.45578192872705275,0.5361627896052458,0.6087047152408708
926,133,2,PX-002,fracture to access recursion,0.6737036733648692,0.5518950047950725,0.5604601930309996,0.6412467815855603,0.45578192872705275,0.5361627896052458,0.6087047152408708
927,133,3,PX-003,negation to lock formation,0.6865050005704423,0.5518950047950725,0.5604601952545193,0.6412467815855603,0.45578192872705275,0.5361627896052458,0.6087047152408708
928,133,4,PX-004,lagged temporal recursion,0.6865050005704423,0.5518950047950725,0.5604601952545193,0.6352069591367132,0.47998030615829024,0.5361627896052458,0.6087047152408708
929,133,5,PX-005,false signal injection,0.6865050005704423,0.5518950047950725,0.5604601952545193,0.6352069591367132,0.5118654095509098,0.5361627896052458,0.6087047152408708
930,133,6,PX-006,signal to unstable utterance,0.6865050005704423,0.5518950047950725,0.5604601952545193,0.6352069591367132,0.5118654095509098,0.5361627934444864,0.6277762655512016
931,133,7,PX-007,silence feedback reset,0.621963369408189,0.5283791281717707,0.5604601952545193,0.6352069591367132,0.45578192916456295,0.5361627934444864,0.6087047204627939
932,134,1,PX-001,amplify identity fracture,0.6737036704814823,0.5187303220864055,0.5604601952545193,0.6352069591367132,0.45578192916456295,0.5361627934444864,0.6087047204627939
933,134,2,PX-002,fracture to access recursion,0.6737036704814823,0.55189500400667,0.5604601952545193,0.6412467828391787,0.45578192916456295,0.5361627934444864,0.6087047204627939
934,134,3,PX-003,negation to lock formation,0.6865049978328651,0.55189500400667,0.5604601966856518,0.6412467828391787,0.45578192916456295,0.5361627934444864,0.6087047204627939
935,134,4,PX-004,lagged temporal recursion,0.6865049978328651,0.55189500400667,0.5604601966856518,0.6352069597420058,0.4799803065994056,0.5361627934444864,0.6087047204627939
936,134,5,PX-005,false signal injection,0.6865049978328651,0.55189500400667,0.5604601966856518,0.6352069597420058,0.5118654099857481,0.5361627934444864,0.6087047204627939
937,134,6,PX-006,signal to unstable utterance,0.6865049978328651,0.55189500400667,0.5604601966856518,0.6352069597420058,0.5118654099857481,0.5361627964118505,0.6277762706579445
938,134,7,PX-007,silence feedback reset,0.6219633665697293,0.5283791272466323,0.5604601966856518,0.6352069597420058,0.455781929145536,0.5361627964118505,0.6087047248717381
939,135,1,PX-001,amplify identity fracture,0.6737036676806317,0.5187303211082733,0.5604601966856518,0.6352069597420058,0.455781929145536,0.5361627964118505,0.6087047248717381
940,135,2,PX-002,fracture to access recursion,0.6737036676806317,0.5518950028286682,0.5604601966856518,0.6412467834215577,0.455781929145536,0.5361627964118505,0.6087047248717381
941,135,3,PX-003,negation to lock formation,0.686504995159436,0.5518950028286682,0.5604601974534823,0.6412467834215577,0.455781929145536,0.5361627964118505,0.6087047248717381
942,135,4,PX-004,lagged temporal recursion,0.686504995159436,0.5518950028286682,0.5604601974534823,0.6352069598024243,0.4799803065835263,0.5361627964118505,0.6087047248717381
943,135,5,PX-005,false signal injection,0.686504995159436,0.5518950028286682,0.5604601974534823,0.6352069598024243,0.5118654099446927,0.5361627964118505,0.6087047248717381
944,135,6,PX-006,signal to unstable utterance,0.686504995159436,0.5518950028286682,0.5604601974534823,0.6352069598024243,0.5118654099446927,0.5361627985980216,0.6277762749546514
945,135,7,PX-007,silence feedback reset,0.6219633638704822,0.5283791259789751,0.5604601974534823,0.6352069598024243,0.4557819287754494,0.5361627985980216,0.6087047284917155
946,136,1,PX-001,amplify identity fracture,0.673703665046649,0.5187303198063834,0.5604601974534823,0.6352069598024243,0.4557819287754494,0.5361627985980216,0.6087047284917155
947,136,2,PX-002,fracture to access recursion,0.673703665046649,0.5518950013939165,0.5604601974534823,0.6412467834652742,0.4557819287754494,0.5361627985980216,0.6087047284917155
948,136,3,PX-003,negation to lock formation,0.6865049926340081,0.5518950013939165,0.5604601976819278,0.6412467834652742,0.4557819287754494,0.5361627985980216,0.6087047284917155
949,136,4,PX-004,lagged temporal recursion,0.6865049926340081,0.5518950013939165,0.5604601976819278,0.6352069594407901,0.47998030621611887,0.5361627985980216,0.6087047284917155
950,136,5,PX-005,false signal injection,0.6865049926340081,0.5518950013939165,0.5604601976819278,0.6352069594407901,0.5118654095384754,0.5361627985980216,0.6087047284917155
951,136,6,PX-006,signal to unstable utterance,0.6865049926340081,0.5518950013939165,0.5604601976819278,0.6352069594407901,0.5118654095384754,0.5361628001016756,0.6277762784687976
952,136,7,PX-007,silence feedback reset,0.6219633613780258,0.5283791244941491,0.5604601976819278,0.6352069594407901,0.4557819281485177,0.5361628001016756,0.6087047313703186
953,137,1,PX-001,amplify identity fracture,0.6737036626383586,0.5187303183030423,0.5604601976819278,0.6352069594407901,0.4557819281485177,0.5361628001016756,0.6087047313703186
954,137,2,PX-002,fracture to access recursion,0.6737036626383586,0.5518949998142416,0.5604601976819278,0.64124678309234,0.4557819281485177,0.5361628001016756,0.6087047313703186
955,137,3,PX-003,negation to lock formation,0.6865049903157332,0.5518949998142416,0.5604601974863546,0.64124678309234,0.4557819281485177,0.5361628001016756,0.6087047313703186
956,137,4,PX-004,lagged temporal recursion,0.6865049903157332,0.5518949998142416,0.5604601974863546,0.6352069587672993,0.4799803055914066,0.5361628001016756,0.6087047313703186
957,137,5,PX-005,false signal injection,0.6865049903157332,0.5518949998142416,0.5604601974863546,0.6352069587672993,0.5118654088658796,0.5361628001016756,0.6087047313703186
958,137,6,PX-006,signal to unstable utterance,0.6865049903157332,0.5518949998142416,0.5604601974863546,0.6352069587672993,0.5118654088658796,0.536162801024008,0.6277762812504073
959,137,7,PX-007,silence feedback reset,0.6219633591368035,0.5283791228967436,0.5604601974863546,0.6352069587672993,0.45578192734680373,0.536162801024008,0.6087047335715531
960,138,1,PX-001,amplify identity fracture,0.6737036604927629,0.5187303166999147,0.5604601974863546,0.6352069587672993,0.45578192734680373,0.536162801024008,0.6087047335715531
961,138,2,PX-002,fracture to access recursion,0.6737036604927629,0.5518949981811498,0.5604601974863546,0.6412467824121277,0.45578192734680373,0.536162801024008,0.6087047335715531
962,138,3,PX-003,negation to lock formation,0.6865049882425494,0.5518949981811498,0.5604601969712868,0.6412467824121277,0.45578192734680373,0.536162801024008,0.6087047335715531
963,138,4,PX-004,lagged temporal recursion,0.6865049882425494,0.5518949981811498,0.5604601969712868,0.6352069578783565,0.47998030479147585,0.536162801024008,0.6087047335715531
964,138,5,PX-005,false signal injection,0.6865049882425494,0.5518949981811498,0.5604601969712868,0.6352069578783565,0.5118654080128396,0.536162801024008,0.6087047335715531
965,138,6,PX-006,signal to unstable utterance,0.6865049882425494,0.5518949981811498,0.5604601969712868,0.6352069578783565,0.5118654080128396,0.5361628014644246,0.6277762833650347
966,138,7,PX-007,silence feedback reset,0.6219633571717956,0.5283791212714957,0.5604601969712868,0.6352069578783565,0.4557819264399811,0.5361628014644246,0.6087047351697117
967,139,1,PX-001,amplify identity fracture,0.6737036586286859,0.5187303150790126,0.5604601969712868,0.6352069578783565,0.4557819264399811,0.5361628014644246,0.6087047351697117
968,139,2,PX-002,fracture to access recursion,0.6737036586286859,0.5518949965671163,0.5604601969712868,0.6412467815202394,0.4557819264399811,0.5361628014644246,0.6087047351697117
969,139,3,PX-003,negation to lock formation,0.6865049864346507,0.5518949965671163,0.5604601962290406,0.6412467815202394,0.4557819264399811,0.5361628014644246,0.6087047351697117
970,139,4,PX-004,lagged temporal recursion,0.6865049864346507,0.5518949965671163,0.5604601962290406,0.6352069568561856,0.4799803038860348,0.5361628014644246,0.6087047351697117
971,139,5,PX-005,false signal injection,0.6865049864346507,0.5518949965671163,0.5604601962290406,0.6352069568561856,0.5118654070522213,0.5361628014644246,0.6087047351697117
972,139,6,PX-006,signal to unstable utterance,0.6865049864346507,0.5518949965671163,0.5604601962290406,0.6352069568561856,0.5118654070522213,0.5361628015172866,0.6277762848877819
973,139,7,PX-007,silence feedback reset,0.6219633554920649,0.5283791196847218,0.5604601962290406,0.6352069568561856,0.4557819254856091,0.5361628015172866,0.6087047362442736
974,140,1,PX-001,amplify identity fracture,0.6737036570502515,0.5187303135041818,0.5604601962290406,0.6352069568561856,0.4557819254856091,0.5361628015172866,0.6087047362442736
975,140,2,PX-002,fracture to access recursion,0.6737036570502515,0.5518949950272799,0.5604601962290406,0.6412467804981408,0.4557819254856091,0.5361628015172866,0.6087047362442736
976,140,3,PX-003,negation to lock formation,0.6865049848978155,0.5518949950272799,0.5604601953391221,0.6412467804981408,0.4557819254856091,0.5361628015172866,0.6087047362442736
977,140,4,PX-004,lagged temporal recursion,0.6865049848978155,0.5518949950272799,0.5604601953391221,0.6352069557690523,0.4799803029326838,0.5361628015172866,0.6087047362442736
978,140,5,PX-005,false signal injection,0.6865049848978155,0.5518949950272799,0.5604601953391221,0.6352069557690523,0.511865406044134,0.5361628015172866,0.6087047362442736
979,140,6,PX-006,signal to unstable utterance,0.6865049848978155,0.5518949950272799,0.5604601953391221,0.6352069557690523,0.511865406044134,0.536162801269589,0.6277762858983393
980,140,7,PX-007,silence feedback reset,0.6219633540940754,0.5283791181861,0.5604601953391221,0.6352069557690523,0.4557819245297901,0.536162801269589,0.6087047368757832
