index,cycle,phase_index,step_id,operator_name,identity_split,access_recursion,contradiction_lock,temporal_feedback,false_signal,utterance_instability,silence_gain
0,0,0,initial,initial,0.12,0.08,0.05,0.1,0.06,0.04,0.05
1,1,1,PX-001,amplify identity fracture,0.17478,0.07988,0.05,0.1,0.06,0.04,0.05
2,1,2,PX-002,fracture to access recursion,0.17478,0.088755392,0.05,0.102396395584,0.06,0.04,0.05
3,1,3,PX-003,negation to lock formation,0.17712945975237246,0.088755392,0.05694141568,0.102396395584,0.06,0.04,0.05
4,1,4,PX-004,lagged temporal recursion,0.17712945975237246,0.088755392,0.05694141568,0.10532420401043725,0.06396019007079244,0.04,0.05
5,1,5,PX-005,false signal injection,0.17712945975237246,0.088755392,0.05694141568,0.10532420401043725,0.06599905221143909,0.04,0.05
6,1,6,PX-006,signal to unstable utterance,0.17712945975237246,0.088755392,0.05694141568,0.10532420401043725,0.06599905221143909,0.04300583275240074,0.05
7,1,7,PX-007,silence feedback reset,0.17719672562639902,0.08835601801872474,0.05694141568,0.10532420401043725,0.06507512397057715,0.04300583275240074,0.049996834905944046
8,2,1,PX-001,amplify identity fracture,0.22858342666872383,0.08822349238134987,0.05694141568,0.10532420401043725,0.06507512397057715,0.04300583275240074,0.049996834905944046
9,2,2,PX-002,fracture to access recursion,0.22858342666872383,0.10092517461451632,0.05694141568,0.10803306333844609,0.06507512397057715,0.04300583275240074,0.049996834905944046
10,2,3,PX-003,negation to lock formation,0.2311249277968169,0.10092517461451632,0.0658917948085527,0.10803306333844609,0.06507512397057715,0.04300583275240074,0.049996834905944046
11,2,4,PX-004,lagged temporal recursion,0.2311249277968169,0.10092517461451632,0.0658917948085527,0.11612812293129383,0.06941796680797993,0.04300583275240074,0.049996834905944046
12,2,5,PX-005,false signal injection,0.2311249277968169,0.10092517461451632,0.0658917948085527,0.11612812293129383,0.07188447458606656,0.04300583275240074,0.049996834905944046
13,2,6,PX-006,signal to unstable utterance,0.2311249277968169,0.10092517461451632,0.0658917948085527,0.11612812293129383,0.07188447458606656,0.046629355024687985,0.049996834905944046
14,2,7,PX-007,silence feedback reset,0.23067256919637003,0.1004642126523547,0.0658917948085527,0.11612812293129383,0.0708630267216132,0.046629355024687985,0.0507484837072252
15,3,1,PX-001,amplify identity fracture,0.2788612135114445,0.10031126045858628,0.0658917948085527,0.11612812293129383,0.0708630267216132,0.046629355024687985,0.0507484837072252
16,3,2,PX-002,fracture to access recursion,0.2788612135114445,0.11626942298143621,0.0658917948085527,0.11921114112538275,0.0708630267216132,0.046629355024687985,0.0507484837072252
17,3,3,PX-003,negation to lock formation,0.2816240593947511,0.11626942298143621,0.07662452596010613,0.11921114112538275,0.0708630267216132,0.046629355024687985,0.0507484837072252
18,3,4,PX-004,lagged temporal recursion,0.2816240593947511,0.11626942298143621,0.07662452596010613,0.13119377143579192,0.07573890606980632,0.046629355024687985,0.0507484837072252
19,3,5,PX-005,false signal injection,0.2816240593947511,0.11626942298143621,0.07662452596010613,0.13119377143579192,0.07881535862942399,0.046629355024687985,0.0507484837072252
20,3,6,PX-006,signal to unstable utterance,0.2816240593947511,0.11626942298143621,0.07662452596010613,0.13119377143579192,0.07881535862942399,0.05098203724249878,0.0507484837072252
21,3,7,PX-007,silence feedback reset,0.28065578238755806,0.11572198522159477,0.07662452596010613,0.13119377143579192,0.07766085418108838,0.05098203724249878,0.05231505945451447
22,4,1,PX-001,amplify identity fracture,0.3258382138154449,0.11554036514548291,0.07662452596010613,0.13119377143579192,0.07766085418108838,0.05098203724249878,0.05231505945451447
23,4,2,PX-002,fracture to access recursion,0.3258382138154449,0.13423605372192202,0.07662452596010613,0.1346925250229365,0.07766085418108838,0.05098203724249878,0.05231505945451447
24,4,3,PX-003,negation to lock formation,0.3288361771563683,0.13423605372192202,0.08893898771363161,0.1346925250229365,0.07766085418108838,0.05098203724249878,0.05231505945451447
25,4,4,PX-004,lagged temporal recursion,0.3288361771563683,0.13423605372192202,0.08893898771363161,0.14953153650534917,0.0831776057672217,0.05098203724249878,0.05231505945451447
26,4,5,PX-005,false signal injection,0.3288361771563683,0.13423605372192202,0.08893898771363161,0.14953153650534917,0.08697738418480074,0.05098203724249878,0.05231505945451447
27,4,6,PX-006,signal to unstable utterance,0.3288361771563683,0.13423605372192202,0.08893898771363161,0.14953153650534917,0.08697738418480074,0.056158698061439215,0.05231505945451447
28,4,7,PX-007,silence feedback reset,0.32733189805768387,0.1335746887651048,0.08893898771363161,0.14953153650534917,0.08564418859759589,0.056158698061439215,0.054743113466476985
29,5,1,PX-001,amplify identity fracture,0.369694484419019,0.1333553199348053,0.08893898771363161,0.14953153650534917,0.08564418859759589,0.056158698061439215,0.054743113466476985
30,5,2,PX-002,fracture to access recursion,0.369694484419019,0.15431854462301162,0.08893898771363161,0.15346882817137708,0.08564418859759589,0.056158698061439215,0.054743113466476985
31,5,3,PX-003,negation to lock formation,0.372929609351071,0.15431854462301162,0.10265259789358087,0.15346882817137708,0.08564418859759589,0.056158698061439215,0.054743113466476985
32,5,4,PX-004,lagged temporal recursion,0.372929609351071,0.15431854462301162,0.10265259789358087,0.17033328326156685,0.0918739976946145,0.056158698061439215,0.054743113466476985
33,5,5,PX-005,false signal injection,0.372929609351071,0.15431854462301162,0.10265259789358087,0.17033328326156685,0.0964577645937082,0.056158698061439215,0.054743113466476985
34,5,6,PX-006,signal to unstable utterance,0.372929609351071,0.15431854462301162,0.10265259789358087,0.17033328326156685,0.0964577645937082,0.06223420570694796,0.054743113466476985
35,5,7,PX-007,silence feedback reset,0.370847517352929,0.15351206922280836,0.10265259789358087,0.17033328326156685,0.09488947695003594,0.06223420570694796,0.058067148066531474
36,6,1,PX-001,amplify identity fracture,0.4105705370666259,0.15324464898120155,0.10265259789358087,0.17033328326156685,0.09488947695003594,0.06223420570694796,0.058067148066531474
37,6,2,PX-002,fracture to access recursion,0.4105705370666259,0.17605178382360248,0.10265259789358087,0.17471521242539303,0.09488947695003594,0.06223420570694796,0.058067148066531474
38,6,3,PX-003,negation to lock formation,0.41403622782097904,0.17605178382360248,0.11759475805996174,0.17471521242539303,0.09488947695003594,0.06223420570694796,0.058067148066531474
39,6,4,PX-004,lagged temporal recursion,0.41403622782097904,0.17605178382360248,0.11759475805996174,0.1929352685284085,0.10187458662253726,0.06223420570694796,0.058067148066531474
40,6,5,PX-005,false signal injection,0.41403622782097904,0.17605178382360248,0.11759475805996174,0.1929352685284085,0.10726343301250718,0.06223420570694796,0.058067148066531474
41,6,6,PX-006,signal to unstable utterance,0.41403622782097904,0.17605178382360248,0.11759475805996174,0.1929352685284085,0.10726343301250718,0.06926149028304807,0.058067148066531474
42,6,7,PX-007,silence feedback reset,0.4113153240096332,0.1750644956541758,0.11759475805996174,0.1929352685284085,0.10539201537774502,0.06926149028304807,0.062310465199128286
43,7,1,PX-001,amplify identity fracture,0.44857324856496794,0.17473724514925393,0.11759475805996174,0.1929352685284085,0.10539201537774502,0.06926149028304807,0.062310465199128286
44,7,2,PX-002,fracture to access recursion,0.44857324856496794,0.1990081294299112,0.11759475805996174,0.19775364180457897,0.10539201537774502,0.06926149028304807,0.062310465199128286
45,7,3,PX-003,negation to lock formation,0.4522568433080198,0.1990081294299112,0.1336023228276713,0.19775364180457897,0.10539201537774502,0.06926149028304807,0.062310465199128286
46,7,4,PX-004,lagged temporal recursion,0.4522568433080198,0.1990081294299112,0.1336023228276713,0.2167888300572323,0.11314965611158971,0.06926149028304807,0.062310465199128286
47,7,5,PX-005,false signal injection,0.4522568433080198,0.1990081294299112,0.1336023228276713,0.2167888300572323,0.11933578974604096,0.06926149028304807,0.062310465199128286
48,7,6,PX-006,signal to unstable utterance,0.4522568433080198,0.1990081294299112,0.1336023228276713,0.2167888300572323,0.11933578974604096,0.0772705495235812,0.062310465199128286
49,7,7,PX-007,silence feedback reset,0.4488198835984842,0.19779941328563452,0.1336023228276713,0.2167888300572323,0.11708082509267671,0.0772705495235812,0.06748558171630804
50,8,1,PX-001,amplify identity fracture,0.48378214306439177,0.19739895503157276,0.1336023228276713,0.2167888300572323,0.11708082509267671,0.0772705495235812,0.06748558171630804
51,8,2,PX-002,fracture to access recursion,0.48378214306439177,0.22279396227847048,0.1336023228276713,0.22202367165280146,0.11708082509267671,0.0772705495235812,0.06748558171630804
52,8,3,PX-003,negation to lock formation,0.48766710370530664,0.22279396227847048,0.1505163213057723,0.22202367165280146,0.11708082509267671,0.0772705495235812,0.06748558171630804
53,8,4,PX-004,lagged temporal recursion,0.48766710370530664,0.22279396227847048,0.1505163213057723,0.24143727982334906,0.1256076092484167,0.0772705495235812,0.06748558171630804
54,8,5,PX-005,false signal injection,0.48766710370530664,0.22279396227847048,0.1505163213057723,0.24143727982334906,0.13256303947913112,0.0772705495235812,0.06748558171630804
55,8,6,PX-006,signal to unstable utterance,0.48766710370530664,0.22279396227847048,0.1505163213057723,0.24143727982334906,0.13256303947913112,0.08626822784522307,0.06748558171630804
56,8,7,PX-007,silence feedback reset,0.48342389067784713,0.22131828766408573,0.1505163213057723,0.24143727982334906,0.12983138878237419,0.08626822784522307,0.0735943848594108
57,9,1,PX-001,amplify identity fracture,0.5162558199496325,0.22082965416692243,0.1505163213057723,0.24143727982334906,0.12983138878237419,0.08626822784522307,0.0735943848594108
58,9,2,PX-002,fracture to access recursion,0.5162558199496325,0.24704689111260453,0.1505163213057723,0.24705929667535592,0.12983138878237419,0.08626822784522307,0.0735943848594108
59,9,3,PX-003,negation to lock formation,0.5203236181503487,0.24704689111260453,0.16817972674286408,0.24705929667535592,0.12983138878237419,0.08626822784522307,0.0735943848594108
60,9,4,PX-004,lagged temporal recursion,0.5203236181503487,0.24704689111260453,0.16817972674286408,0.266497771829606,0.13910730862259657,0.08626822784522307,0.0735943848594108
61,9,5,PX-005,false signal injection,0.5203236181503487,0.24704689111260453,0.16817972674286408,0.266497771829606,0.1467908763775719,0.08626822784522307,0.0735943848594108
62,9,6,PX-006,signal to unstable utterance,0.5203236181503487,0.24704689111260453,0.16817972674286408,0.266497771829606,0.1467908763775719,0.09623861816532236,0.0735943848594108
63,9,7,PX-007,silence feedback reset,0.5151745839626911,0.24525418686282321,0.16817972674286408,0.266497771829606,0.14347694248864296,0.09623861816532236,0.0806281593707727
64,10,1,PX-001,amplify identity fracture,0.5460383293089851,0.24466095505288146,0.16817972674286408,0.266497771829606,0.14347694248864296,0.09623861816532236,0.0806281593707727
65,10,2,PX-002,fracture to access recursion,0.5460383293089851,0.27143367723230677,0.16817972674286408,0.2724706880411174,0.14347694248864296,0.09623861816532236,0.0806281593707727
66,10,3,PX-003,negation to lock formation,0.550270071877742,0.27143367723230677,0.18643611749491779,0.2724706880411174,0.14347694248864296,0.09623861816532236,0.0806281593707727
67,10,4,PX-004,lagged temporal recursion,0.550270071877742,0.27143367723230677,0.18643611749491779,0.2916471693701599,0.15346904349758145,0.09623861816532236,0.0806281593707727
68,10,5,PX-005,false signal injection,0.550270071877742,0.27143367723230677,0.18643611749491779,0.2916471693701599,0.16183206392170904,0.09623861816532236,0.0806281593707727
69,10,6,PX-006,signal to unstable utterance,0.550270071877742,0.27143367723230677,0.18643611749491779,0.2916471693701599,0.16183206392170904,0.10714398432134112,0.0806281593707727
70,10,7,PX-007,silence feedback reset,0.5441100798993245,0.26927005692398703,0.18643611749491779,0.2916471693701599,0.1578188028387072,0.10714398432134112,0.08856758635525551
71,11,1,PX-001,amplify identity fracture,0.5731653095207064,0.26855459895340206,0.18643611749491779,0.2916471693701599,0.1578188028387072,0.10714398432134112,0.08856758635525551
72,11,2,PX-002,fracture to access recursion,0.5731653095207064,0.2956488747124202,0.18643611749491779,0.297929880888412,0.1578188028387072,0.10714398432134112,0.08856758635525551
73,11,3,PX-003,negation to lock formation,0.5775431203774763,0.2956488747124202,0.205129102878401,0.297929880888412,0.1578188028387072,0.10714398432134112,0.08856758635525551
74,11,4,PX-004,lagged temporal recursion,0.5775431203774763,0.2956488747124202,0.205129102878401,0.31661112703631733,0.16848456035878848,0.10714398432134112,0.08856758635525551
75,11,5,PX-005,false signal injection,0.5775431203774763,0.2956488747124202,0.205129102878401,0.31661112703631733,0.17747528450643474,0.10714398432134112,0.08856758635525551
76,11,6,PX-006,signal to unstable utterance,0.5775431203774763,0.2956488747124202,0.205129102878401,0.31661112703631733,0.17747528450643474,0.11892613363329187,0.08856758635525551
77,11,7,PX-007,silence feedback reset,0.5702653935363196,0.29305767460235516,0.205129102878401,0.31661112703631733,0.17263603375616618,0.11892613363329187,0.09738279018332642
78,12,1,PX-001,amplify identity fracture,0.5976697092986444,0.2922015113812327,0.205129102878401,0.31661112703631733,0.17263603375616618,0.11892613363329187,0.09738279018332642
79,12,2,PX-002,fracture to access recursion,0.5976697092986444,0.3194141267673079,0.205129102878401,0.323159648839323,0.17263603375616618,0.11892613363329187,0.09738279018332642
80,12,3,PX-003,negation to lock formation,0.602177868592726,0.3194141267673079,0.2241024053258776,0.323159648839323,0.17263603375616618,0.11892613363329187,0.09738279018332642
81,12,4,PX-004,lagged temporal recursion,0.602177868592726,0.3194141267673079,0.2241024053258776,0.3411557464633188,0.18392643261619687,0.11892613363329187,0.09738279018332642
82,12,5,PX-005,false signal injection,0.602177868592726,0.3194141267673079,0.2241024053258776,0.3411557464633188,0.1934934895856645,0.11892613363329187,0.09738279018332642
83,12,6,PX-006,signal to unstable utterance,0.602177868592726,0.3194141267673079,0.2241024053258776,0.3411557464633188,0.1934934895856645,0.13150818756843896,0.09738279018332642
84,12,7,PX-007,silence feedback reset,0.5936779328819894,0.3163372059535409,0.2241024053258776,0.3411557464633188,0.1876946101598716,0.13150818756843896,0.10703349093498624
85,13,1,PX-001,amplify identity fracture,0.6195869272247905,0.3153214456895661,0.2241024053258776,0.3411557464633188,0.1876946101598716,0.13150818756843896,0.10703349093498624
86,13,2,PX-002,fracture to access recursion,0.6195869272247905,0.3424780158002076,0.2241024053258776,0.34792493664349716,0.1876946101598716,0.13150818756843896,0.10703349093498624
87,13,3,PX-003,negation to lock formation,0.6242127596775086,0.3424780158002076,0.24320049881416708,0.34792493664349716,0.1876946101598716,0.13150818756843896,0.10703349093498624
88,13,4,PX-004,lagged temporal recursion,0.6242127596775086,0.3424780158002076,0.24320049881416708,0.36508127516396527,0.19955690966168743,0.13150818756843896,0.10703349093498624
89,13,5,PX-005,false signal injection,0.6242127596775086,0.3424780158002076,0.24320049881416708,0.36508127516396527,0.20965185883350257,0.13150818756843896,0.10703349093498624
90,13,6,PX-006,signal to unstable utterance,0.6242127596775086,0.3424780158002076,0.24320049881416708,0.36508127516396527,0.20965185883350257,0.1447967063441944,0.10703349093498624
91,13,7,PX-007,silence feedback reset,0.6143922759885542,0.3388572569163438,0.24320049881416708,0.36508127516396527,0.20275611459094253,0.1447967063441944,0.11746930433228958
92,14,1,PX-001,amplify identity fracture,0.6389592200780067,0.33766309712920645,0.24320049881416708,0.36508127516396527,0.20275611459094253,0.1447967063441944,0.11746930433228958
93,14,2,PX-002,fracture to access recursion,0.6389592200780067,0.3646163329339507,0.24320049881416708,0.3720263272787897,0.20275611459094253,0.1447967063441944,0.11746930433228958
94,14,3,PX-003,negation to lock formation,0.643693723032087,0.3646163329339507,0.262269705660583,0.3720263272787897,0.20275611459094253,0.1447967063441944,0.11746930433228958
95,14,4,PX-004,lagged temporal recursion,0.643693723032087,0.3646163329339507,0.262269705660583,0.38821740469229876,0.2151362726749549,0.1447967063441944,0.11746930433228958
96,14,5,PX-005,false signal injection,0.643693723032087,0.3646163329339507,0.262269705660583,0.38821740469229876,0.225715374869659,0.1447967063441944,0.11746930433228958
97,14,6,PX-006,signal to unstable utterance,0.643693723032087,0.3646163329339507,0.262269705660583,0.38821740469229876,0.225715374869659,0.15868412309312413,0.11746930433228958
98,14,7,PX-007,silence feedback reset,0.6324640725578708,0.36039527189387444,0.262269705660583,0.38821740469229876,0.2175859058937584,0.15868412309312413,0.12863021753763726
99,15,1,PX-001,amplify identity fracture,0.6558392592386789,0.3590045402271771,0.262269705660583,0.38821740469229876,0.2175859058937584,0.15868412309312413,0.12863021753763726
100,15,2,PX-002,fracture to access recursion,0.6558392592386789,0.3856326121957989,0.262269705660583,0.3952951043020318,0.2175859058937584,0.15868412309312413,0.12863021753763726
101,15,3,PX-003,negation to lock formation,0.6606774649451856,0.3856326121957989,0.2811596520744425,0.3952951043020318,0.2175859058937584,0.15868412309312413,0.12863021753763726
102,15,4,PX-004,lagged temporal recursion,0.6606774649451856,0.3856326121957989,0.2811596520744425,0.4104197951435883,0.23043063518258,0.15868412309312413,0.12863021753763726
103,15,5,PX-005,false signal injection,0.6606774649451856,0.3856326121957989,0.2811596520744425,0.4104197951435883,0.24145593941389748,0.15868412309312413,0.12863021753763726
104,15,6,PX-006,signal to unstable utterance,0.6606774649451856,0.3856326121957989,0.2811596520744425,0.4104197951435883,0.24145593941389748,0.17305143726427055,0.1290851226596288
105,15,7,PX-007,silence feedback reset,0.6479267146530238,0.38074422461059065,0.2811596520744425,0.4104197951435883,0.23193356413875427,0.17305143726427055,0.14084757330079611
106,16,1,PX-001,amplify identity fracture,0.6702495500307207,0.3791354176080498,0.2811596520744425,0.4104197951435883,0.23193356413875427,0.17305143726427055,0.14084757330079611
107,16,2,PX-002,fracture to access recursion,0.6702495500307207,0.40533883373456264,0.2811596520744425,0.4175891877224728,0.23193356413875427,0.17305143726427055,0.14084757330079611
108,16,3,PX-003,negation to lock formation,0.675191212890582,0.40533883373456264,0.2997213717416709,0.4175891877224728,0.23193356413875427,0.17305143726427055,0.14084757330079611
109,16,4,PX-004,lagged temporal recursion,0.675191212890582,0.40533883373456264,0.2997213717416709,0.4315626086412035,0.2451923143255555,0.17305143726427055,0.14084757330079611
110,16,5,PX-005,false signal injection,0.675191212890582,0.40533883373456264,0.2997213717416709,0.4315626086412035,0.2566335757819267,0.17305143726427055,0.14084757330079611
111,16,6,PX-006,signal to unstable utterance,0.675191212890582,0.40533883373456264,0.2997213717416709,0.4315626086412035,0.2566335757819267,0.1877690823739245,0.14180188828114682
112,16,7,PX-007,silence feedback reset,0.6608218446834792,0.3997195574373064,0.2997213717416709,0.4315626086412035,0.24556501459457644,0.1877690823739245,0.15403508893434492
113,17,1,PX-001,amplify identity fracture,0.6822302237637562,0.39787243230994684,0.2997213717416709,0.4315626086412035,0.24556501459457644,0.1877690823739245,0.15403508893434492
114,17,2,PX-002,fracture to access recursion,0.6822302237637562,0.4235729354162862,0.2997213717416709,0.43878584947495014,0.24556501459457644,0.1877690823739245,0.15403508893434492
115,17,3,PX-003,negation to lock formation,0.6872797369903316,0.4235729354162862,0.31780953408365514,0.43878584947495014,0.24556501459457644,0.1877690823739245,0.15403508893434492
116,17,4,PX-004,lagged temporal recursion,0.6872797369903316,0.4235729354162862,0.31780953408365514,0.45153760668735876,0.2591912453030235,0.1877690823739245,0.15403508893434492
117,17,5,PX-005,false signal injection,0.6872797369903316,0.4235729354162862,0.31780953408365514,0.45153760668735876,0.2710257696606748,0.1877690823739245,0.15403508893434492
118,17,6,PX-006,signal to unstable utterance,0.6872797369903316,0.4235729354162862,0.31780953408365514,0.45153760668735876,0.2710257696606748,0.20269988210367818,0.155479993012999
119,17,7,PX-007,silence feedback reset,0.6712167058145068,0.4171664937596339,0.31780953408365514,0.45153760668735876,0.25827269855824714,0.20269988210367818,0.16805295882267912
120,18,1,PX-001,amplify identity fracture,0.6918457439532407,0.4150633118516942,0.31780953408365514,0.45153760668735876,0.25827269855824714,0.20269988210367818,0.16805295882267912
121,18,2,PX-002,fracture to access recursion,0.6918457439532407,0.44020285029174616,0.31780953408365514,0.4587806479517805,0.25827269855824714,0.20269988210367818,0.16805295882267912
122,18,3,PX-003,negation to lock formation,0.6970117226643053,0.44020285029174616,0.33528524170574586,0.4587806479517805,0.25827269855824714,0.20269988210367818,0.16805295882267912
123,18,4,PX-004,lagged temporal recursion,0.6970117226643053,0.44020285029174616,0.33528524170574586,0.47025421479842955,0.2722247141476091,0.20269988210367818,0.16805295882267912
124,18,5,PX-005,false signal injection,0.6970117226643053,0.44020285029174616,0.33528524170574586,0.47025421479842955,0.2844365886673192,0.20269988210367818,0.16805295882267912
125,18,6,PX-006,signal to unstable utterance,0.6970117226643053,0.44020285029174616,0.33528524170574586,0.47025421479842955,0.2844365886673192,0.2177024267352778,0.16997317335032575
126,18,7,PX-007,silence feedback reset,0.6792054323733516,0.43296238996324676,0.33528524170574586,0.47025421479842955,0.2698815182350991,0.2177024267352778,0.18275565265474808
127,19,1,PX-001,amplify identity fracture,0.6991850488357301,0.43058860023866596,0.33528524170574586,0.47025421479842955,0.2698815182350991,0.2177024267352778,0.18275565265474808
128,19,2,PX-002,fracture to access recursion,0.6991850488357301,0.4551280980466604,0.33528524170574586,0.4774872805484403,0.2698815182350991,0.2177024267352778,0.18275565265474808
129,19,3,PX-003,negation to lock formation,0.7044796747318334,0.4551280980466604,0.3520187993057559,0.4774872805484403,0.2698815182350991,0.2177024267352778,0.18275565265474808
130,19,4,PX-004,lagged temporal recursion,0.7044796747318334,0.4551280980466604,0.3520187993057559,0.4876396718425112,0.28412290770925863,0.2177024267352778,0.18275565265474808
131,19,5,PX-005,false signal injection,0.7044796747318334,0.4551280980466604,0.3520187993057559,0.4876396718425112,0.2967018984761053,0.2177024267352778,0.18275565265474808
132,19,6,PX-006,signal to unstable utterance,0.7044796747318334,0.4551280980466604,0.3520187993057559,0.4876396718425112,0.2967018984761053,0.23263453583706917,0.1851300592081437
133,19,7,PX-007,silence feedback reset,0.6849077768545168,0.4470179753545808,0.3520187993057559,0.4876396718425112,0.28025327257682214,0.23263453583706917,0.19799365221173598
134,20,1,PX-001,amplify identity fracture,0.7043604775979057,0.44436277370823835,0.3520187993057559,0.4876396718425112,0.28025327257682214,0.23263453583706917,0.19799365221173598
135,20,2,PX-002,fracture to access recursion,0.7043604775979057,0.4682806791016172,0.3520187993057559,0.4948375251149407,0.28025327257682214,0.23263453583706917,0.19799365221173598
136,20,3,PX-003,negation to lock formation,0.7097986530951953,0.4682806791016172,0.367892320560119,0.4948375251149407,0.28025327257682214,0.23263453583706917,0.19799365221173598
137,20,4,PX-004,lagged temporal recursion,0.7097986530951953,0.4682806791016172,0.367892320560119,0.503639117457484,0.294752976840515,0.23263453583706917,0.19799365221173598
138,20,5,PX-005,false signal injection,0.7097986530951953,0.4682806791016172,0.367892320560119,0.503639117457484,0.30769318947195107,0.23263453583706917,0.19799365221173598
139,20,6,PX-006,signal to unstable utterance,0.7097986530951953,0.4682806791016172,0.367892320560119,0.503639117457484,0.30769318947195107,0.2473566865221244,0.20079607689623571
140,20,7,PX-007,silence feedback reset,0.6884666378899382,0.4592777985768178,0.367892320560119,0.503639117457484,0.2892893408333535,0.2473566865221244,0.21361548809362202
141,21,1,PX-001,amplify identity fracture,0.7075056248158798,0.45633453304341126,0.367892320560119,0.503639117457484,0.2892893408333535,0.2473566865221244,0.21361548809362202
142,21,2,PX-002,fracture to access recursion,0.7075056248158798,0.47962514940886536,0.367892320560119,0.5107811323309891,0.2892893408333535,0.2473566865221244,0.21361548809362202
143,21,3,PX-003,negation to lock formation,0.7131039970892459,0.47962514940886536,0.38280204669522866,0.5107811323309891,0.2892893408333535,0.2473566865221244,0.21361548809362202
144,21,4,PX-004,lagged temporal recursion,0.7131039970892459,0.47962514940886536,0.38280204669522866,0.5182155102432388,0.3040213923083676,0.2473566865221244,0.21361548809362202
145,21,5,PX-005,false signal injection,0.7131039970892459,0.47962514940886536,0.38280204669522866,0.5182155102432388,0.31731980186747893,0.2473566865221244,0.21361548809362202
146,21,6,PX-006,signal to unstable utterance,0.7131039970892459,0.47962514940886536,0.38280204669522866,0.5182155102432388,0.31731980186747893,0.2617352798084165,0.21681561002785404
147,21,7,PX-007,silence feedback reset,0.6900446143590309,0.46971978795381664,0.38280204669522866,0.5182155102432388,0.2969314989813509,0.2617352798084165,0.22946997641473027
148,22,1,PX-001,amplify identity fracture,0.7087723206783835,0.4664861902939178,0.38280204669522866,0.5182155102432388,0.2969314989813509,0.2617352798084165,0.22946997641473027
149,22,2,PX-002,fracture to access recursion,0.7087723206783835,0.48915781710943285,0.38280204669522866,0.5252855697230367,0.2969314989813509,0.2617352798084165,0.22946997641473027
150,22,3,PX-003,negation to lock formation,0.714548243123889,0.48915781710943285,0.3966602665625679,0.5252855697230367,0.2969314989813509,0.2617352798084165,0.22946997641473027
151,22,4,PX-004,lagged temporal recursion,0.714548243123889,0.48915781710943285,0.3966602665625679,0.5313493067470751,0.3118744974058295,0.2617352798084165,0.22946997641473027
152,22,5,PX-005,false signal injection,0.714548243123889,0.48915781710943285,0.3966602665625679,0.5313493067470751,0.32552945460637317,0.2617352798084165,0.22946997641473027
153,22,6,PX-006,signal to unstable utterance,0.714548243123889,0.48915781710943285,0.3966602665625679,0.5313493067470751,0.32552945460637317,0.27564562111706403,0.23303431334140484
154,22,7,PX-007,silence feedback reset,0.6898198553070154,0.4783539011977844,0.3966602665625679,0.5313493067470751,0.3031608954949833,0.27564562111706403,0.24540854900121417
155,23,1,PX-001,amplify identity fracture,0.7083269699078691,0.4748321370937239,0.3966602665625679,0.5313493067470751,0.3031608954949833,0.27564562111706403,0.24540854900121417
156,23,2,PX-002,fracture to access recursion,0.7083269699078691,0.49690506754921865,0.3966602665625679,0.5383355538787101,0.3031608954949833,0.27564562111706403,0.24540854900121417
157,23,3,PX-003,negation to lock formation,0.7142974694645966,0.49690506754921865,0.4093967518931426,0.5383355538787101,0.3031608954949833,0.27564562111706403,0.24540854900121417
158,23,4,PX-004,lagged temporal recursion,0.7142974694645966,0.49690506754921865,0.4093967518931426,0.5430378652387421,0.31829729628399456,0.27564562111706403,0.24540854900121417
159,23,5,PX-005,false signal injection,0.7142974694645966,0.49690506754921865,0.4093967518931426,0.5430378652387421,0.33230711066929536,0.27564562111706403,0.24540854900121417
160,23,6,PX-006,signal to unstable utterance,0.7142974694645966,0.49690506754921865,0.4093967518931426,0.5430378652387421,0.33230711066929536,0.2889745045400457,0.24930147134212308
161,23,7,PX-007,silence feedback reset,0.6879814948875957,0.4852199069558916,0.4093967518931426,0.5430378652387421,0.30799534977041076,0.2889745045400457,0.2612875701670596
162,24,1,PX-001,amplify identity fracture,0.706346497560332,0.48141644904133585,0.4093967518931426,0.5430378652387421,0.30799534977041076,0.2889745045400457,0.2612875701670596
163,24,2,PX-002,fracture to access recursion,0.706346497560332,0.50292088481761,0.4093967518931426,0.5499323392730103,0.30799534977041076,0.2889745045400457,0.2612875701670596
164,24,3,PX-003,negation to lock formation,0.7125273113547222,0.50292088481761,0.42095965095189963,0.5499323392730103,0.30799534977041076,0.2889745045400457,0.2612875701670596
165,24,4,PX-004,lagged temporal recursion,0.7125273113547222,0.50292088481761,0.42095965095189963,0.5532945676490705,0.32331064632080786,0.2889745045400457,0.2612875701670596
166,24,5,PX-005,false signal injection,0.7125273113547222,0.50292088481761,0.42095965095189963,0.5532945676490705,0.33767233334335217,0.2889745045400457,0.2612875701670596
167,24,6,PX-006,signal to unstable utterance,0.7125273113547222,0.50292088481761,0.42095965095189963,0.5532945676490705,0.33767233334335217,0.30162231280510693,0.26547229667949246
168,24,7,PX-007,silence feedback reset,0.6847249562685753,0.49038440065317745,0.42095965095189963,0.5532945676490705,0.31148525266446914,0.30162231280510693,0.27697053890337375
169,25,1,PX-001,amplify identity fracture,0.7030141454676746,0.4863097397016159,0.42095965095189963,0.5532945676490705,0.31148525266446914,0.30162231280510693,0.27697053890337375
170,25,2,PX-002,fracture to access recursion,0.7030141454676746,0.5072836905788378,0.42095965095189963,0.5600927590588083,0.31148525266446914,0.30162231280510693,0.27697053890337375
171,25,3,PX-003,negation to lock formation,0.7094188802828114,0.5072836905788378,0.43131581638611094,0.5600927590588083,0.31148525266446914,0.30162231280510693,0.27697053890337375
172,25,4,PX-004,lagged temporal recursion,0.7094188802828114,0.5072836905788378,0.43131581638611094,0.5621476769139389,0.3269671312938954,0.30162231280510693,0.27697053890337375
173,25,5,PX-005,false signal injection,0.7094188802828114,0.5072836905788378,0.43131581638611094,0.5621476769139389,0.3416753905188184,0.30162231280510693,0.27697053890337375
174,25,6,PX-006,signal to unstable utterance,0.7094188802828114,0.5072836905788378,0.43131581638611094,0.5621476769139389,0.3416753905188184,0.313504573495737,0.28141007206539337
175,25,7,PX-007,silence feedback reset,0.6802473815781477,0.49393720490143816,0.43131581638611094,0.5621476769139389,0.31370843147883676,0.313504573495737,0.292330086810457
176,26,1,PX-001,amplify identity fracture,0.698515341660008,0.4896054237218056,0.43131581638611094,0.5621476769139389,0.31370843147883676,0.313504573495737,0.292330086810457
177,26,2,PX-002,fracture to access recursion,0.698515341660008,0.510092660338922,0.43131581638611094,0.5688480346034952,0.31370843147883676,0.313504573495737,0.292330086810457
178,26,3,PX-003,negation to lock formation,0.705154796227424,0.510092660338922,0.4404505757588883,0.5688480346034952,0.31370843147883676,0.313504573495737,0.292330086810457
179,26,4,PX-004,lagged temporal recursion,0.705154796227424,0.510092660338922,0.4404505757588883,0.5696389648814274,0.3293459682268066,0.313504573495737,0.292330086810457
180,26,5,PX-005,false signal injection,0.705154796227424,0.510092660338922,0.4404505757588883,0.5696389648814274,0.3443924363750241,0.313504573495737,0.292330086810457
181,26,6,PX-006,signal to unstable utterance,0.705154796227424,0.510092660338922,0.4404505757588883,0.5696389648814274,0.3443924363750241,0.3245529440557077,0.2969880535158565
182,26,7,PX-007,silence feedback reset,0.6747434019744455,0.4959873369002342,0.4404505757588883,0.5696389648814274,0.314764384168232,0.3245529440557077,0.3072496982828295
183,27,1,PX-001,amplify identity fracture,0.6930338308897275,0.4914155781117932,0.4404505757588883,0.5696389648814274,0.314764384168232,0.3245529440557077,0.3072496982828295
184,27,2,PX-002,fracture to access recursion,0.6930338308897275,0.5114637009472665,0.4404505757588883,0.5762423863143846,0.314764384168232,0.3245529440557077,0.3072496982828295
185,27,3,PX-003,negation to lock formation,0.6999155056508073,0.5114637009472665,0.4483669833080307,0.5762423863143846,0.314764384168232,0.3245529440557077,0.3072496982828295
186,27,4,PX-004,lagged temporal recursion,0.6999155056508073,0.5114637009472665,0.4483669833080307,0.5758221579473914,0.33054733820865834,0.3245529440557077,0.3072496982828295
187,27,5,PX-005,false signal injection,0.6999155056508073,0.5114637009472665,0.4483669833080307,0.5758221579473914,0.345920135967018,0.3245529440557077,0.3072496982828295
188,27,6,PX-006,signal to unstable utterance,0.6999155056508073,0.5114637009472665,0.4483669833080307,0.5758221579473914,0.345920135967018,0.33471563023716205,0.3120910705052895
189,27,7,PX-007,silence feedback reset,0.6684014093084336,0.49665874024314577,0.4483669833080307,0.5758221579473914,0.3147682885474172,0.33471563023716205,0.32162509885736634
190,28,1,PX-001,amplify identity fracture,0.6867482122978064,0.49186660275027344,0.4483669833080307,0.5758221579473914,0.3147682885474172,0.33471563023716205,0.32162509885736634
191,28,2,PX-002,fracture to access recursion,0.6867482122978064,0.5115252804698035,0.4483669833080307,0.5823314886361426,0.3147682885474172,0.33471563023716205,0.32162509885736634
192,28,3,PX-003,negation to lock formation,0.6938760157825232,0.5115252804698035,0.4550846165636681,0.5823314886361426,0.3147682885474172,0.33471563023716205,0.32162509885736634
193,28,4,PX-004,lagged temporal recursion,0.6938760157825232,0.5115252804698035,0.4550846165636681,0.5807612541435332,0.33068652967230205,0.33471563023716205,0.32162509885736634
194,28,5,PX-005,false signal injection,0.6938760157825232,0.5115252804698035,0.4550846165636681,0.5807612541435332,0.3463700976317048,0.33471563023716205,0.32162509885736634
195,28,6,PX-006,signal to unstable utterance,0.6938760157825232,0.5115252804698035,0.4550846165636681,0.5807612541435332,0.3463700976317048,0.3439572719976355,0.3266167787056009
196,28,7,PX-007,silence feedback reset,0.661400435100097,0.49608597683335964,0.4550846165636681,0.5807612541435332,0.313845156432697,0.3439572719976355,0.335365278574607
197,29,1,PX-001,amplify identity fracture,0.6798289851686555,0.4910948764788294,0.4550846165636681,0.5807612541435332,0.313845156432697,0.3439572719976355,0.335365278574607
198,29,2,PX-002,fracture to access recursion,0.6798289851686555,0.5104142937591644,0.4550846165636681,0.5871808175950174,0.313845156432697,0.3439572719976355,0.335365278574607
199,29,3,PX-003,negation to lock formation,0.6872031319649967,0.5104142937591644,0.46063799999044863,0.5871808175950174,0.313845156432697,0.3439572719976355,0.335365278574607
200,29,4,PX-004,lagged temporal recursion,0.6872031319649967,0.5104142937591644,0.46063799999044863,0.5845287672715584,0.3298882462274092,0.3439572719976355,0.335365278574607
201,29,5,PX-005,false signal injection,0.6872031319649967,0.5104142937591644,0.46063799999044863,0.5845287672715584,0.34586344509173017,0.3439572719976355,0.335365278574607
202,29,6,PX-006,signal to unstable utterance,0.6872031319649967,0.5104142937591644,0.46063799999044863,0.5845287672715584,0.34586344509173017,0.35225835507371905,0.34047654170525204
203,29,7,PX-007,silence feedback reset,0.6539076892327138,0.4944100583855061,0.46063799999044863,0.5845287672715584,0.3121244388238975,0.35225835507371905,0.34839313800447186
204,30,1,PX-001,amplify identity fracture,0.6724361598124248,0.48924258623444905,0.46063799999044863,0.5845287672715584,0.3121244388238975,0.35225835507371905,0.34839313800447186
205,30,2,PX-002,fracture to access recursion,0.6724361598124248,0.508272126674433,0.46063799999044863,0.5908639406824865,0.3121244388238975,0.35225835507371905,0.34839313800447186
206,30,3,PX-003,negation to lock formation,0.6800532433503264,0.508272126674433,0.465074749004025,0.5908639406824865,0.3121244388238975,0.35225835507371905,0.34839313800447186
207,30,4,PX-004,lagged temporal recursion,0.6800532433503264,0.508272126674433,0.465074749004025,0.5872039517814243,0.3282813687381564,0.35225835507371905,0.34839313800447186
208,30,5,PX-005,false signal injection,0.6800532433503264,0.508272126674433,0.465074749004025,0.5872039517814243,0.34452580357240525,0.35225835507371905,0.34839313800447186
209,30,6,PX-006,signal to unstable utterance,0.6800532433503264,0.508272126674433,0.465074749004025,0.5872039517814243,0.34452580357240525,0.3596142240437485,0.35359593793002464
210,30,7,PX-007,silence feedback reset,0.6460767640261518,0.49177456963535626,0.465074749004025,0.5872039517814243,0.3097353075342496,0.3596142240437485,0.3606457637612881
211,31,1,PX-001,amplify identity fracture,0.664717451093728,0.4864538771774206,0.465074749004025,0.5872039517814243,0.3097353075342496,0.3596142240437485,0.3606457637612881
212,31,2,PX-002,fracture to access recursion,0.664717451093728,0.5052410524704841,0.465074749004025,0.5934607970771526,0.3097353075342496,0.3596142240437485,0.3606457637612881
213,31,3,PX-003,negation to lock formation,0.6725706657991325,0.5052410524704841,0.4684535315674805,0.5934607970771526,0.3097353075342496,0.3596142240437485,0.3606457637612881
214,31,4,PX-004,lagged temporal recursion,0.6725706657991325,0.5052410524704841,0.4684535315674805,0.5888710573983834,0.3259943835077327,0.3596142240437485,0.3606457637612881
215,31,5,PX-005,false signal injection,0.6725706657991325,0.5052410524704841,0.4684535315674805,0.5888710573983834,0.3424829020078443,0.3596142240437485,0.3606457637612881
216,31,6,PX-006,signal to unstable utterance,0.6725706657991325,0.5052410524704841,0.4684535315674805,0.5888710573983834,0.3424829020078443,0.36603378302789646,0.36591490664077503
217,31,7,PX-007,silence feedback reset,0.6380464716974379,0.4883222009077179,0.4684535315674805,0.5888710573983834,0.3068027524812753,0.36603378302789646,0.37207435671960465
218,32,1,PX-001,amplify identity fracture,0.65680703907969,0.48287143584447867,0.4684535315674805,0.5888710573983834,0.3068027524812753,0.36603378302789646,0.37207435671960465
219,32,2,PX-002,fracture to access recursion,0.65680703907969,0.5014610592482122,0.4684535315674805,0.5950560120497216,0.3068027524812753,0.36603378302789646,0.37207435671960465
220,32,3,PX-003,negation to lock formation,0.664886521086482,0.5014610592482122,0.47084194181174993,0.5950560120497216,0.3068027524812753,0.36603378302789646,0.37207435671960465
221,32,4,PX-004,lagged temporal recursion,0.664886521086482,0.5014610592482122,0.47084194181174993,0.5896176559296005,0.32315160592842895,0.36603378302789646,0.37207435671960465
222,32,5,PX-005,false signal injection,0.664886521086482,0.5014610592482122,0.47084194181174993,0.5896176559296005,0.33985691650654654,0.36603378302789646,0.37207435671960465
223,32,6,PX-006,signal to unstable utterance,0.664886521086482,0.5014610592482122,0.47084194181174993,0.5896176559296005,0.33985691650654654,0.3715379734862717,0.37738756144278857
224,32,7,PX-007,silence feedback reset,0.6299402556630377,0.4841917701636829,0.47084194181174993,0.5896176559296005,0.3034445520881584,0.3715379734862717,0.38264384898753523
225,33,1,PX-001,amplify identity fracture,0.6488248557404223,0.4786335800861773,0.47084194181174993,0.5896176559296005,0.3034445520881584,0.3715379734862717,0.38264384898753523
226,33,2,PX-002,fracture to access recursion,0.6488248557404223,0.49706717125104305,0.47084194181174993,0.5957372836565539,0.3034445520881584,0.3715379734862717,0.38264384898753523
227,33,3,PX-003,negation to lock formation,0.657118109125825,0.49706717125104305,0.4723143719575249,0.5957372836565539,0.3034445520881584,0.3715379734862717,0.38264384898753523
228,33,4,PX-004,lagged temporal recursion,0.657118109125825,0.49706717125104305,0.4723143719575249,0.5895330750335781,0.31987025109371275,0.3715379734862717,0.38264384898753523
229,33,5,PX-005,false signal injection,0.657118109125825,0.49706717125104305,0.4723143719575249,0.5895330750335781,0.33676360738014044,0.3715379734862717,0.38264384898753523
230,33,6,PX-006,signal to unstable utterance,0.657118109125825,0.49706717125104305,0.4723143719575249,0.5895330750335781,0.33676360738014044,0.3761581157518302,0.3879817106815615
231,33,7,PX-007,silence feedback reset,0.6218660984657775,0.47951577768964343,0.4723143719575249,0.5895330750335781,0.2997691042760723,0.3761581157518302,0.39233225466233546
232,34,1,PX-001,amplify identity fracture,0.6408763387531559,0.4738718925034292,0.4723143719575249,0.5895330750335781,0.2997691042760723,0.3761581157518302,0.39233225466233546
233,34,2,PX-002,fracture to access recursion,0.6408763387531559,0.4921872923924186,0.4723143719575249,0.595593873166054,0.2997691042760723,0.3761581157518302,0.39233225466233546
234,34,3,PX-003,negation to lock formation,0.6493687147556969,0.4921872923924186,0.47294995673948775,0.595593873166054,0.2997691042760723,0.3761581157518302,0.39233225466233546
235,34,4,PX-004,lagged temporal recursion,0.6493687147556969,0.4921872923924186,0.47294995673948775,0.5887069656823617,0.3162583365120193,0.3761581157518302,0.39233225466233546
236,34,5,PX-005,false signal injection,0.6493687147556969,0.4921872923924186,0.47294995673948775,0.5887069656823617,0.33331023965717005,0.3761581157518302,0.39233225466233546
237,34,6,PX-006,signal to unstable utterance,0.6493687147556969,0.4921872923924186,0.47294995673948775,0.5887069656823617,0.33331023965717005,0.37993419329434003,0.3976781312768086
238,34,7,PX-007,silence feedback reset,0.6139168402472424,0.4744185030775557,0.47294995673948775,0.5887069656823617,0.29587405169875086,0.37993419329434003,0.40112980452562125
239,35,1,PX-001,amplify identity fracture,0.633052582731072,0.46870940103547054,0.47294995673948775,0.5887069656823617,0.29587405169875086,0.37993419329434003,0.40112980452562125
240,35,2,PX-002,fracture to access recursion,0.633052582731072,0.48694057010610603,0.47294995673948775,0.5947152236207007,0.29587405169875086,0.37993419329434003,0.40112980452562125
241,35,3,PX-003,negation to lock formation,0.6417277820242847,0.48694057010610603,0.4728306501121864,0.5947152236207007,0.29587405169875086,0.37993419329434003,0.40112980452562125
242,35,4,PX-004,lagged temporal recursion,0.6417277820242847,0.48694057010610603,0.4728306501121864,0.5872280221102077,0.3124133512162475,0.37993419329434003,0.40112980452562125
243,35,5,PX-005,false signal injection,0.6417277820242847,0.48694057010610603,0.4728306501121864,0.5872280221102077,0.3295942289049409,0.37993419329434003,0.40112980452562125
244,35,6,PX-006,signal to unstable utterance,0.6417277820242847,0.48694057010610603,0.4728306501121864,0.5872280221102077,0.3295942289049409,0.38291314776433133,0.40646964614063863
245,35,7,PX-007,silence feedback reset,0.6061708200691582,0.46901462604414523,0.4728306501121864,0.5872280221102077,0.2918455986362469,0.38291314776433133,0.40903791647635307
246,36,1,PX-001,amplify identity fracture,0.6254308136818851,0.46325928308112424,0.4728306501121864,0.5872280221102077,0.2918455986362469,0.38291314776433133,0.40903791647635307
247,36,2,PX-002,fracture to access recursion,0.6254308136818851,0.4814362529564072,0.4728306501121864,0.5931897239410278,0.2918455986362469,0.38291314776433133,0.40903791647635307
248,36,3,PX-003,negation to lock formation,0.6342713858544012,0.4814362529564072,0.4720394787097056,0.5931897239410278,0.2918455986362469,0.38291314776433133,0.40903791647635307
249,36,4,PX-004,lagged temporal recursion,0.6342713858544012,0.4814362529564072,0.4720394787097056,0.5851828656092328,0.30842159151160015,0.38291314776433133,0.40903791647635307
250,36,5,PX-005,false signal injection,0.6342713858544012,0.4814362529564072,0.4720394787097056,0.5851828656092328,0.3257024216369651,0.38291314776433133,0.40903791647635307
251,36,6,PX-006,signal to unstable utterance,0.6342713858544012,0.4814362529564072,0.4720394787097056,0.5851828656092328,0.3257024216369651,0.3851472401015919,0.41436005576075446
252,36,7,PX-007,silence feedback reset,0.5986927562666194,0.4634083309941442,0.4720394787097056,0.5851828656092328,0.2877583974302863,0.3851472401015919,0.4160680521981418
253,37,1,PX-001,amplify identity fracture,0.6180751130314891,0.45762404894467046,0.4720394787097056,0.5851828656092328,0.2877583974302863,0.3851472401015919,0.4160680521981418
254,37,2,PX-002,fracture to access recursion,0.6180751130314891,0.4757729971217009,0.4720394787097056,0.5911036293478288,0.2877583974302863,0.3851472401015919,0.4160680521981418
255,37,3,PX-003,negation to lock formation,0.6270629323302154,0.4757729971217009,0.47065900156788,0.5911036293478288,0.2877583974302863,0.3851472401015919,0.4160680521981418
256,37,4,PX-004,lagged temporal recursion,0.6270629323302154,0.4757729971217009,0.47065900156788,0.5826550968680726,0.3043580454278354,0.3851472401015919,0.4160680521981418
257,37,5,PX-005,false signal injection,0.6270629323302154,0.4757729971217009,0.47065900156788,0.5826550968680726,0.3217109018078744,0.3851472401015919,0.4160680521981418
258,37,6,PX-006,signal to unstable utterance,0.6270629323302154,0.4757729971217009,0.47065900156788,0.5826550968680726,0.3217109018078744,0.38669251972367186,0.421362972381916
259,37,7,PX-007,silence feedback reset,0.5915347896885154,0.45769284028589036,0.47065900156788,0.5826550968680726,0.28367587700995484,0.38669251972367186,0.4222405069735792
260,38,1,PX-001,amplify identity fracture,0.6110373218872371,0.4518951465782756,0.47065900156788,0.5826550968680726,0.28367587700995484,0.38669251972367186,0.4222405069735792
261,38,2,PX-002,fracture to access recursion,0.6110373218872371,0.4700385648547071,0.47065900156788,0.5885401428475994,0.28367587700995484,0.38669251972367186,0.4222405069735792
262,38,3,PX-003,negation to lock formation,0.620154023461233,0.4700385648547071,0.46876999192981034,0.5885401428475994,0.28367587700995484,0.38669251972367186,0.4222405069735792
263,38,4,PX-004,lagged temporal recursion,0.620154023461233,0.4700385648547071,0.46876999192981034,0.5797245158171839,0.30028670322469775,0.38669251972367186,0.4222405069735792
264,38,5,PX-005,false signal injection,0.620154023461233,0.4700385648547071,0.46876999192981034,0.5797245158171839,0.317685209705207,0.38669251972367186,0.4222405069735792
265,38,6,PX-006,signal to unstable utterance,0.620154023461233,0.4700385648547071,0.46876999192981034,0.5797245158171839,0.317685209705207,0.387607431076809,0.4275006011330985
266,38,7,PX-007,silence feedback reset,0.5847376236330823,0.45195031250706824,0.46876999192981034,0.5797245158171839,0.27965089158801526,0.387607431076809,0.42758317437752386
267,39,1,PX-001,amplify identity fracture,0.604358063175506,0.44615292202858764,0.46876999192981034,0.5797245158171839,0.27965089158801526,0.387607431076809,0.42758317437752386
268,39,2,PX-002,fracture to access recursion,0.604358063175506,0.46430985177497824,0.46876999192981034,0.5855786572501512,0.27965089158801526,0.387607431076809,0.42758317437752386
269,39,3,PX-003,negation to lock formation,0.6135854290750793,0.46430985177497824,0.46645034515977307,0.5855786572501512,0.27965089158801526,0.387607431076809,0.42758317437752386
270,39,4,PX-004,lagged temporal recursion,0.6135854290750793,0.46430985177497824,0.46645034515977307,0.5764665032236063,0.29626117685307524,0.387607431076809,0.42758317437752386
271,39,5,PX-005,false signal injection,0.6135854290750793,0.46430985177497824,0.46645034515977307,0.5764665032236063,0.31368086401705136,0.387607431076809,0.42758317437752386
272,39,6,PX-006,signal to unstable utterance,0.6135854290750793,0.46430985177497824,0.46645034515977307,0.5764665032236063,0.31368086401705136,0.38795157536843344,0.4328025070642455
273,39,7,PX-007,silence feedback reset,0.5783317052723562,0.4462520388800592,0.46645034515977307,0.5764665032236063,0.2757265804890944,0.38795157536843344,0.43213032144822844
274,40,1,PX-001,amplify identity fracture,0.5980678278084881,0.4404668677698142,0.46645034515977307,0.5764665032236063,0.2757265804890944,0.38795157536843344,0.43213032144822844
275,40,2,PX-002,fracture to access recursion,0.5980678278084881,0.45865317846840303,0.46645034515977307,0.5822941527581361,0.2757265804890944,0.38795157536843344,0.43213032144822844
276,40,3,PX-003,negation to lock formation,0.6073881165340286,0.45865317846840303,0.46377420721123974,0.5822941527581361,0.2757265804890944,0.38795157536843344,0.43213032144822844
277,40,4,PX-004,lagged temporal recursion,0.6073881165340286,0.45865317846840303,0.46377420721123974,0.5729515545810357,0.2923255237551142,0.38795157536843344,0.43213032144822844
278,40,5,PX-005,false signal injection,0.6073881165340286,0.45865317846840303,0.46377420721123974,0.5729515545810357,0.30974408890248595,0.38795157536843344,0.43213032144822844
279,40,6,PX-006,signal to unstable utterance,0.6073881165340286,0.45865317846840303,0.46377420721123974,0.5729515545810357,0.30974408890248595,0.38778463554481357,0.4373044009588631
280,40,7,PX-007,silence feedback reset,0.5723384044203725,0.4406588721171613,0.46377420721123974,0.5729515545810357,0.271937347081508,0.38778463554481357,0.4359214034091627
281,41,1,PX-001,amplify identity fracture,0.5921880802273676,0.434896093098421,0.46377420721123974,0.5729515545810357,0.271937347081508,0.38778463554481357,0.4359214034091627
282,41,2,PX-002,fracture to access recursion,0.5921880802273676,0.45312478429217784,0.46377420721123974,0.5787567416224191,0.271937347081508,0.38778463554481357,0.4359214034091627
283,41,3,PX-003,negation to lock formation,0.6015842974930847,0.45312478429217784,0.4608113108099331,0.5787567416224191,0.271937347081508,0.38778463554481357,0.4359214034091627
284,41,4,PX-004,lagged temporal recursion,0.6015842974930847,0.45312478429217784,0.4608113108099331,0.5692449541282371,0.2885151867400308,0.38778463554481357,0.4359214034091627
285,41,5,PX-005,false signal injection,0.6015842974930847,0.45312478429217784,0.4608113108099331,0.5692449541282371,0.3059126626878128,0.38778463554481357,0.4359214034091627
286,41,6,PX-006,signal to unstable utterance,0.6015842974930847,0.45312478429217784,0.4608113108099331,0.5692449541282371,0.3059126626878128,0.38716546471338187,0.44104697047033986
287,41,7,PX-007,silence feedback reset,0.5667711559540048,0.4352218264894298,0.4608113108099331,0.5692449541282371,0.2683098832828518,0.38716546471338187,0.43899994054529795
288,42,1,PX-001,amplify identity fracture,0.5867323478350742,0.42948995581084354,0.4608113108099331,0.5692449541282371,0.2683098832828518,0.38716546471338187,0.43899994054529795
289,42,2,PX-002,fracture to access recursion,0.5867323478350742,0.4477714664252015,0.4608113108099331,0.5750313486850387,0.2683098832828518,0.38716546471338187,0.43899994054529795
290,42,3,PX-003,negation to lock formation,0.5961884593254745,0.4477714664252015,0.4576265014144662,0.5750313486850387,0.2683098832828518,0.38716546471338187,0.43899994054529795
291,42,4,PX-004,lagged temporal recursion,0.5961884593254745,0.4477714664252015,0.4576265014144662,0.565406575022025,0.28485797939767216,0.38716546471338187,0.43899994054529795
292,42,5,PX-005,false signal injection,0.5961884593254745,0.4477714664252015,0.4576265014144662,0.565406575022025,0.30221682102606073,0.38716546471338187,0.43899994054529795
293,42,6,PX-006,signal to unstable utterance,0.5961884593254745,0.4477714664252015,0.4576265014144662,0.565406575022025,0.30221682102606073,0.3861513322243453,0.44407477697824266
294,42,7,PX-007,silence feedback reset,0.5616365416021145,0.42998279446458426,0.4576265014144662,0.565406575022025,0.26486418414345086,0.3861513322243453,0.44141247375918224
295,43,1,PX-001,amplify identity fracture,0.581707267461502,0.4242888013952293,0.4576265014144662,0.565406575022025,0.26486418414345086,0.3861513322243453,0.44141247375918224
296,43,2,PX-002,fracture to access recursion,0.581707267461502,0.44263131405721556,0.4576265014144662,0.5711775147853838,0.26486418414345086,0.3861513322243453,0.44141247375918224
297,43,3,PX-003,negation to lock formation,0.5912083567061744,0.44263131405721556,0.454279431871217,0.5711775147853838,0.26486418414345086,0.3861513322243453,0.44141247375918224
298,43,4,PX-004,lagged temporal recursion,0.5912083567061744,0.44263131405721556,0.454279431871217,0.5614907906860462,0.2813750637637279,0.3861513322243453,0.44141247375918224
299,43,5,PX-005,false signal injection,0.5912083567061744,0.44263131405721556,0.454279431871217,0.5614907906860462,0.29868016326011854,0.3861513322243453,0.44141247375918224
300,43,6,PX-006,signal to unstable utterance,0.5912083567061744,0.44263131405721556,0.454279431871217,0.5614907906860462,0.29868016326011854,0.3847973173721304,0.4464352328558411
301,43,7,PX-007,silence feedback reset,0.5569352949367254,0.4249753330491831,0.454279431871217,0.5614907906860462,0.2616145133035599,0.3847973173721304,0.443207609867741
302,44,1,PX-001,amplify identity fracture,0.5771135697590818,0.41932476400077884,0.454279431871217,0.5614907906860462,0.2616145133035599,0.3847973173721304,0.443207609867741
303,44,2,PX-002,fracture to access recursion,0.5771135697590818,0.4377344953149212,0.454279431871217,0.5672493089089459,0.2616145133035599,0.3847973173721304,0.443207609867741
304,44,3,PX-003,negation to lock formation,0.5866459458854334,0.4377344953149212,0.45082440318177347,0.5672493089089459,0.2616145133035599,0.3847973173721304,0.443207609867741
305,44,4,PX-004,lagged temporal recursion,0.5866459458854334,0.4377344953149212,0.45082440318177347,0.5575464820338774,0.27808188252325877,0.3847973173721304,0.443207609867741
306,44,5,PX-005,false signal injection,0.5866459458854334,0.4377344953149212,0.45082440318177347,0.5575464820338774,0.29532052517968066,0.3847973173721304,0.443207609867741
307,44,6,PX-006,signal to unstable utterance,0.5866459458854334,0.4377344953149212,0.45082440318177347,0.5575464820338774,0.29532052517968066,0.3831558379253339,0.44817766876255755
308,44,7,PX-007,silence feedback reset,0.5526632201414081,0.42022548115596764,0.45082440318177347,0.5575464820338774,0.2585702939728095,0.3831558379253339,0.4444351629774771
309,45,1,PX-001,amplify identity fracture,0.5729469891156916,0.4146225917498224,0.45082440318177347,0.5575464820338774,0.2585702939728095,0.3831558379253339,0.4444351629774771
310,45,2,PX-002,fracture to access recursion,0.5729469891156916,0.43310406239577776,0.45082440318177347,0.5632953345154503,0.2585702939728095,0.3831558379253339,0.4444351629774771
311,45,3,PX-003,negation to lock formation,0.5824982502475184,0.43310406239577776,0.4473103286193318,0.5632953345154503,0.2585702939728095,0.3831558379253339,0.4444351629774771
312,45,4,PX-004,lagged temporal recursion,0.5824982502475184,0.43310406239577776,0.4473103286193318,0.5536171254990453,0.2749890212772245,0.3831558379253339,0.4444351629774771
313,45,5,PX-005,false signal injection,0.5824982502475184,0.43310406239577776,0.4473103286193318,0.5536171254990453,0.29215079372599273,0.3831558379253339,0.4444351629774771
314,45,6,PX-006,signal to unstable utterance,0.5824982502475184,0.43310406239577776,0.4473103286193318,0.5536171254990453,0.29215079372599273,0.38127629917995987,0.44935249622111156
315,45,7,PX-007,silence feedback reset,0.5488120205205562,0.41575257731759074,0.4473103286193318,0.5536171254990453,0.25573691124741305,0.38127629917995987,0.4451453943425357
316,46,1,PX-001,amplify identity fracture,0.5691990922222993,0.4102004669682218,0.4473103286193318,0.5536171254990453,0.25573691124741305,0.38127629917995987,0.4451453943425357
317,46,2,PX-002,fracture to access recursion,0.5691990922222993,0.4287567479168098,0.4473103286193318,0.5593588155869489,0.25573691124741305,0.38127629917995987,0.4451453943425357
318,46,3,PX-003,negation to lock formation,0.5787581507806547,0.4287567479168098,0.44378079924047287,0.5593588155869489,0.25573691124741305,0.38127629917995987,0.4451453943425357
319,46,4,PX-004,lagged temporal recursion,0.5787581507806547,0.4287567479168098,0.44378079924047287,0.5497409474716718,0.2721029870705747,0.38127629917995987,0.4451453943425357
320,46,5,PX-005,false signal injection,0.5787581507806547,0.4287567479168098,0.44378079924047287,0.5497409474716718,0.28917964923954853,0.38127629917995987,0.4451453943425357
321,46,6,PX-006,signal to unstable utterance,0.5787581507806547,0.4287567479168098,0.44378079924047287,0.5497409474716718,0.28917964923954853,0.37920484868836696,0.4500104671376232
322,46,7,PX-007,silence feedback reset,0.5453700368470934,0.41157005447293227,0.44378079924047287,0.5497409474716718,0.2531164201310966,0.37920484868836696,0.4453883499568388
323,47,1,PX-001,amplify identity fracture,0.5658580228608648,0.40607079924933187,0.44378079924047287,0.5497409474716718,0.2531164201310966,0.37920484868836696,0.4453883499568388
324,47,2,PX-002,fracture to access recursion,0.5658580228608648,0.42470373234963893,0.44378079924047287,0.5554777484756616,0.2531164201310966,0.37920484868836696,0.4453883499568388
325,47,3,PX-003,negation to lock formation,0.5754150991031404,0.42470373234963893,0.4402742303452801,0.5554777484756616,0.2531164201310966,0.37920484868836696,0.4453883499568388
326,47,4,PX-004,lagged temporal recursion,0.5754150991031404,0.42470373234963893,0.4402742303452801,0.5459511317253714,0.26942689755895755,0.37920484868836696,0.4453883499568388
327,47,5,PX-005,false signal injection,0.5754150991031404,0.42470373234963893,0.4402742303452801,0.5459511317253714,0.2864122286069015,0.37920484868836696,0.4453883499568388
328,47,6,PX-006,signal to unstable utterance,0.5754150991031404,0.42470373234963893,0.4402742303452801,0.5459511317253714,0.2864122286069015,0.3769842219986483,0.45020202905267886
329,47,7,PX-007,silence feedback reset,0.5423228986683294,0.407686195110249,0.4402742303452801,0.5459511317253714,0.25070815982340605,0.3769842219986483,0.4452132927069931
330,48,1,PX-001,amplify identity fracture,0.5629091638622823,0.40224097571076245,0.4402742303452801,0.5459511317253714,0.25070815982340605,0.3769842219986483,0.4452132927069931
331,48,2,PX-002,fracture to access recursion,0.5629091638622823,0.4209513684091446,0.4402742303452801,0.5516851064981162,0.25070815982340605,0.3769842219986483,0.4452132927069931
332,48,3,PX-003,negation to lock formation,0.572455753770823,0.4209513684091446,0.4368240703876398,0.5516851064981162,0.25070815982340605,0.3769842219986483,0.4452132927069931
333,48,4,PX-004,lagged temporal recursion,0.572455753770823,0.4209513684091446,0.4368240703876398,0.5422760676143392,0.26696108112686506,0.3769842219986483,0.4452132927069931
334,48,5,PX-005,false signal injection,0.572455753770823,0.4209513684091446,0.4368240703876398,0.5422760676143392,0.2838507083602046,0.3769842219986483,0.4452132927069931
335,48,6,PX-006,signal to unstable utterance,0.572455753770823,0.4209513684091446,0.4368240703876398,0.5422760676143392,0.2838507083602046,0.3746536654311866,0.44997677271711084
336,48,7,PX-007,silence feedback reset,0.5396540937643898,0.4041048356395558,0.4368240703876398,0.5422760676143392,0.24850927904611403,0.3746536654311866,0.44466822414018714
337,49,1,PX-001,amplify identity fracture,0.5603357196412433,0.3987140582506467,0.4368240703876398,0.5422760676143392,0.24850927904611403,0.3746536654311866,0.44466822414018714
338,49,2,PX-002,fracture to access recursion,0.5603357196412433,0.4175018533094143,0.4368240703876398,0.5480090853165918,0.24850927904611403,0.3746536654311866,0.44466822414018714
339,49,3,PX-003,negation to lock formation,0.5698645428377661,0.4175018533094143,0.4334590560209939,0.5480090853165918,0.24850927904611403,0.3746536654311866,0.44466822414018714
340,49,4,PX-004,lagged temporal recursion,0.5698645428377661,0.4175018533094143,0.4334590560209939,0.5387396281391494,0.26470359230838275,0.3746536654311866,0.44466822414018714
341,49,5,PX-005,false signal injection,0.5698645428377661,0.4175018533094143,0.4334590560209939,0.5387396281391494,0.281494810723354,0.3746536654311866,0.44466822414018714
342,49,6,PX-006,signal to unstable utterance,0.5698645428377661,0.4175018533094143,0.4334590560209939,0.5387396281391494,0.281494810723354,0.37224892294292483,0.4493829669922762
343,49,7,PX-007,silence feedback reset,0.5373454622491131,0.400826013459474,0.4334590560209939,0.5387396281391494,0.24651517978543808,0.37224892294292483,0.44379948969103816
344,50,1,PX-001,amplify identity fracture,0.5581192243808109,0.3954894220526277,0.4334590560209939,0.5387396281391494,0.24651517978543808,0.37224892294292483,0.44379948969103816
345,50,2,PX-002,fracture to access recursion,0.5581192243808109,0.4143538438982899,0.4334590560209939,0.5444733783827044,0.24651517978543808,0.37224892294292483,0.44379948969103816
346,50,3,PX-003,negation to lock formation,0.5676241571763053,0.4143538438982899,0.43020349922105616,0.5444733783827044,0.24651517978543808,0.37224892294292483,0.44379948969103816
347,50,4,PX-004,lagged temporal recursion,0.5676241571763053,0.4143538438982899,0.43020349922105616,0.5353614683458996,0.2626506493744946,0.37224892294292483,0.44379948969103816
348,50,5,PX-005,false signal injection,0.5676241571763053,0.4143538438982899,0.43020349922105616,0.5353614683458996,0.2793422381163931,0.37224892294292483,0.44379948969103816
349,50,6,PX-006,signal to unstable utterance,0.5676241571763053,0.4143538438982899,0.43020349922105616,0.5353614683458996,0.2793422381163931,0.3698022753445368,0.4484671749954627
350,50,7,PX-007,silence feedback reset,0.535377622480052,0.39784655382452777,0.43020349922105616,0.5353614683458996,0.2447198882079072,0.3698022753445368,0.44265146046994275
351,51,1,PX-001,amplify identity fracture,0.5562399819547297,0.392563333081727,0.43020349922105616,0.5353614683458996,0.2447198882079072,0.3698022753445368,0.44265146046994275
352,51,2,PX-002,fracture to access recursion,0.5562399819547297,0.41150301288923063,0.43020349922105616,0.5410974730163023,0.2447198882079072,0.3698022753445368,0.44265146046994275
353,51,3,PX-003,negation to lock formation,0.5657159800098632,0.41150301288923063,0.4270775946366041,0.5410974730163023,0.2447198882079072,0.3698022753445368,0.44265146046994275
354,51,4,PX-004,lagged temporal recursion,0.5657159800098632,0.41150301288923063,0.4270775946366041,0.5321573358776885,0.2607970022932145,0.3698022753445368,0.44265146046994275
355,51,5,PX-005,false signal injection,0.5657159800098632,0.41150301288923063,0.4270775946366041,0.5321573358776885,0.2773890430476212,0.3698022753445368,0.44265146046994275
356,51,6,PX-006,signal to unstable utterance,0.5657159800098632,0.41150301288923063,0.4270775946366041,0.5321573358776885,0.2773890430476212,0.36734262143419744,0.44727394475949006
357,51,7,PX-007,silence feedback reset,0.5337303361476143,0.3951605963944529,0.4270775946366041,0.5321573358776885,0.24311636199081202,0.36734262143419744,0.44126628435259935
358,52,1,PX-001,amplify identity fracture,0.5546774441749214,0.38992946495164676,0.4270775946366041,0.5321573358776885,0.24311636199081202,0.36734262143419744,0.44126628435259935
359,52,2,PX-002,fracture to access recursion,0.5546774441749214,0.4089425468196527,0.4270775946366041,0.5378969589950007,0.24311636199081202,0.36734262143419744,0.44126628435259935
360,52,3,PX-003,negation to lock formation,0.5641204585918431,0.4089425468196527,0.4240977373996271,0.5378969589950007,0.24311636199081202,0.36734262143419744,0.44126628435259935
361,52,4,PX-004,lagged temporal recursion,0.5641204585918431,0.4089425468196527,0.4240977373996271,0.5291393867951476,0.25913623975447053,0.36734262143419744,0.44126628435259935
362,52,5,PX-005,false signal injection,0.5641204585918431,0.4089425468196527,0.4240977373996271,0.5291393867951476,0.2756299409276235,0.36734262143419744,0.44126628435259935
363,52,6,PX-006,signal to unstable utterance,0.5641204585918431,0.4089425468196527,0.4240977373996271,0.5291393867951476,0.2756299409276235,0.3648955919163173,0.44584556736824643
364,52,7,PX-007,silence feedback reset,0.5323828197698431,0.3927600633682965,0.4240977373996271,0.5291393867951476,0.24169674316928536,0.3648955919163173,0.4396836990430135
365,53,1,PX-001,amplify identity fracture,0.5534105340578098,0.38757935744335226,0.4240977373996271,0.5291393867951476,0.24169674316928536,0.3648955919163173,0.4396836990430135
366,53,2,PX-002,fracture to access recursion,0.5534105340578098,0.4066635880890617,0.4240977373996271,0.5348838427888186,0.24169674316928536,0.3648955919163173,0.4396836990430135
367,53,3,PX-003,negation to lock formation,0.5628174240859767,0.4066635880890617,0.4212768435243181,0.5348838427888186,0.24169674316928536,0.3648955919163173,0.4396836990430135
368,53,4,PX-004,lagged temporal recursion,0.5628174240859767,0.4066635880890617,0.4212768435243181,0.5263165009920844,0.2576610438423271,0.3648955919163173,0.4396836990430135
369,53,5,PX-005,false signal injection,0.5628174240859767,0.4066635880890617,0.4212768435243181,0.5263165009920844,0.27405857337198536,0.3648955919163173,0.4396836990430135
370,53,6,PX-006,signal to unstable utterance,0.5628174240859767,0.4066635880890617,0.4212768435243181,0.5263165009920844,0.27405857337198536,0.36248368823077415,0.4442218954907573
371,53,7,PX-007,silence feedback reset,0.5313140094349162,0.39063507249251544,0.4212768435243181,0.5263165009920844,0.24045256505973842,0.36248368823077415,0.43794089993717195
372,54,1,PX-001,amplify identity fracture,0.5524179206228249,0.3855028202366836,0.4212768435243181,0.5263165009920844,0.24045256505973842,0.36248368823077415,0.43794089993717195
373,54,2,PX-002,fracture to access recursion,0.5524179206228249,0.40465562458342763,0.4212768435243181,0.5320668617564617,0.24045256505973842,0.36248368823077415,0.43794089993717195
374,54,3,PX-003,negation to lock formation,0.5617863655631025,0.40465562458342763,0.4186246667120396,0.5320668617564617,0.24045256505973842,0.36248368823077415,0.43794089993717195
375,54,4,PX-004,lagged temporal recursion,0.5617863655631025,0.40465562458342763,0.4186246667120396,0.5236945926326835,0.25636340044078804,0.36248368823077415,0.43794089993717195
376,54,5,PX-005,false signal injection,0.5617863655631025,0.40465562458342763,0.4186246667120396,0.5236945926326835,0.27266772921244714,0.36248368823077415,0.43794089993717195
377,54,6,PX-006,signal to unstable utterance,0.5617863655631025,0.40465562458342763,0.4186246667120396,0.5236945926326835,0.27266772921244714,0.36012643959317986,0.44244021539863276
378,54,7,PX-007,silence feedback reset,0.530502785094289,0.3887742991018415,0.4186246667120396,0.5236945926326835,0.23937492103996724,0.36012643959317986,0.43607245592911
379,55,1,PX-001,amplify identity fracture,0.5516782513591943,0.38368828619949774,0.4186246667120396,0.5236945926326835,0.23937492103996724,0.36012643959317986,0.43607245592911
380,55,2,PX-002,fracture to access recursion,0.5516782513591943,0.40290683108545056,0.4186246667120396,0.5294517937020203,0.23937492103996724,0.36012643959317986,0.43607245592911
381,55,3,PX-003,negation to lock formation,0.5610066637069319,0.40290683108545056,0.4161481068459793,0.5294517937020203,0.23937492103996724,0.36012643959317986,0.43607245592911
382,55,4,PX-004,lagged temporal recursion,0.5610066637069319,0.40290683108545056,0.4161481068459793,0.5212769120169074,0.2552347727344833,0.36012643959317986,0.43607245592911
383,55,5,PX-005,false signal injection,0.5610066637069319,0.40290683108545056,0.4161481068459793,0.5212769120169074,0.27144952985746773,0.36012643959317986,0.43607245592911
384,55,6,PX-006,signal to unstable utterance,0.5610066637069319,0.40290683108545056,0.4161481068459793,0.5212769120169074,0.27144952985746773,0.35784057261937596,0.4405351658585029
385,55,7,PX-007,silence feedback reset,0.5299281600833206,0.38716529181380377,0.4161481068459793,0.5212769120169074,0.2384546020711247,0.35784057261937596,0.43411026672340386
386,56,1,PX-001,amplify identity fracture,0.5511703479956187,0.3821231189709437,0.4161481068459793,0.5212769120169074,0.2384546020711247,0.35784057261937596,0.43411026672340386
387,56,2,PX-002,fracture to access recursion,0.5511703479956187,0.40140436700502,0.4161481068459793,0.5270417581599837,0.2384546020711247,0.35784057261937596,0.43411026672340386
388,56,3,PX-003,negation to lock formation,0.5604577893824657,0.40140436700502,0.41385150670733234,0.5270417581599837,0.2384546020711247,0.35784057261937596,0.43411026672340386
389,56,4,PX-004,lagged temporal recursion,0.5604577893824657,0.40140436700502,0.41385150670733234,0.5190643361369668,0.25426624432768924,0.35784057261937596,0.43411026672340386
390,56,5,PX-005,false signal injection,0.5604577893824657,0.40140436700502,0.41385150670733234,0.5190643361369668,0.27039558494151117,0.35784057261937596,0.43411026672340386
391,56,6,PX-006,signal to unstable utterance,0.5604577893824657,0.40140436700502,0.41385150670733234,0.5190643361369668,0.27039558494151117,0.35564018886808235,0.43853869769527354
392,56,7,PX-007,silence feedback reset,0.5295694408848446,0.38579474664957675,0.41385150670733234,0.5190643361369668,0.23768220892063854,0.35564018886808235,0.4320835557063656
393,57,1,PX-001,amplify identity fracture,0.550873370638659,0.3807938796724212,0.41385150670733234,0.5190643361369668,0.23768220892063854,0.35564018886808235,0.4320835557063656
394,57,2,PX-002,fracture to access recursion,0.550873370638659,0.40013463502911284,0.41385150670733234,0.5248375066269364,0.23768220892063854,0.35564018886808235,0.4320835557063656
395,57,3,PX-003,negation to lock formation,0.5601194717171222,0.40013463502911284,0.41173693448598886,0.5248375066269364,0.23768220892063854,0.35564018886808235,0.4320835557063656
396,57,4,PX-004,lagged temporal recursion,0.5601194717171222,0.40013463502911284,0.41173693448598886,0.5170556459218603,0.25344863763520914,0.35564018886808235,0.4320835557063656
397,57,5,PX-005,false signal injection,0.5601194717171222,0.40013463502911284,0.41173693448598886,0.5170556459218603,0.26949712345482085,0.35564018886808235,0.4320835557063656
398,57,6,PX-006,signal to unstable utterance,0.5601194717171222,0.40013463502911284,0.41173693448598886,0.5170556459218603,0.26949712345482085,0.3535369464824075,0.43648006828579505
399,57,7,PX-007,silence feedback reset,0.5294063614923687,0.3846487442783717,0.41173693448598886,0.5170556459218603,0.23704824414410033,0.3535369464824075,0.43001889294960344
400,58,1,PX-001,amplify identity fracture,0.550766954752903,0.3796865574627005,0.41173693448598886,0.5170556459218603,0.23704824414410033,0.3535369464824075,0.43001889294960344
401,58,2,PX-002,fracture to access recursion,0.550766954752903,0.3990835051608018,0.41173693448598886,0.5228376996905539,0.23704824414410033,0.3535369464824075,0.43001889294960344
402,58,3,PX-003,negation to lock formation,0.5599718398158237,0.3990835051608018,0.4098044505099824,0.5228376996905539,0.23704824414410033,0.3535369464824075,0.43001889294960344
403,58,4,PX-004,lagged temporal recursion,0.5599718398158237,0.3990835051608018,0.4098044505099824,0.5152477887850238,0.2527726123502765,0.3535369464824075,0.43001889294960344
404,58,5,PX-005,false signal injection,0.5599718398158237,0.3990835051608018,0.4098044505099824,0.5152477887850238,0.2687451048039134,0.3535369464824075,0.43001889294960344
405,58,6,PX-006,signal to unstable utterance,0.5599718398158237,0.3990835051608018,0.4098044505099824,0.5152477887850238,0.2687451048039134,0.35154024284684315,0.43438586573610527
406,58,7,PX-007,silence feedback reset,0.5294191961000057,0.3837129548488458,0.4098044505099824,0.5152477887850238,0.23654318804275584,0.35154024284684315,0.4279402434491822
407,59,1,PX-001,amplify identity fracture,0.5508313248707954,0.3787867683894672,0.4098044505099824,0.5152477887850238,0.23654318804275584,0.35154024284684315,0.4279402434491822
408,59,2,PX-002,fracture to access recursion,0.5508313248707954,0.3982365083547446,0.4098044505099824,0.5210391696253686,0.23654318804275584,0.35154024284684315,0.4279402434491822
409,59,3,PX-003,negation to lock formation,0.5599955417063741,0.3982365083547446,0.40805235729951633,0.5210391696253686,0.23654318804275584,0.35154024284684315,0.4279402434491822
410,59,4,PX-004,lagged temporal recursion,0.5599955417063741,0.3982365083547446,0.40805235729951633,0.5136361256008839,0.2522287480010487,0.35154024284684315,0.4279402434491822
411,59,5,PX-005,false signal injection,0.5599955417063741,0.3982365083547446,0.40805235729951633,0.5136361256008839,0.26813031355047867,0.35154024284684315,0.4279402434491822
412,59,6,PX-006,signal to unstable utterance,0.5599955417063741,0.3982365083547446,0.40805235729951633,0.5136361256008839,0.26813031355047867,0.34965739580778477,0.4322800579961367
413,59,7,PX-007,silence feedback reset,0.5295888532633991,0.38297281453457693,0.40805235729951633,0.5136361256008839,0.23615756205058008,0.34965739580778477,0.4258690362230384
414,60,1,PX-001,amplify identity fracture,0.551047388364369,0.378079926631813,0.40805235729951633,0.5136361256008839,0.23615756205058008,0.34965739580778477,0.4258690362230384
415,60,2,PX-002,fracture to access recursion,0.551047388364369,0.3975790036108666,0.40805235729951633,0.5194371675381615,0.23615756205058008,0.34965739580778477,0.4258690362230384
416,60,3,PX-003,negation to lock formation,0.5601718436108593,0.3975790036108666,0.406477432584607,0.5194371675381615,0.23615756205058008,0.34965739580778477,0.4258690362230384
417,60,4,PX-004,lagged temporal recursion,0.5601718436108593,0.3975790036108666,0.406477432584607,0.5122146616500758,0.2518076138869093,0.34965739580778477,0.4258690362230384
418,60,5,PX-005,false signal injection,0.5601718436108593,0.3975790036108666,0.406477432584607,0.5122146616500758,0.2676434409319919,0.34965739580778477,0.4258690362230384
419,60,6,PX-006,signal to unstable utterance,0.5601718436108593,0.3975790036108666,0.406477432584607,0.5122146616500758,0.2676434409319919,0.3478938215408568,0.43018406265699793
420,60,7,PX-007,silence feedback reset,0.5298969541503057,0.3824136775251649,0.406477432584607,0.5122146616500758,0.2358819823293707,0.3478938215408568,0.423824250385686
421,61,1,PX-001,amplify identity fracture,0.5513968120992901,0.3775513918187348,0.406477432584607,0.5122146616500758,0.2358819823293707,0.3478938215408568,0.423824250385686
422,61,2,PX-002,fracture to access recursion,0.5513968120992901,0.3970963219973078,0.406477432584607,0.5180255945635648,0.2358819823293707,0.3478938215408568,0.423824250385686
423,61,3,PX-003,negation to lock formation,0.5604827121760427,0.3970963219973078,0.4050751453314929,0.5180255945635648,0.2358819823293707,0.3478938215408568,0.423824250385686
424,61,4,PX-004,lagged temporal recursion,0.5604827121760427,0.3970963219973078,0.4050751453314929,0.5109762614016053,0.25149982904692847,0.3478938215408568,0.423824250385686
425,61,5,PX-005,false signal injection,0.5604827121760427,0.3970963219973078,0.4050751453314929,0.5109762614016053,0.26727515569064303,0.3478938215408568,0.423824250385686
426,61,6,PX-006,signal to unstable utterance,0.5604827121760427,0.3970963219973078,0.4050751453314929,0.5109762614016053,0.26727515569064303,0.3462532075966864,0.42811683364588965
427,61,7,PX-007,silence feedback reset,0.530325897036297,0.3820209467732309,0.4050751453314929,0.5109762614016053,0.2357072057630781,0.3462532075966864,0.4218225147840737
428,62,1,PX-001,amplify identity fracture,0.5518620843319749,0.3771865956791886,0.4050751453314929,0.5109762614016053,0.2357072057630781,0.3462532075966864,0.4218225147840737
429,62,2,PX-002,fracture to access recursion,0.5518620843319749,0.39677389066706253,0.4050751453314929,0.5167972169433724,0.2357072057630781,0.3462532075966864,0.4218225147840737
430,62,3,PX-003,negation to lock formation,0.5609108818788819,0.39677389066706253,0.4038398551221984,0.5167972169433724,0.2357072057630781,0.3462532075966864,0.4218225147840737
431,62,4,PX-004,lagged temporal recursion,0.5609108818788819,0.39677389066706253,0.4038398551221984,0.509912847254806,0.2512961143569053,0.3462532075966864,0.4218225147840737
432,62,5,PX-005,false signal injection,0.5609108818788819,0.39677389066706253,0.4038398551221984,0.509912847254806,0.26701616623117247,0.3462532075966864,0.4218225147840737
433,62,6,PX-006,signal to unstable utterance,0.5609108818788819,0.39677389066706253,0.4038398551221984,0.509912847254806,0.26701616623117247,0.34473768002788624,0.4260949614745996
434,62,7,PX-007,silence feedback reset,0.5308589098014697,0.3817801863850839,0.4038398551221984,0.509912847254806,0.23562417004050795,0.34473768002788624,0.4198782182066527
435,63,1,PX-001,amplify identity fracture,0.5524265638068488,0.3769711508529047,0.4038398551221984,0.509912847254806,0.23562417004050795,0.34473768002788624,0.4198782182066527
436,63,2,PX-002,fracture to access recursion,0.5524265638068488,0.3965973395312294,0.4038398551221984,0.5157438650823214,0.23562417004050795,0.34473768002788624,0.4198782182066527
437,63,3,PX-003,negation to lock formation,0.5614399094562788,0.3965973395312294,0.402764995442678,0.5157438650823214,0.23562417004050795,0.34473768002788624,0.4198782182066527
438,63,4,PX-004,lagged temporal recursion,0.5614399094562788,0.3965973395312294,0.402764995442678,0.5090155825557527,0.25118733837564267,0.34473768002788624,0.4198782182066527
439,63,5,PX-005,false signal injection,0.5614399094562788,0.3965973395312294,0.402764995442678,0.5090155825557527,0.2668572756917178,0.34473768002788624,0.4198782182066527
440,63,6,PX-006,signal to unstable utterance,0.5614399094562788,0.3965973395312294,0.402764995442678,0.5090155825557527,0.2668572756917178,0.3433479638033899,0.4241327841046449
441,63,7,PX-007,silence feedback reset,0.531480091846548,0.3816772181365619,0.402764995442678,0.5090155825557527,0.23562402909282906,0.3433479638033899,0.41800362756685155
442,64,1,PX-001,amplify identity fracture,0.5530745176636761,0.3768909442843407,0.402764995442678,0.5090155825557527,0.23562402909282906,0.3433479638033899,0.41800362756685155
443,64,2,PX-002,fracture to access recursion,0.5530745176636761,0.39655259287023475,0.402764995442678,0.5148566168696447,0.23562402909282906,0.3433479638033899,0.41800362756685155
444,64,3,PX-003,negation to lock formation,0.5620542168918927,0.39655259287023475,0.40184324157462625,0.5148566168696447,0.23562402909282906,0.3433479638033899,0.41800362756685155
445,64,4,PX-004,lagged temporal recursion,0.5620542168918927,0.39655259287023475,0.40184324157462625,0.5082750393423676,0.2511645581602372,0.3433479638033899,0.41800362756685155
446,64,5,PX-005,false signal injection,0.5620542168918927,0.39655259287023475,0.40184324157462625,0.5082750393423676,0.26678943114116643,0.3433479638033899,0.41800362756685155
447,64,6,PX-006,signal to unstable utterance,0.5620542168918927,0.39655259287023475,0.40184324157462625,0.5082750393423676,0.26678943114116643,0.3420835359610208,0.42224250586321616
448,64,7,PX-007,silence feedback reset,0.5321744465678343,0.38169820421734235,0.40184324157462625,0.5082750393423676,0.23569818480198154,0.3420835359610208,0.41620901181176906
449,65,1,PX-001,amplify identity fracture,0.5537911494724379,0.3769322172457135,0.40184324157462625,0.5082750393423676,0.23569818480198154,0.3420835359610208,0.41620901181176906
450,65,2,PX-002,fracture to access recursion,0.5537911494724379,0.39662594781255006,0.40184324157462625,0.5141259656998853,0.23569818480198154,0.3420835359610208,0.41620901181176906
451,65,3,PX-003,negation to lock formation,0.5627391242259367,0.39662594781255006,0.40106666386914985,0.5141259656998853,0.23569818480198154,0.3420835359610208,0.41620901181176906
452,65,4,PX-004,lagged temporal recursion,0.5627391242259367,0.39662594781255006,0.40106666386914985,0.5076813513694169,0.2512190559377347,0.3420835359610208,0.41620901181176906
453,65,5,PX-005,false signal injection,0.5627391242259367,0.39662594781255006,0.40106666386914985,0.5076813513694169,0.2668037678067773,0.3420835359610208,0.41620901181176906
454,65,6,PX-006,signal to unstable utterance,0.5627391242259367,0.39662594781255006,0.40106666386914985,0.5076813513694169,0.2668037678067773,0.3409427711437928,0.42043432217863114
455,65,7,PX-007,silence feedback reset,0.5329279053053977,0.3818297179641911,0.40106666386914985,0.5076813513694169,0.23583831561065982,0.3409427711437928,0.41450276961797194
456,66,1,PX-001,amplify identity fracture,0.554562618472101,0.3770816336956329,0.40106666386914985,0.5076813513694169,0.23583831561065982,0.3409427711437928,0.41450276961797194
457,66,2,PX-002,fracture to access recursion,0.554562618472101,0.39680414129415886,0.40106666386914985,0.5135419737278057,0.23583831561065982,0.3409427711437928,0.41450276961797194
458,66,3,PX-003,negation to lock formation,0.5634808732334942,0.39680414129415886,0.40042686721992865,0.5135419737278057,0.23583831561065982,0.3409427711437928,0.41450276961797194
459,66,4,PX-004,lagged temporal recursion,0.5634808732334942,0.39680414129415886,0.40042686721992865,0.5072243530275868,0.251342372249574,0.3409427711437928,0.41450276961797194
460,66,5,PX-005,false signal injection,0.5634808732334942,0.39680414129415886,0.40042686721992865,0.5072243530275868,0.2668916489813802,0.3409427711437928,0.41450276961797194
461,66,6,PX-006,signal to unstable utterance,0.5634808732334942,0.39680414129415886,0.40042686721992865,0.5072243530275868,0.2668916489813802,0.3399230793177534,0.41871654820286597
462,66,7,PX-007,silence feedback reset,0.5337273435022536,0.38205880404013715,0.40042686721992865,0.5072243530275868,0.23603640243666765,0.3399230793177534,0.41289155921078297
463,67,1,PX-001,amplify identity fracture,0.5553760508953857,0.37732633838082696,0.40042686721992865,0.5072243530275868,0.23603640243666765,0.3399230793177534,0.41289155921078297
464,67,2,PX-002,fracture to access recursion,0.5553760508953857,0.39707440683421596,0.40042686721992865,0.5130944109593044,0.23603640243666765,0.3399230793177534,0.41289155921078297
465,67,3,PX-003,negation to lock formation,0.564266642839198,0.39707440683421596,0.399915117560188,0.5130944109593044,0.23603640243666765,0.3399230793177534,0.41289155921078297
466,67,4,PX-004,lagged temporal recursion,0.564266642839198,0.39707440683421596,0.399915117560188,0.5068937048073822,0.2515263359689418,0.3399230793177534,0.41289155921078297
467,67,5,PX-005,false signal injection,0.564266642839198,0.39707440683421596,0.399915117560188,0.5068937048073822,0.2670447020545532,0.3399230793177534,0.41289155921078297
468,67,6,PX-006,signal to unstable utterance,0.564266642839198,0.39707440683421596,0.399915117560188,0.5068937048073822,0.2670447020545532,0.3390210355862998,0.4170957496536447
469,67,7,PX-007,silence feedback reset,0.5345605896782747,0.3823730292538073,0.399915117560188,0.5068937048073822,0.2362847521170809,0.3390210355862998,0.4113804288839966
470,68,1,PX-001,amplify identity fracture,0.556219544109306,0.37765400583076414,0.399915117560188,0.5068937048073822,0.2362847521170809,0.3390210355862998,0.4113804288839966
471,68,2,PX-002,fracture to access recursion,0.556219544109306,0.39742452222364455,0.399915117560188,0.5127728808205541,0.2362847521170809,0.3390210355862998,0.4113804288839966
472,68,3,PX-003,negation to lock formation,0.5650845569966558,0.39742452222364455,0.3995224561909667,0.5127728808205541,0.2362847521170809,0.3390210355862998,0.4113804288839966
473,68,4,PX-004,lagged temporal recursion,0.5650845569966558,0.39742452222364455,0.3995224561909667,0.5066790059752055,0.2517630914228979,0.3390210355862998,0.4113804288839966
474,68,5,PX-005,false signal injection,0.5650845569966558,0.39742452222364455,0.3995224561909667,0.5066790059752055,0.26725485095122875,0.3390210355862998,0.4113804288839966
475,68,6,PX-006,signal to unstable utterance,0.5650845569966558,0.39742452222364455,0.3995224561909667,0.5066790059752055,0.26725485095122875,0.3382325021041715,0.4155768744418962
476,68,7,PX-007,silence feedback reset,0.5354164277253192,0.38276052499066077,0.3995224561909667,0.5066790059752055,0.2365760184742707,0.3382325021041715,0.409972947006577
477,69,1,PX-001,amplify identity fracture,0.5570821641855694,0.3780528811778146,0.3995224561909667,0.5066790059752055,0.2365760184742707,0.3382325021041715,0.409972947006577
478,69,2,PX-002,fracture to access recursion,0.5570821641855694,0.397842849022877,0.3995224561909667,0.5125669328675742,0.2365760184742707,0.3382325021041715,0.409972947006577
479,69,3,PX-003,negation to lock formation,0.5659236856550528,0.397842849022877,0.3992398027153594,0.5125669328675742,0.2365760184742707,0.3382325021041715,0.409972947006577
480,69,4,PX-004,lagged temporal recursion,0.5659236856550528,0.397842849022877,0.3992398027153594,0.5065698951311005,0.25204512272475293,0.3382325021041715,0.409972947006577
481,69,5,PX-005,false signal injection,0.5659236856550528,0.397842849022877,0.3992398027153594,0.5065698951311005,0.26751434513886757,0.3382325021041715,0.409972947006577
482,69,6,PX-006,signal to unstable utterance,0.5659236856550528,0.397842849022877,0.3992398027153594,0.5065698951311005,0.26751434513886757,0.33755274215938336,0.41416338385486506
483,69,7,PX-007,silence feedback reset,0.5362845929638159,0.3832100220438144,0.3992398027153594,0.5065698951311005,0.23690322100040226,0.33755274215938336,0.40867133048476584
484,70,1,PX-001,amplify identity fracture,0.5579539374306058,0.3785118135569021,0.3992398027153594,0.5065698951311005,0.23690322100040226,0.33755274215938336,0.40867133048476584
485,70,2,PX-002,fracture to access recursion,0.5579539374306058,0.3983183646004832,0.3992398027153594,0.5124661633035813,0.23690322100040226,0.33755274215938336,0.40867133048476584
486,70,3,PX-003,negation to lock formation,0.5667740393581238,0.3983183646004832,0.39905804731077593,0.5124661633035813,0.23690322100040226,0.33755274215938336,0.40867133048476584
487,70,4,PX-004,lagged temporal recursion,0.5667740393581238,0.3983183646004832,0.39905804731077593,0.506556139309755,0.2523652753319921,0.33755274215938336,0.40867133048476584
488,70,5,PX-005,false signal injection,0.5667740393581238,0.3983183646004832,0.39905804731077593,0.506556139309755,0.2678157852756806,0.33755274215938336,0.40867133048476584
489,70,6,PX-006,signal to unstable utterance,0.5667740393581238,0.3983183646004832,0.39905804731077593,0.506556139309755,0.2678157852756806,0.33697652653812166,0.41285738224369445
490,70,7,PX-007,silence feedback reset,0.537155762360271,0.38371087848382396,0.39905804731077593,0.506556139309755,0.23725976109400865,0.33697652653812166,0.40747657080538496
491,71,1,PX-001,amplify identity fracture,0.55882583634688,0.37902028269546467,0.39905804731077593,0.506556139309755,0.23725976109400865,0.33697652653812166,0.40747657080538496
492,71,2,PX-002,fracture to access recursion,0.55882583634688,0.3988406873131871,0.39905804731077593,0.5124603039662,0.23725976109400865,0.33697652653812166,0.40747657080538496
493,71,3,PX-003,negation to lock formation,0.5676265579674277,0.3988406873131871,0.39896813302364587,0.5124603039662,0.23725976109400865,0.33697652653812166,0.40747657080538496
494,71,4,PX-004,lagged temporal recursion,0.5676265579674277,0.3988406873131871,0.39896813302364587,0.5066277122720674,0.25271677478580035,0.33697652653812166,0.40747657080538496
495,71,5,PX-005,false signal injection,0.5676265579674277,0.3988406873131871,0.39896813302364587,0.5066277122720674,0.2681521455127166,0.33697652653812166,0.40747657080538496
496,71,6,PX-006,signal to unstable utterance,0.5676265579674277,0.3988406873131871,0.39896813302364587,0.5066277122720674,0.2681521455127166,0.33649823232033,0.41165974431983415
497,71,7,PX-007,silence feedback reset,0.5380215392847237,0.3842531010908751,0.39896813302364587,0.5066277122720674,0.23763943574658336,0.33649823232033,0.40638855692209264
498,72,1,PX-001,amplify identity fracture,0.5596897604603566,0.37956841919352036,0.39896813302364587,0.5066277122720674,0.23763943574658336,0.33649823232033,0.40638855692209264
499,72,2,PX-002,fracture to access recursion,0.5596897604603566,0.3994000953264142,0.39896813302364587,0.5125393004345657,0.23763943574658336,0.33649823232033,0.40638855692209264
500,72,3,PX-003,negation to lock formation,0.5684730939680892,0.3994000953264142,0.3989611287221425,0.5125393004345657,0.23763943574658336,0.33649823232033,0.40638855692209264
501,72,4,PX-004,lagged temporal recursion,0.5684730939680892,0.3994000953264142,0.3989611287221425,0.5067748626166757,0.2530932425551392,0.33649823232033,0.40638855692209264
502,72,5,PX-005,false signal injection,0.5684730939680892,0.3994000953264142,0.3989611287221425,0.5067748626166757,0.2685167924276341,0.33649823232033,0.40638855692209264
503,72,6,PX-006,signal to unstable utterance,0.5684730939680892,0.3994000953264142,0.3989611287221425,0.5067748626166757,0.2685167924276341,0.33611193427596814,0.4105702393000446
504,72,7,PX-007,silence feedback reset,0.5388744331822877,0.3848273607856758,0.3989611287221425,0.5067748626166757,0.23803644856418338,0.33611193427596814,0.4054061943639259
505,73,1,PX-001,amplify identity fracture,0.5605385124289499,0.3801470189109788,0.3989611287221425,0.5067748626166757,0.23803644856418338,0.33611193427596814,0.4054061943639259
506,73,2,PX-002,fracture to access recursion,0.5605385124289499,0.39998753949944293,0.3989611287221425,0.5126933798903126,0.23803644856418338,0.33611193427596814,0.4054061943639259
507,73,3,PX-003,negation to lock formation,0.569306390796672,0.39998753949944293,0.39902829329518846,0.5126933798903126,0.23803644856418338,0.33611193427596814,0.4054061943639259
508,73,4,PX-004,lagged temporal recursion,0.569306390796672,0.39998753949944293,0.39902829329518846,0.5069881723214361,0.25348870889690317,0.33611193427596814,0.4054061943639259
509,73,5,PX-005,false signal injection,0.569306390796672,0.39998753949944293,0.39902829329518846,0.5069881723214361,0.2689035005536005,0.33611193427596814,0.4054061943639259
510,73,6,PX-006,signal to unstable utterance,0.569306390796672,0.39998753949944293,0.39902829329518846,0.5069881723214361,0.2689035005536005,0.33581148904674785,0.40958765125779995
511,73,7,PX-007,silence feedback reset,0.5397078345392708,0.3854250024331222,0.39902829329518846,0.5069881723214361,0.23844541801451846,0.33581148904674785,0.40452752004738013
512,74,1,PX-001,amplify identity fracture,0.5613657698393432,0.38074755182116643,0.39902829329518846,0.5069881723214361,0.23844541801451846,0.33581148904674785,0.40452752004738013
513,74,2,PX-002,fracture to access recursion,0.5613657698393432,0.400594650706746,0.39902829329518846,0.5129131093485317,0.23844541801451846,0.33581148904674785,0.40452752004738013
514,74,3,PX-003,negation to lock formation,0.5701200566237395,0.400594650706746,0.39916113164219014,0.5129131093485317,0.23844541801451846,0.33581148904674785,0.40452752004738013
515,74,4,PX-004,lagged temporal recursion,0.5701200566237395,0.400594650706746,0.39916113164219014,0.5072586063054183,0.2538976226498569,0.33581148904674785,0.40452752004738013
516,74,5,PX-005,false signal injection,0.5701200566237395,0.400594650706746,0.39916113164219014,0.5072586063054183,0.26930646446923845,0.33581148904674785,0.40452752004738013
517,74,6,PX-006,signal to unstable utterance,0.5701200566237395,0.400594650706746,0.39916113164219014,0.5072586063054183,0.26930646446923845,0.33559061230800313,0.40870989514207795
518,74,7,PX-007,silence feedback reset,0.5405159855381335,0.3860380493516983,0.39916113164219014,0.5072586063054183,0.23886138280998337,0.33559061230800313,0.4037498123620402
519,75,1,PX-001,amplify identity fracture,0.5621660531009617,0.38136216565198755,0.39916113164219014,0.5072586063054183,0.23886138280998337,0.33559061230800313,0.4037498123620402
520,75,2,PX-002,fracture to access recursion,0.5621660531009617,0.4012137419335342,0.39916113164219014,0.5131894448565107,0.23886138280998337,0.33559061230800313,0.4037498123620402
521,75,3,PX-003,negation to lock formation,0.5709085340244879,0.4012137419335342,0.3993514429589065,0.5131894448565107,0.23886138280998337,0.33559061230800313,0.4037498123620402
522,75,4,PX-004,lagged temporal recursion,0.5709085340244879,0.4012137419335342,0.3993514429589065,0.5075775535835481,0.2543148579000343,0.33559061230800313,0.4037498123620402
523,75,5,PX-005,false signal injection,0.5709085340244879,0.4012137419335342,0.3993514429589065,0.5075775535835481,0.26972030743137115,0.33559061230800313,0.4037498123620402
524,75,6,PX-006,signal to unstable utterance,0.5709085340244879,0.4012137419335342,0.3993514429589065,0.5075775535835481,0.26972030743137115,0.3354429491122021,0.4079341280151565
525,75,7,PX-007,silence feedback reset,0.5412939468133583,0.38665920283782557,0.3993514429589065,0.5075775535835481,0.23927980436796917,0.3354429491122021,0.40306969617760424
526,76,1,PX-001,amplify identity fracture,0.5629346898528285,0.38198368461546206,0.3993514429589065,0.5075775535835481,0.23927980436796917,0.3354429491122021,0.40306969617760424
527,76,2,PX-002,fracture to access recursion,0.5629346898528285,0.40183780546529824,0.3993514429589065,0.5135137722404433,0.23927980436796917,0.3354429491122021,0.40306969617760424
528,76,3,PX-003,negation to lock formation,0.5716670659765003,0.40183780546529824,0.3995913617912816,0.5135137722404433,0.23927980436796917,0.3354429491122021,0.40306969617760424
529,76,4,PX-004,lagged temporal recursion,0.5716670659765003,0.40183780546529824,0.3995913617912816,0.5079368605691328,0.254735717485604,0.3354429491122021,0.40306969617760424
530,76,5,PX-005,false signal injection,0.5716670659765003,0.40183780546529824,0.3995913617912816,0.5079368605691328,0.2701400865582487,0.3354429491122021,0.40306969617760424
531,76,6,PX-006,signal to unstable utterance,0.5716670659765003,0.40183780546529824,0.3995913617912816,0.5079368605691328,0.2701400865582487,0.33536213762096095,0.4072568551411652
532,76,7,PX-007,silence feedback reset,0.5420375607393232,0.38728183700444935,0.3995913617912816,0.5079368605691328,0.23969656632826927,0.33536213762096095,0.40248324248895995
533,77,1,PX-001,amplify identity fracture,0.5636677763086871,0.3826056035190104,0.3995913617912816,0.5079368605691328,0.23969656632826927,0.33536213762096095,0.40248324248895995
534,77,2,PX-002,fracture to access recursion,0.5636677763086871,0.40246050548492257,0.3995913617912816,0.5138779399639082,0.23969656632826927,0.33536213762096095,0.40248324248895995
535,77,3,PX-003,negation to lock formation,0.5723916586315758,0.40246050548492257,0.39987339230120295,0.5138779399639082,0.23969656632826927,0.33536213762096095,0.40248324248895995
536,77,4,PX-004,lagged temporal recursion,0.5723916586315758,0.40246050548492257,0.39987339230120295,0.5083288570644044,0.255155933346689,0.33536213762096095,0.40248324248895995
537,77,5,PX-005,false signal injection,0.5723916586315758,0.40246050548492257,0.39987339230120295,0.5083288570644044,0.27056129460397677,0.33536213762096095,0.40248324248895995
538,77,6,PX-006,signal to unstable utterance,0.5723916586315758,0.40246050548492257,0.39987339230120295,0.5083288570644044,0.27056129460397677,0.335341866437389,0.40667403062854407
539,77,7,PX-007,silence feedback reset,0.5427434116991213,0.387899989233692,0.39987339230120295,0.5083288570644044,0.24010797115051483,0.335341866437389,0.4019860624774343
540,78,1,PX-001,amplify identity fracture,0.564362135975767,0.3832220775544793,0.39987339230120295,0.5083288570644044,0.24010797115051483,0.335341866437389,0.4019860624774343
541,78,2,PX-002,fracture to access recursion,0.564362135975767,0.40307616639361205,0.39987339230120295,0.5142742846470298,0.24010797115051483,0.335341866437389,0.4019860624774343
542,78,3,PX-003,negation to lock formation,0.5730790413164779,0.40307616639361205,0.40019043616585437,0.5142742846470298,0.24010797115051483,0.335341866437389,0.4019860624774343
543,78,4,PX-004,lagged temporal recursion,0.5730790413164779,0.40307616639361205,0.40019043616585437,0.5087463754658571,0.2555716637674177,0.335341866437389,0.4019860624774343
544,78,5,PX-005,false signal injection,0.5730790413164779,0.40307616639361205,0.40019043616585437,0.5087463754658571,0.27097985840230215,0.335341866437389,0.4019860624774343
545,78,6,PX-006,signal to unstable utterance,0.5730790413164779,0.40307616639361205,0.40019043616585437,0.5087463754658571,0.27097985840230215,0.3353759257559255,0.40618115239375296
546,78,7,PX-007,silence feedback reset,0.5434087837980458,0.38850834655139527,0.40019043616585437,0.5087463754658571,0.240510733859683,0.3353759257559255,0.4015733958218094
547,79,1,PX-001,amplify identity fracture,0.5650152761909379,0.3838279080705025,0.40019043616585437,0.5087463754658571,0.240510733859683,0.3353759257559255,0.4015733958218094
548,79,2,PX-002,fracture to access recursion,0.5650152761909379,0.403679757180592,0.40019043616585437,0.5146956497818379,0.240510733859683,0.3353759257559255,0.4015733958218094
549,79,3,PX-003,negation to lock formation,0.5737266242235646,0.403679757180592,0.4005358145152004,0.5146956497818379,0.240510733859683,0.3353759257559255,0.4015733958218094
550,79,4,PX-004,lagged temporal recursion,0.5737266242235646,0.403679757180592,0.4005358145152004,0.5091827636993468,0.25597948760101563,0.3353759257559255,0.4015733958218094
551,79,5,PX-005,false signal injection,0.5737266242235646,0.403679757180592,0.4005358145152004,0.5091827636993468,0.2713921340972982,0.3353759257559255,0.4015733958218094
552,79,6,PX-006,signal to unstable utterance,0.5737266242235646,0.403679757180592,0.4005358145152004,0.5091827636993468,0.2713921340972982,0.33545825255297085,0.40577335127182196
553,79,7,PX-007,silence feedback reset,0.5440316164957464,0.389102228244066,0.4005358145152004,0.5091827636993468,0.24090197305252242,0.33545825255297085,0.4012401931432936
554,80,1,PX-001,amplify identity fracture,0.5656253429232817,0.38441852464767196,0.4005358145152004,0.5091827636993468,0.24090197305252242,0.33545825255297085,0.4012401931432936
555,80,2,PX-002,fracture to access recursion,0.5656253429232817,0.4042668721788209,0.4005358145152004,0.5151353981672684,0.24090197305252242,0.33545825255297085,0.4012401931432936
556,80,3,PX-003,negation to lock formation,0.5743324542552093,0.4042668721788209,0.40090328429956135,0.5151353981672684,0.24090197305252242,0.33545825255297085,0.4012401931432936
557,80,4,PX-004,lagged temporal recursion,0.5743324542552093,0.4042668721788209,0.40090328429956135,0.5096318923892917,0.25637639561181125,0.33545825255297085,0.4012401931432936
558,80,5,PX-005,false signal injection,0.5743324542552093,0.4042668721788209,0.40090328429956135,0.5096318923892917,0.27179489931769785,0.33545825255297085,0.4012401931432936
559,80,6,PX-006,signal to unstable utterance,0.5743324542552093,0.4042668721788209,0.40090328429956135,0.5096318923892917,0.27179489931769785,0.3355829700487631,0.4054454741526426
560,80,7,PX-007,silence feedback reset,0.5446104586358267,0.38967756505376117,0.40090328429956135,0.5096318923892917,0.24127919932026737,0.3355829700487631,0.40098119251522496
561,81,1,PX-001,amplify identity fracture,0.566191074293161,0.38498996381181055,0.40090328429956135,0.5096318923892917,0.24127919932026737,0.3355829700487631,0.40098119251522496
562,81,2,PX-002,fracture to access recursion,0.566191074293161,0.4048337085576026,0.40090328429956135,0.5155874185761642,0.24127919932026737,0.3355829700487631,0.40098119251522496
563,81,3,PX-003,negation to lock formation,0.5748951694847032,0.4048337085576026,0.40128704947045524,0.5155874185761642,0.24127919932026737,0.3355829700487631,0.40098119251522496
564,81,4,PX-004,lagged temporal recursion,0.5748951694847032,0.4048337085576026,0.40128704947045524,0.5100881567564471,0.2567597791087274,0.3355829700487631,0.40098119251522496
565,81,5,PX-005,false signal injection,0.5748951694847032,0.4048337085576026,0.40128704947045524,0.5100881567564471,0.27218534248883125,0.3355829700487631,0.40098119251522496
566,81,6,PX-006,signal to unstable utterance,0.5748951694847032,0.4048337085576026,0.40128704947045524,0.5100881567564471,0.27218534248883125,0.3357444216790863,0.40519216107107725
567,81,7,PX-007,silence feedback reset,0.5451444213502896,0.39023087530174727,0.40128704947045524,0.5100881567564471,0.2416403012816687,0.3357444216790863,0.40079099001152046
568,82,1,PX-001,amplify identity fracture,0.5667117532540092,0.3855388447363898,0.40128704947045524,0.5100881567564471,0.2416403012816687,0.3357444216790863,0.40079099001152046
569,82,2,PX-002,fracture to access recursion,0.5667117532540092,0.40537704091618604,0.40128704947045524,0.5160461271561632,0.2416403012816687,0.3357444216790863,0.40079099001152046
570,82,3,PX-003,negation to lock formation,0.5754139526902998,0.40537704091618604,0.40168176735207517,0.5160461271561632,0.2416403012816687,0.3357444216790863,0.40079099001152046
571,82,4,PX-004,lagged temporal recursion,0.5754139526902998,0.40537704091618604,0.40168176735207517,0.5105464737291681,0.25712741608162704,0.3357444216790863,0.40079099001152046
572,82,5,PX-005,false signal injection,0.5754139526902998,0.40537704091618604,0.40168176735207517,0.5105464737291681,0.27256104950982213,0.3357444216790863,0.40079099001152046
573,82,6,PX-006,signal to unstable utterance,0.5754139526902998,0.40537704091618604,0.40168176735207517,0.5105464737291681,0.27256104950982213,0.33593719982434705,0.40500791622459614
574,82,7,PX-007,silence feedback reset,0.5456331303084755,0.39075923830566367,0.40168176735207517,0.5105464737291681,0.2419835294538962,0.33593719982434705,0.40066410430822996
575,83,1,PX-001,amplify identity fracture,0.5671871598738822,0.3860623422991865,0.40168176735207517,0.5105464737291681,0.2419835294538962,0.33593719982434705,0.40066410430822996
576,83,2,PX-002,fracture to access recursion,0.5671871598738822,0.4058941933536876,0.40168176735207517,0.5165064640560626,0.2419835294538962,0.33593719982434705,0.40066410430822996
577,83,3,PX-003,negation to lock formation,0.5758884844079033,0.4058941933536876,0.4020825505770848,0.5165064640560626,0.2419835294538962,0.33593719982434705,0.40066410430822996
578,83,4,PX-004,lagged temporal recursion,0.5758884844079033,0.4058941933536876,0.4020825505770848,0.5110022747433489,0.25747745508357556,0.33593719982434705,0.40066410430822996
579,83,5,PX-005,false signal injection,0.5758884844079033,0.4058941933536876,0.4020825505770848,0.5110022747433489,0.2729199880527189,0.33593719982434705,0.40066410430822996
580,83,6,PX-006,signal to unstable utterance,0.5758884844079033,0.4058941933536876,0.4020825505770848,0.5110022747433489,0.2729199880527189,0.33615616955302474,0.4048871729346577
581,83,7,PX-007,silence feedback reset,0.5460766777660357,0.391260265466076,0.4020825505770848,0.5110022747433489,0.2423074782163627,0.33615616955302474,0.40059503539030533
582,84,1,PX-001,amplify identity fracture,0.5676175236392473,0.3865581578693399,0.4020825505770848,0.5110022747433489,0.2423074782163627,0.33615616955302474,0.40059503539030533
583,84,2,PX-002,fracture to access recursion,0.5676175236392473,0.4063830093988266,0.4020825505770848,0.5169638857587183,0.2423074782163627,0.33615616955302474,0.40059503539030533
584,84,3,PX-003,negation to lock formation,0.5763188959315731,0.4063830093988266,0.4024849649580121,0.5169638857587183,0.2423074782163627,0.33615616955302474,0.40059503539030533
585,84,4,PX-004,lagged temporal recursion,0.5763188959315731,0.4063830093988266,0.4024849649580121,0.5114514946959332,0.25780839712780956,0.33615616955302474,0.40059503539030533
586,84,5,PX-005,false signal injection,0.5763188959315731,0.4063830093988266,0.4024849649580121,0.5114514946959332,0.27326048976371653,0.33615616955302474,0.40059503539030533
587,84,6,PX-006,signal to unstable utterance,0.5763188959315731,0.4063830093988266,0.4024849649580121,0.5114514946959332,0.27326048976371653,0.3363964876461223,0.4048243526076973
588,84,7,PX-007,silence feedback reset,0.546475574849334,0.39173206940571675,0.4024849649580121,0.5114514946959332,0.24261106614340686,0.3363964876461223,0.4005783174510217
589,85,1,PX-001,amplify identity fracture,0.568003476183704,0.3870244882080923,0.4024849649580121,0.5114514946959332,0.24261106614340686,0.3363964876461223,0.4005783174510217
590,85,2,PX-002,fracture to access recursion,0.568003476183704,0.40684182018717663,0.4024849649580121,0.5174143535903621,0.24261106614340686,0.3363964876461223,0.4005783174510217
591,85,3,PX-003,negation to lock formation,0.5767057226697205,0.40684182018717663,0.40288502366362217,0.5174143535903621,0.24261106614340686,0.3363964876461223,0.4005783174510217
592,85,4,PX-004,lagged temporal recursion,0.5767057226697205,0.40684182018717663,0.40288502366362217,0.511890557505624,0.2581190758874245,0.3363964876461223,0.4005783174510217
593,85,5,PX-005,false signal injection,0.5767057226697205,0.40684182018717663,0.40288502366362217,0.511890557505624,0.2735812306640136,0.3363964876461223,0.4005783174510217
594,85,6,PX-006,signal to unstable utterance,0.5767057226697205,0.40684182018717663,0.40288502366362217,0.511890557505624,0.2735812306640136,0.33665361717859965,0.40481391778852405
595,85,7,PX-007,silence feedback reset,0.5468307044850174,0.39217323154769135,0.40288502366362217,0.511890557505624,0.2428935149957824,0.33665361717859965,0.40060856610443446
596,86,1,PX-001,amplify identity fracture,0.5683460048197279,0.3874599928690454,0.40288502366362217,0.511890557505624,0.2428935149957824,0.33665361717859965,0.40060856610443446
597,86,2,PX-002,fracture to access recursion,0.5683460048197279,0.4072694112733734,0.40288502366362217,0.5178543188640737,0.2428935149957824,0.33665361717859965,0.40060856610443446
598,86,3,PX-003,negation to lock formation,0.5770498582390214,0.4072694112733734,0.4032791780675429,0.5178543188640737,0.2428935149957824,0.33665361717859965,0.40060856610443446
599,86,4,PX-004,lagged temporal recursion,0.5770498582390214,0.4072694112733734,0.4032791780675429,0.5123163587219154,0.2584086364982668,0.33665361717859965,0.40060856610443446
600,86,5,PX-005,false signal injection,0.5770498582390214,0.4072694112733734,0.4032791780675429,0.5123163587219154,0.27388121005888766,0.33665361717859965,0.40060856610443446
601,86,6,PX-006,signal to unstable utterance,0.5770498582390214,0.4072694112733734,0.4032791780675429,0.5123163587219154,0.27388121005888766,0.33692333794244583,0.40485041943319094
602,86,7,PX-007,silence feedback reset,0.5471432753540321,0.39258276851708807,0.4032791780675429,0.5123163587219154,0.24315432766805306,0.33692333794244583,0.4006805200618074
603,87,1,PX-001,amplify identity fracture,0.568646407222666,0.38786376048138616,0.4032791780675429,0.5123163587219154,0.24315432766805306,0.33692333794244583,0.4006805200618074
604,87,2,PX-002,fracture to access recursion,0.568646407222666,0.40766498846071453,0.4032791780675429,0.5182807051017386,0.24315432766805306,0.33692333794244583,0.4006805200618074
605,87,3,PX-003,negation to lock formation,0.5773525096482148,0.40766498846071453,0.4036643056334951,0.5182807051017386,0.24315432766805306,0.33692333794244583,0.4006805200618074
606,87,4,PX-004,lagged temporal recursion,0.5773525096482148,0.40766498846071453,0.4036643056334951,0.5127262456095619,0.2586765132712772,0.33692333794244583,0.4006805200618074
607,87,5,PX-005,false signal injection,0.5773525096482148,0.40766498846071453,0.4036643056334951,0.5127262456095619,0.2741597282682506,0.33692333794244583,0.4006805200618074
608,87,6,PX-006,signal to unstable utterance,0.5773525096482148,0.40766498846071453,0.4036643056334951,0.5127262456095619,0.2741597282682506,0.3372017530036256,0.4049285385599781
609,87,7,PX-007,silence feedback reset,0.5474147772148731,0.39296009774363244,0.4036643056334951,0.5127262456095619,0.24339326538953224,0.3372017530036256,0.400789077451008
610,88,1,PX-001,amplify identity fracture,0.5689062475837603,0.3882352742921406,0.4036643056334951,0.5127262456095619,0.24339326538953224,0.3372017530036256,0.400789077451008
611,88,2,PX-002,fracture to access recursion,0.5689062475837603,0.4080281430208019,0.4036643056334951,0.5186908877639631,0.24339326538953224,0.3372017530036256,0.400789077451008
612,88,3,PX-003,negation to lock formation,0.5776151538907697,0.4080281430208019,0.4040376951972395,0.5186908877639631,0.24339326538953224,0.3372017530036256,0.400789077451008
613,88,4,PX-004,lagged temporal recursion,0.5776151538907697,0.4080281430208019,0.4040376951972395,0.5131179951199715,0.2589224066198359,0.3372017530036256,0.400789077451008
614,88,5,PX-005,false signal injection,0.5776151538907697,0.4080281430208019,0.4040376951972395,0.5131179951199715,0.2744163634904948,0.3372017530036256,0.400789077451008
615,88,6,PX-006,signal to unstable utterance,0.5776151538907697,0.4080281430208019,0.4040376951972395,0.5131179951199715,0.2744163634904948,0.3374852916912594,0.4050431224659359
616,88,7,PX-007,silence feedback reset,0.5476469379032741,0.39330500263135887,0.4040376951972395,0.5131179951199715,0.2436103244708066,0.3374852916912594,0.4009293269833335
617,89,1,PX-001,amplify identity fracture,0.5691273145137244,0.3885743773312338,0.4040376951972395,0.5131179951199715,0.2436103244708066,0.3374852916912594,0.4009293269833335
618,89,2,PX-002,fracture to access recursion,0.5691273145137244,0.4083588166615026,0.4040376951972395,0.5190826719009691,0.2436103244708066,0.3374852916912594,0.4009293269833335
619,89,3,PX-003,negation to lock formation,0.5778394962296505,0.4083588166615026,0.40439702999941207,0.5190826719009691,0.2436103244708066,0.3374852916912594,0.4009293269833335
620,89,4,PX-004,lagged temporal recursion,0.5778394962296505,0.4083588166615026,0.40439702999941207,0.5134897901436816,0.2591462595009799,0.3374852916912594,0.4009293269833335
621,89,5,PX-005,false signal injection,0.5778394962296505,0.4083588166615026,0.40439702999941207,0.5134897901436816,0.2746509481042755,0.3374852916912594,0.4009293269833335
622,89,6,PX-006,signal to unstable utterance,0.5778394962296505,0.4083588166615026,0.40439702999941207,0.5134897901436816,0.2746509481042755,0.3377707093217412,0.40518921572237454
623,89,7,PX-007,silence feedback reset,0.5478416822757458,0.39361759764503135,0.40439702999941207,0.5134897901436816,0.2438057128767492,0.3377707093217412,0.4010965741949588
624,90,1,PX-001,amplify identity fracture,0.5693115809411342,0.3888812375462832,0.40439702999941207,0.5134897901436816,0.2438057128767492,0.3377707093217412,0.4010965741949588
625,90,2,PX-002,fracture to access recursion,0.5693115809411342,0.4086572665828709,0.40439702999941207,0.5194542681194179,0.2438057128767492,0.3377707093217412,0.4010965741949588
626,90,3,PX-003,negation to lock formation,0.5780274304198569,0.4086572665828709,0.4047403688155128,0.5194542681194179,0.2438057128767492,0.3377707093217412,0.4010965741949588
627,90,4,PX-004,lagged temporal recursion,0.5780274304198569,0.4086572665828709,0.4047403688155128,0.5138401944190713,0.2593482336573093,0.3377707093217412,0.4010965741949588
628,90,5,PX-005,false signal injection,0.5780274304198569,0.4086572665828709,0.4047403688155128,0.5138401944190713,0.2748635447005613,0.3377707093217412,0.4010965741949588
629,90,6,PX-006,signal to unstable utterance,0.5780274304198569,0.4086572665828709,0.4047403688155128,0.5138401944190713,0.2748635447005613,0.33805508396282263,0.40536208618565234
630,90,7,PX-007,silence feedback reset,0.5480010933232933,0.3938982936426498,0.4047403688155128,0.5138401944190713,0.24397982689101663,0.33805508396282263,0.4012863630100742
631,91,1,PX-001,amplify identity fracture,0.5694611662114383,0.3891563132330978,0.4047403688155128,0.5138401944190713,0.24397982689101663,0.33805508396282263,0.4012863630100742
632,91,2,PX-002,fracture to access recursion,0.5694611662114383,0.4089240309382751,0.4047403688155128,0.519804267240421,0.24397982689101663,0.33805508396282263,0.4012863630100742
633,91,3,PX-003,negation to lock formation,0.5781810010758544,0.4089240309382751,0.40506612551928045,0.519804267240421,0.24397982689101663,0.33805508396282263,0.4012863630100742
634,91,4,PX-004,lagged temporal recursion,0.5781810010758544,0.4089240309382751,0.40506612551928045,0.5141681264518503,0.2595286859297066,0.33805508396282263,0.4012863630100742
635,91,5,PX-005,false signal injection,0.5781810010758544,0.4089240309382751,0.40506612551928045,0.5141681264518503,0.2750544221205145,0.33805508396282263,0.4012863630100742
636,91,6,PX-006,signal to unstable utterance,0.5781810010758544,0.4089240309382751,0.40506612551928045,0.5141681264518503,0.2750544221205145,0.3383358105428131,0.4055572462794996
637,91,7,PX-007,silence feedback reset,0.5481273756401672,0.3941477637593979,0.40506612551928045,0.5141681264518503,0.24413322811713892,0.3383358105428131,0.40149449288968525
638,92,1,PX-001,amplify identity fracture,0.5695783005535566,0.3894003190633724,0.40506612551928045,0.5141681264518503,0.24413322811713892,0.3383358105428131,0.40149449288968525
639,92,2,PX-002,fracture to access recursion,0.5695783005535566,0.4091598949923772,0.40506612551928045,0.5201316140027976,0.24413322811713892,0.3383358105428131,0.40149449288968525
640,92,3,PX-003,negation to lock formation,0.5783023683522163,0.4091598949923772,0.40537304740348973,0.5201316140027976,0.24413322811713892,0.3383358105428131,0.40149449288968525
641,92,4,PX-004,lagged temporal recursion,0.5783023683522163,0.4091598949923772,0.40537304740348973,0.5144728327778086,0.25968814489046665,0.3383358105428131,0.40149449288968525
642,92,5,PX-005,false signal injection,0.5783023683522163,0.4091598949923772,0.40537304740348973,0.5144728327778086,0.27522403175427923,0.3383358105428131,0.40149449288968525
643,92,6,PX-006,signal to unstable utterance,0.5783023683522163,0.4091598949923772,0.40537304740348973,0.5144728327778086,0.27522403175427923,0.3386105926078631,0.40577046982184695
644,92,7,PX-007,silence feedback reset,0.5482228213914297,0.394366910121446,0.40537304740348973,0.5144728327778086,0.24426662103831542,0.3386105926078631,0.4017170318439065
645,93,1,PX-001,amplify identity fracture,0.5696652920425439,0.38961419298370276,0.40537304740348973,0.5144728327778086,0.24426662103831542,0.3386105926078631,0.4017170318439065
646,93,2,PX-002,fracture to access recursion,0.5696652920425439,0.4093658582394686,0.40537304740348973,0.5204355801430633,0.24426662103831542,0.3386105926078631,0.4017170318439065
647,93,3,PX-003,negation to lock formation,0.5783937750674772,0.4093658582394686,0.40566019256788405,0.5204355801430633,0.24426662103831542,0.3386105926078631,0.4017170318439065
648,93,4,PX-004,lagged temporal recursion,0.5783937750674772,0.4093658582394686,0.40566019256788405,0.5147538608779868,0.25982728802291116,0.3386105926078631,0.4017170318439065
649,93,5,PX-005,false signal injection,0.5783937750674772,0.4093658582394686,0.40566019256788405,0.5147538608779868,0.27537298433236784,0.3386105926078631,0.4017170318439065
650,93,6,PX-006,signal to unstable utterance,0.5783937750674772,0.4093658582394686,0.40566019256788405,0.5147538608779868,0.27537298433236784,0.33887743202577986,0.40599780468264746
651,93,7,PX-007,silence feedback reset,0.5482897788832074,0.3945568316388041,0.40566019256788405,0.5147538608779868,0.24438083133277438,0.33887743202577986,0.4019503255963496
652,94,1,PX-001,amplify identity fracture,0.5697244961493417,0.3897990642304997,0.40566019256788405,0.5147538608779868,0.24438083133277438,0.33887743202577986,0.4019503255963496
653,94,2,PX-002,fracture to access recursion,0.5697244961493417,0.4095431027156432,0.40566019256788405,0.5207157371598913,0.24438083133277438,0.33887743202577986,0.4019503255963496
654,94,3,PX-003,negation to lock formation,0.5784575163639898,0.4095431027156432,0.40592690666764836,0.5207157371598913,0.24438083133277438,0.33887743202577986,0.4019503255963496
655,94,4,PX-004,lagged temporal recursion,0.5784575163639898,0.4095431027156432,0.40592690666764836,0.5150110320310768,0.25994691964788524,0.33887743202577986,0.4019503255963496
656,94,5,PX-005,false signal injection,0.5784575163639898,0.4095431027156432,0.40592690666764836,0.5150110320310768,0.27550202741582985,0.33887743202577986,0.4019503255963496
657,94,6,PX-006,signal to unstable utterance,0.5784575163639898,0.4095431027156432,0.40592690666764836,0.5150110320310768,0.27550202741582985,0.33913461692801417,0.4062355815694784
658,94,7,PX-007,silence feedback reset,0.548330623801371,0.3947187930956221,0.40592690666764836,0.5150110320310768,0.24447678511486862,0.33913461692801417,0.4021910031968808
659,95,1,PX-001,amplify identity fracture,0.5697582879328217,0.3899562226743484,0.40592690666764836,0.5150110320310768,0.24447678511486862,0.33913461692801417,0.4021910031968808
660,95,2,PX-002,fracture to access recursion,0.5697582879328217,0.40969296270706657,0.40592690666764836,0.5209719290460997,0.24447678511486862,0.33913461692801417,0.4021910031968808
661,95,3,PX-003,negation to lock formation,0.5784959119610702,0.40969296270706657,0.4061727992977208,0.5209719290460997,0.24447678511486862,0.33913461692801417,0.4021910031968808
662,95,4,PX-004,lagged temporal recursion,0.5784959119610702,0.40969296270706657,0.4061727992977208,0.5152444143627588,0.26004794977050694,0.33913461692801417,0.4021910031968808
663,95,5,PX-005,false signal injection,0.5784959119610702,0.40969296270706657,0.4061727992977208,0.5152444143627588,0.27561202376454763,0.33913461692801417,0.4021910031968808
664,95,6,PX-006,signal to unstable utterance,0.5784959119610702,0.40969296270706657,0.4061727992977208,0.5152444143627588,0.27561202376454763,0.339380708172451,0.40648041924481704
665,95,7,PX-007,silence feedback reset,0.5483477331485948,0.3948541957246419,0.4061727992977208,0.5152444143627588,0.24455548924474094,0.339380708172451,0.4024359793836493
666,96,1,PX-001,amplify identity fracture,0.569769036895642,0.39008708967553624,0.4061727992977208,0.5152444143627588,0.24455548924474094,0.339380708172451,0.4024359793836493
667,96,2,PX-002,fracture to access recursion,0.569769036895642,0.40981689602484406,0.4061727992977208,0.5212042452458556,0.24455548924474094,0.339380708172451,0.4024359793836493
668,96,3,PX-003,negation to lock formation,0.5785112810253707,0.40981689602484406,0.4063977202686034,0.5212042452458556,0.24455548924474094,0.339380708172451,0.4024359793836493
669,96,4,PX-004,lagged temporal recursion,0.5785112810253707,0.40981689602484406,0.4063977202686034,0.515454296326082,0.26013137399293107,0.339380708172451,0.4024359793836493
670,96,5,PX-005,false signal injection,0.5785112810253707,0.40981689602484406,0.4063977202686034,0.515454296326082,0.27570393073555133,0.339380708172451,0.4024359793836493
671,96,6,PX-006,signal to unstable utterance,0.5785112810253707,0.40981689602484406,0.4063977202686034,0.515454296326082,0.27570393073555133,0.33961452459859864,0.4067292264828586
672,96,7,PX-007,silence feedback reset,0.5483434618767032,0.3949645494205814,0.4063977202686034,0.515454296326082,0.24461801282209636,0.33961452459859864,0.4026824539969477
673,97,1,PX-001,amplify identity fracture,0.569759084494303,0.39019319060050706,0.4063977202686034,0.515454296326082,0.24461801282209636,0.33961452459859864,0.4026824539969477
674,97,2,PX-002,fracture to access recursion,0.569759084494303,0.4099164569853103,0.4063977202686034,0.521412994069006,0.24461801282209636,0.33961452459859864,0.4026824539969477
675,97,3,PX-003,negation to lock formation,0.5785059196516269,0.4099164569853103,0.40660173600843935,0.521412994069006,0.24461801282209636,0.33961452459859864,0.4026824539969477
676,97,4,PX-004,lagged temporal recursion,0.5785059196516269,0.4099164569853103,0.40660173600843935,0.5156411608212114,0.26019825461137025,0.33961452459859864,0.4026824539969477
677,97,5,PX-005,false signal injection,0.5785059196516269,0.4099164569853103,0.40660173600843935,0.5156411608212114,0.2757787808358436,0.33961452459859864,0.4026824539969477
678,97,6,PX-006,signal to unstable utterance,0.5785059196516269,0.4099164569853103,0.40660173600843935,0.5156411608212114,0.2757787808358436,0.33983512733389465,0.4069792010747168
679,97,7,PX-007,silence feedback reset,0.5483201221812569,0.39505144671567016,0.40660173600843935,0.5156411608212114,0.24466546995298294,0.33983512733389465,0.4029279087462908
680,98,1,PX-001,amplify identity fracture,0.5697307242655169,0.3902761291174999,0.40660173600843935,0.5156411608212114,0.24466546995298294,0.33983512733389465,0.4029279087462908
681,98,2,PX-002,fracture to access recursion,0.5697307242655169,0.4099932712035333,0.40660173600843935,0.5215986767685491,0.24466546995298294,0.33983512733389465,0.4029279087462908
682,98,3,PX-003,negation to lock formation,0.5784820809189734,0.4099932712035333,0.406785106304308,0.5215986767685491,0.24466546995298294,0.33983512733389465,0.4029279087462908
683,98,4,PX-004,lagged temporal recursion,0.5784820809189734,0.4099932712035333,0.406785106304308,0.5158056601371674,0.2602497029887949,0.33983512733389465,0.4029279087462908
684,98,5,PX-005,false signal injection,0.5784820809189734,0.4099932712035333,0.406785106304308,0.5158056601371674,0.2758376635274571,0.33983512733389465,0.4029279087462908
685,98,6,PX-006,signal to unstable utterance,0.5784820809189734,0.4099932712035333,0.406785106304308,0.5158056601371674,0.2758376635274571,0.34004180339537293,0.4072278261889454
686,98,7,PX-007,silence feedback reset,0.5482799653986594,0.39511653860991075,0.406785106304308,0.5158056601371674,0.24469900385302296,0.34004180339537293,0.4031701016282528
687,99,1,PX-001,amplify identity fracture,0.5696861845058023,0.39033756335911995,0.406785106304308,0.5158056601371674,0.24469900385302296,0.34004180339537293,0.4031701016282528
688,99,2,PX-002,fracture to access recursion,0.5696861845058023,0.4100490122779357,0.406785106304308,0.5217619624615071,0.24469900385302296,0.34004180339537293,0.4031701016282528
689,99,3,PX-003,negation to lock formation,0.5784419574631183,0.4100490122779357,0.40694826157326147,0.5217619624615071,0.24469900385302296,0.34004180339537293,0.4031701016282528
690,99,4,PX-004,lagged temporal recursion,0.5784419574631183,0.4100490122779357,0.40694826157326147,0.5159485918728437,0.2602868632691105,0.34004180339537293,0.4031701016282528
691,99,5,PX-005,false signal injection,0.5784419574631183,0.4100490122779357,0.40694826157326147,0.5159485918728437,0.27588170835682,0.34004180339537293,0.4031701016282528
692,99,6,PX-006,signal to unstable utterance,0.5784419574631183,0.4100490122779357,0.40694826157326147,0.5159485918728437,0.27588170835682,0.3402340488151264,0.4074728643897512
693,99,7,PX-007,silence feedback reset,0.5482251664228186,0.39516151231936986,0.40694826157326147,0.5159485918728437,0.24471977232667172,0.3402340488151264,0.40340705928628434
694,100,1,PX-001,amplify identity fracture,0.5696276134192241,0.3903791840105335,0.40694826157326147,0.5159485918728437,0.24471977232667172,0.3402340488151264,0.40340705928628434
695,100,2,PX-002,fracture to access recursion,0.5696276134192241,0.410085380415618,0.40694826157326147,0.5219036640481199,0.24471977232667172,0.3402340488151264,0.40340705928628434
696,100,3,PX-003,negation to lock formation,0.5783876664829054,0.410085380415618,0.40709178083093067,0.5219036640481199,0.24471977232667172,0.3402340488151264,0.40340705928628434
697,100,4,PX-004,lagged temporal recursion,0.5783876664829054,0.410085380415618,0.40709178083093067,0.5160708759698796,0.2603108974745959,0.3402340488151264,0.40340705928628434
698,100,5,PX-005,false signal injection,0.5783876664829054,0.410085380415618,0.40709178083093067,0.5160708759698796,0.2759120694563935,0.3402340488151264,0.40340705928628434
699,100,6,PX-006,signal to unstable utterance,0.5783876664829054,0.410085380415618,0.40709178083093067,0.5160708759698796,0.2759120694563935,0.3404115515011214,0.40771234960823544
700,100,7,PX-007,silence feedback reset,0.5481578105385855,0.3951880709783031,0.40709178083093067,0.5160708759698796,0.2447289346401353,0.3404115515011214,0.4036370675951703
701,101,1,PX-001,amplify identity fracture,0.5695570666294397,0.3904026943547549,0.40709178083093067,0.5160708759698796,0.2447289346401353,0.3404115515011214,0.4036370675951703
702,101,2,PX-002,fracture to access recursion,0.5695570666294397,0.4101040830215558,0.40709178083093067,0.5220247152596135,0.2447289346401353,0.3404115515011214,0.4036370675951703
703,101,3,PX-003,negation to lock formation,0.5783212370812281,0.4101040830215558,0.40721637050286424,0.5220247152596135,0.2447289346401353,0.3404115515011214,0.4036370675951703
704,101,4,PX-004,lagged temporal recursion,0.5783212370812281,0.4101040830215558,0.40721637050286424,0.5161735329661,0.2603229720062902,0.3404115515011214,0.4036370675951703
705,101,5,PX-005,false signal injection,0.5783212370812281,0.4101040830215558,0.40721637050286424,0.5161735329661,0.27592991144426054,0.3404115515011214,0.4036370675951703
706,101,6,PX-006,signal to unstable utterance,0.5783212370812281,0.4101040830215558,0.40721637050286424,0.5161735329661,0.27592991144426054,0.34057417402726314,0.40794457735274947
707,101,7,PX-007,silence feedback reset,0.5480798825527876,0.39519791530549536,0.40721637050286424,0.5161735329661,0.24472763978577242,0.34057417402726314,0.4038586607422272
708,102,1,PX-001,amplify identity fracture,0.5694764969366785,0.39040979228139344,0.40721637050286424,0.5161735329661,0.24472763978577242,0.34057417402726314,0.4038586607422272
709,102,2,PX-002,fracture to access recursion,0.5694764969366785,0.4101068172506162,0.40721637050286424,0.5221261489410065,0.24472763978577242,0.34057417402726314,0.4038586607422272
710,102,3,PX-003,negation to lock formation,0.5782445998248446,0.4101068172506162,0.4073228442014432,0.5221261489410065,0.24472763978577242,0.34057417402726314,0.4038586607422272
711,102,4,PX-004,lagged temporal recursion,0.5782445998248446,0.4101068172506162,0.4073228442014432,0.516257663555434,0.26032424554706024,0.34057417402726314,0.4038586607422272
712,102,5,PX-005,false signal injection,0.5782445998248446,0.4101068172506162,0.4073228442014432,0.516257663555434,0.2759363967271338,0.34057417402726314,0.4038586607422272
713,102,6,PX-006,signal to unstable utterance,0.5782445998248446,0.4101068172506162,0.4073228442014432,0.516257663555434,0.2759363967271338,0.3407219365284467,0.4081680934332403
714,102,7,PX-007,silence feedback reset,0.5479932580905594,0.3951927272220797,0.4073228442014432,0.516257663555434,0.24471701611828472,0.3407219365284467,0.40407060906504483
715,103,1,PX-001,amplify identity fracture,0.5693877461878654,0.39040215424247865,0.4073228442014432,0.516257663555434,0.24471701611828472,0.3407219365284467,0.40407060906504483
716,103,2,PX-002,fracture to access recursion,0.5693877461878654,0.41009525449947537,0.4073228442014432,0.5222090766527262,0.24471701611828472,0.3407219365284467,0.40407060906504483
717,103,3,PX-003,negation to lock formation,0.5781595783952855,0.41009525449947537,0.40741210356949503,0.5222090766527262,0.24471701611828472,0.3407219365284467,0.40407060906504483
718,103,4,PX-004,lagged temporal recursion,0.5781595783952855,0.41009525449947537,0.40741210356949503,0.5163244295186591,0.2603158583493998,0.3407219365284467,0.40407060906504483
719,103,5,PX-005,false signal injection,0.5781595783952855,0.41009525449947537,0.40741210356949503,0.5163244295186591,0.2759326741942341,0.3407219365284467,0.40407060906504483
720,103,6,PX-006,signal to unstable utterance,0.5781595783952855,0.41009525449947537,0.40741210356949503,0.5163244295186591,0.2759326741942341,0.34085499985792517,0.40838168146155984
721,103,7,PX-007,silence feedback reset,0.5478996969146795,0.395174155387443,0.40741210356949503,0.5163244295186591,0.24469816232782196,0.34085499985792517,0.4042719058918179
722,104,1,PX-001,amplify identity fracture,0.569292539118666,0.3903814211187129,0.40741210356949503,0.5163244295186591,0.24469816232782196,0.34085499985792517,0.4042719058918179
723,104,2,PX-002,fracture to access recursion,0.569292539118666,0.41007102679614704,0.40741210356949503,0.522274669653364,0.24469816232782196,0.34085499985792517,0.4042719058918179
724,104,3,PX-003,negation to lock formation,0.5780678831936054,0.41007102679614704,0.40748512027086103,0.522274669653364,0.24469816232782196,0.34085499985792517,0.4042719058918179
725,104,4,PX-004,lagged temporal recursion,0.5780678831936054,0.41007102679614704,0.40748512027086103,0.5163750360691378,0.2602989228746642,0.34085499985792517,0.4042719058918179
726,104,5,PX-005,false signal injection,0.5780678831936054,0.41007102679614704,0.40748512027086103,0.5163750360691378,0.27591986927374845,0.34085499985792517,0.4042719058918179
727,104,6,PX-006,signal to unstable utterance,0.5780678831936054,0.41007102679614704,0.40748512027086103,0.5163750360691378,0.27591986927374845,0.3409736491459383,0.4085843493753984
728,104,7,PX-007,silence feedback reset,0.5478008381185541,0.3951438026017132,0.40748512027086103,0.5163750360691378,0.24467213970228982,0.3409736491459383,0.4044617536153585
729,105,1,PX-001,amplify identity fracture,0.569192479019578,0.3903491859417973,0.40748512027086103,0.5163750360691378,0.24467213970228982,0.3409736491459383,0.4044617536153585
730,105,2,PX-002,fracture to access recursion,0.569192479019578,0.4100357150279962,0.40748512027086103,0.5223241413058612,0.24467213970228982,0.3409736491459383,0.4044617536153585
731,105,3,PX-003,negation to lock formation,0.577971106755011,0.4100357150279962,0.4075429191883523,0.5223241413058612,0.24467213970228982,0.3409736491459383,0.4044617536153585
732,105,4,PX-004,lagged temporal recursion,0.577971106755011,0.4100357150279962,0.4075429191883523,0.5164107156390253,0.2602745157374272,0.3409736491459383,0.4044617536153585
733,105,5,PX-005,false signal injection,0.577971106755011,0.4100357150279962,0.4075429191883523,0.5164107156390253,0.27589907531011226,0.3409736491459383,0.4044617536153585
734,105,6,PX-006,signal to unstable utterance,0.577971106755011,0.4100357150279962,0.4075429191883523,0.5164107156390253,0.27589907531011226,0.34107827788039946,0.4087753152180483
735,105,7,PX-007,silence feedback reset,0.5476981970390985,0.3951032150077709,0.4075429191883523,0.5164107156390253,0.24463996562058507,0.34107827788039946,0.4046395492160076
736,106,1,PX-001,amplify identity fracture,0.5690890450741344,0.3903069834033347,0.4075429191883523,0.5164107156390253,0.24463996562058507,0.34107827788039946,0.4046395492160076
737,106,2,PX-002,fracture to access recursion,0.5690890450741344,0.409990838934811,0.4075429191883523,0.5223587309308765,0.24463996562058507,0.34107827788039946,0.4046395492160076
738,106,3,PX-003,negation to lock formation,0.5778707208252176,0.409990838934811,0.4075865628709312,0.5223587309308765,0.24463996562058507,0.34107827788039946,0.4046395492160076
739,106,4,PX-004,lagged temporal recursion,0.5778707208252176,0.409990838934811,0.4075865628709312,0.516432713114316,0.26024367089789247,0.34107827788039946,0.4046395492160076
740,106,5,PX-005,false signal injection,0.5778707208252176,0.409990838934811,0.4075865628709312,0.516432713114316,0.27587134620911796,0.34107827788039946,0.4046395492160076
741,106,6,PX-006,signal to unstable utterance,0.5778707208252176,0.409990838934811,0.4075865628709312,0.516432713114316,0.27587134620911796,0.341169372612747,0.4089539923898867
742,106,7,PX-007,silence feedback reset,0.5475931637338052,0.3950538730127075,0.4075865628709312,0.516432713114316,0.24460260821008922,0.341169372612747,0.404804869432121
743,107,1,PX-001,amplify identity fracture,0.5689835912155359,0.3902562810682006,0.4075865628709312,0.516432713114316,0.24460260821008922,0.341169372612747,0.404804869432121
744,107,2,PX-002,fracture to access recursion,0.5689835912155359,0.4099378487816798,0.4075865628709312,0.5223796891141294,0.24460260821008922,0.341169372612747,0.404804869432121
745,107,3,PX-003,negation to lock formation,0.5777680749484624,0.4099378487816798,0.40761713725471166,0.5223796891141294,0.24460260821008922,0.341169372612747,0.404804869432121
746,107,4,PX-004,lagged temporal recursion,0.5777680749484624,0.4099378487816798,0.40761713725471166,0.5164422725116209,0.2602073740367025,0.341169372612747,0.404804869432121
747,107,5,PX-005,false signal injection,0.5777680749484624,0.4099378487816798,0.40761713725471166,0.5164422725116209,0.2758376902887449,0.341169372612747,0.404804869432121
748,107,6,PX-006,signal to unstable utterance,0.5777680749484624,0.4099378487816798,0.40761713725471166,0.5164422725116209,0.2758376902887449,0.34124749837500434,0.4091199745705375
749,107,7,PX-007,silence feedback reset,0.5474870028664814,0.3949971838380731,0.40761713725471166,0.5164422725116209,0.24456098209538343,0.34124749837500434,0.404957455759856
750,108,1,PX-001,amplify identity fracture,0.5688773463483893,0.3901984722000919,0.40761713725471166,0.5164422725116209,0.24456098209538343,0.34124749837500434,0.404957455759856
751,108,2,PX-002,fracture to access recursion,0.5688773463483893,0.40987811861697215,0.40761713725471166,0.52238826445919,0.24456098209538343,0.34124749837500434,0.404957455759856
752,108,3,PX-003,negation to lock formation,0.5776643964172478,0.40987811861697215,0.40763573866657604,0.52238826445919,0.24456098209538343,0.34124749837500434,0.404957455759856
753,108,4,PX-004,lagged temporal recursion,0.5776643964172478,0.40987811861697215,0.40763573866657604,0.5164406250757343,0.2601665580399138,0.34124749837500434,0.404957455759856
754,108,5,PX-005,false signal injection,0.5776643964172478,0.40987811861697215,0.40763573866657604,0.5164406250757343,0.27579906526650116,0.34124749837500434,0.404957455759856
755,108,6,PX-006,signal to unstable utterance,0.5776643964172478,0.40987811861697215,0.40763573866657604,0.5164406250757343,0.27579906526650116,0.34131328487781915,0.4092730204933854
756,108,7,PX-007,silence feedback reset,0.5473808548482194,0.3949344756000073,0.40763573866657604,0.5164406250757343,0.2445159451606365,0.34131328487781915,0.40509719944684286
757,109,1,PX-001,amplify identity fracture,0.5687714157843934,0.39013487009909015,0.40763573866657604,0.5164406250757343,0.2445159451606365,0.34131328487781915,0.40509719944684286
758,109,2,PX-002,fracture to access recursion,0.5687714157843934,0.4098129410135156,0.40763573866657604,0.5223856917635055,0.2445159451606365,0.34131328487781915,0.40509719944684286
759,109,3,PX-003,negation to lock formation,0.5775607914358062,0.4098129410135156,0.40764346210492874,0.5223856917635055,0.2445159451606365,0.34131328487781915,0.40509719944684286
760,109,4,PX-004,lagged temporal recursion,0.5775607914358062,0.4098129410135156,0.40764346210492874,0.5164289787648779,0.2601220995171902,0.34131328487781915,0.40509719944684286
761,109,5,PX-005,false signal injection,0.5775607914358062,0.4098129410135156,0.40764346210492874,0.5164289787648779,0.27575637430881333,0.34131328487781915,0.40509719944684286
762,109,6,PX-006,signal to unstable utterance,0.5775607914358062,0.4098129410135156,0.40764346210492874,0.5164289787648779,0.27575637430881333,0.3413674135438864,0.4094130387366965
763,109,7,PX-007,silence feedback reset,0.5472757380838555,0.39486699281426946,0.40764346210492874,0.5164289787648779,0.24446829624528346,0.3413674135438864,0.40522412662722185
764,110,1,PX-001,amplify identity fracture,0.5686667837445653,0.3900667038453571,0.40764346210492874,0.5164289787648779,0.24446829624528346,0.3413674135438864,0.40522412662722185
765,110,2,PX-002,fracture to access recursion,0.5686667837445653,0.40974352318594454,0.40764346210492874,0.522373181583423,0.24446829624528346,0.3413674135438864,0.40522412662722185
766,110,3,PX-003,negation to lock formation,0.5774582473527504,0.40974352318594454,0.407641390779369,0.522373181583423,0.24446829624528346,0.3413674135438864,0.40522412662722185
767,110,4,PX-004,lagged temporal recursion,0.5774582473527504,0.40974352318594454,0.407641390779369,0.5164085090799504,0.26007481627322776,0.3413674135438864,0.40522412662722185
768,110,5,PX-005,false signal injection,0.5774582473527504,0.40974352318594454,0.407641390779369,0.5164085090799504,0.27571046306443125,0.3413674135438864,0.40522412662722185
769,110,6,PX-006,signal to unstable utterance,0.5774582473527504,0.40974352318594454,0.407641390779369,0.5164085090799504,0.27571046306443125,0.3414106054168083,0.40954007267825654
770,110,7,PX-007,silence feedback reset,0.547172552179233,0.39479589321711245,0.407641390779369,0.5164085090799504,0.2444187736912603,0.3414106054168083,0.4053383837286364
771,111,1,PX-001,amplify identity fracture,0.5685643167856642,0.3899951153393326,0.407641390779369,0.5164085090799504,0.2444187736912603,0.3414106054168083,0.4053383837286364
772,111,2,PX-002,fracture to access recursion,0.5685643167856642,0.4096709843739804,0.407641390779369,0.5223519111435533,0.2444187736912603,0.3414106054168083,0.4053383837286364
773,111,3,PX-003,negation to lock formation,0.5773576358231434,0.4096709843739804,0.4076305868798809,0.5223519111435533,0.2444187736912603,0.3414106054168083,0.4053383837286364
774,111,4,PX-004,lagged temporal recursion,0.5773576358231434,0.4096709843739804,0.4076305868798809,0.516380351185145,0.2600254656508687,0.3414106054168083,0.4053383837286364
775,111,5,PX-005,false signal injection,0.5773576358231434,0.4096709843739804,0.4076305868798809,0.516380351185145,0.2756621176017447,0.3414106054168083,0.4053383837286364
776,111,6,PX-006,signal to unstable utterance,0.5773576358231434,0.4096709843739804,0.4076305868798809,0.516380351185145,0.2756621176017447,0.34144360997216894,0.4096542857433628
777,111,7,PX-007,silence feedback reset,0.5470720819707386,0.39472224579068993,0.4076305868798809,0.516380351185145,0.24436805465999978,0.34144360997216894,0.4054402232652823
778,112,1,PX-001,amplify identity fracture,0.5684647680146243,0.3899211575268554,0.4076305868798809,0.516380351185145,0.24436805465999978,0.34144360997216894,0.4054402232652823
779,112,2,PX-002,fracture to access recursion,0.5684647680146243,0.4095963543799172,0.4076305868798809,0.5223230165369769,0.24436805465999978,0.34144360997216894,0.4054402232652823
780,112,3,PX-003,negation to lock formation,0.5772597167660721,0.4095963543799172,0.4076120835364768,0.5223230165369769,0.24436805465999978,0.34144360997216894,0.4054402232652823
781,112,4,PX-004,lagged temporal recursion,0.5772597167660721,0.4095963543799172,0.4076120835364768,0.5163455932598364,0.25997474366410644,0.34144360997216894,0.4054402232652823
782,112,5,PX-005,false signal injection,0.5772597167660721,0.4095963543799172,0.4076120835364768,0.5163455932598364,0.275612063169164,0.34144360997216894,0.4054402232652823
783,112,6,PX-006,signal to unstable utterance,0.5772597167660721,0.4095963543799172,0.4076120835364768,0.5163455932598364,0.275612063169164,0.3414671948454601,0.40975594705936197
784,112,7,PX-007,silence feedback reset,0.5469750022456383,0.394647029881057,0.4076120835364768,0.5163455932598364,0.24431675513843362,0.3414671948454601,0.4055299901151547
785,113,1,PX-001,amplify identity fracture,0.5683687819618224,0.3898457936972578,0.4076120835364768,0.5163455932598364,0.24431675513843362,0.3414671948454601,0.4055299901151547
786,113,2,PX-002,fracture to access recursion,0.5683687819618224,0.40952057314861884,0.4076120835364768,0.522287586155459,0.24431675513843362,0.3414671948454601,0.4055299901151547
787,113,3,PX-003,negation to lock formation,0.5771651429905161,0.40952057314861884,0.4075868779220546,0.522287586155459,0.24431675513843362,0.3414671948454601,0.4055299901151547
788,113,4,PX-004,lagged temporal recursion,0.5771651429905161,0.40952057314861884,0.4075868779220546,0.5163052710156243,0.25992328484004235,0.3414671948454601,0.4055299901151547
789,113,5,PX-005,false signal injection,0.5771651429905161,0.40952057314861884,0.4075868779220546,0.5163052710156243,0.27556096369811206,0.3414671948454601,0.4055299901151547
790,113,6,PX-006,signal to unstable utterance,0.5771651429905161,0.40952057314861884,0.4075868779220546,0.5163052710156243,0.27556096369811206,0.34148213648050735,0.40984541761385435
791,113,7,PX-007,silence feedback reset,0.5468818830294463,0.3945711352976204,0.4075868779220546,0.5163052710156243,0.24426543055521083,0.34148213648050735,0.4056081083643455
792,114,1,PX-001,amplify identity fracture,0.5682768999916857,0.3897698977435232,0.4075868779220546,0.5163052710156243,0.24426543055521083,0.34148213648050735,0.4056081083643455
793,114,2,PX-002,fracture to access recursion,0.5682768999916857,0.40944449127970706,0.4075868779220546,0.5222466552829348,0.24426543055521083,0.34148213648050735,0.4056081083643455
794,114,3,PX-003,negation to lock formation,0.577074465369668,0.40944449127970706,0.4075559254444722,0.5222466552829348,0.24426543055521083,0.34148213648050735,0.4056081083643455
795,114,4,PX-004,lagged temporal recursion,0.577074465369668,0.40944449127970706,0.4075559254444722,0.5162603633077618,0.2598716626906429,0.34148213648050735,0.4056081083643455
796,114,5,PX-005,false signal injection,0.577074465369668,0.40944449127970706,0.4075559254444722,0.5162603633077618,0.2755094219695432,0.34148213648050735,0.4056081083643455
797,114,6,PX-006,signal to unstable utterance,0.577074465369668,0.40944449127970706,0.4075559254444722,0.5162603633077618,0.2755094219695432,0.3414892116922174,0.40992313699831356
798,114,7,PX-007,silence feedback reset,0.5467931953247624,0.3944953632849257,0.4075559254444722,0.5162603633077618,0.24421457693105592,0.3414892116922174,0.40567506878671733
799,115,1,PX-001,amplify identity fracture,0.5681895661372861,0.3896942552758261,0.4075559254444722,0.5162603633077618,0.24421457693105592,0.3414892116922174,0.40567506878671733
800,115,2,PX-002,fracture to access recursion,0.5681895661372861,0.40936887136412925,0.4075559254444722,0.5222012017809656,0.24421457693105592,0.3414892116922174,0.40567506878671733
801,115,3,PX-003,negation to lock formation,0.5769881384517117,0.40936887136412925,0.4075201349684344,0.5222012017809656,0.24421457693105592,0.3414892116922174,0.40567506878671733
802,115,4,PX-004,lagged temporal recursion,0.5769881384517117,0.40936887136412925,0.4075201349684344,0.5162117887667871,0.25982039073770724,0.3414892116922174,0.40567506878671733
803,115,5,PX-005,false signal injection,0.5769881384517117,0.40936887136412925,0.4075201349684344,0.5162117887667871,0.2754579803670785,0.3414892116922174,0.40567506878671733
804,115,6,PX-006,signal to unstable utterance,0.5769881384517117,0.40936887136412925,0.4075201349684344,0.5162117887667871,0.2754579803670785,0.34148919012879286,0.4099896108042873
805,115,7,PX-007,silence feedback reset,0.5467093171945173,0.39442042826074464,0.4075201349684344,0.5162117887667871,0.24416463249050704,0.34148919012879286,0.4057314170136065
806,116,1,PX-001,amplify identity fracture,0.5681071332540204,0.3896195654830243,0.4075201349684344,0.5162117887667871,0.24416463249050704,0.34148919012879286,0.4057314170136065
807,116,2,PX-002,fracture to access recursion,0.5681071332540204,0.4092943900407728,0.4075201349684344,0.5221521427915555,0.24416463249050704,0.34148919012879286,0.4057314170136065
808,116,3,PX-003,negation to lock formation,0.5769065264032263,0.4092943900407728,0.4074803650036343,0.5221521427915555,0.24416463249050704,0.34148919012879286,0.4057314170136065
809,116,4,PX-004,lagged temporal recursion,0.5769065264032263,0.4092943900407728,0.4074803650036343,0.5161604033739304,0.25976992401762633,0.34148919012879286,0.4057314170136065
810,116,5,PX-005,false signal injection,0.5769065264032263,0.4092943900407728,0.4074803650036343,0.5161604033739304,0.27540712214267643,0.34148919012879286,0.4057314170136065
811,116,6,PX-006,signal to unstable utterance,0.5769065264032263,0.4092943900407728,0.4074803650036343,0.5161604033739304,0.27540712214267643,0.3414828276110036,0.41004539872563667
812,116,7,PX-007,silence feedback reset,0.546630540091234,0.3943469602183717,0.4074803650036343,0.5161604033739304,0.24411597966604145,0.3414828276110036,0.40577774243543857
813,117,1,PX-001,amplify identity fracture,0.5680298693960879,0.389546443640761,0.4074803650036343,0.5161604033739304,0.24411597966604145,0.3414828276110036,0.40577774243543857
814,117,2,PX-002,fracture to access recursion,0.5680298693960879,0.4092216406730558,0.4074803650036343,0.5221003323805478,0.24411597966604145,0.3414828276110036,0.40577774243543857
815,117,3,PX-003,negation to lock formation,0.5768299091897231,0.4092216406730558,0.4074374207926056,0.5221003323805478,0.24411597966604145,0.3414828276110036,0.40577774243543857
816,117,4,PX-004,lagged temporal recursion,0.5768299091897231,0.4092216406730558,0.4074374207926056,0.5161069989026711,0.25972066099616326,0.3414828276110036,0.40577774243543857
817,117,5,PX-005,false signal injection,0.5768299091897231,0.4092216406730558,0.4074374207926056,0.5161069989026711,0.27535727312410896,0.3414828276110036,0.40577774243543857
818,117,6,PX-006,signal to unstable utterance,0.5768299091897231,0.4092216406730558,0.4074374207926056,0.5161069989026711,0.27535727312410896,0.34147086031963314,0.4100911034074912
819,117,7,PX-007,silence feedback reset,0.5465570753426129,0.39427550769568215,0.4074374207926056,0.5161069989026711,0.24406894742970353,0.34147086031963314,0.4058146678653266
820,118,1,PX-001,amplify identity fracture,0.567957964328111,0.38947542416959346,0.4074374207926056,0.5161069989026711,0.24406894742970353,0.34147086031963314,0.4058146678653266
821,118,2,PX-002,fracture to access recursion,0.567957964328111,0.40915113655032076,0.4074374207926056,0.5220465600437026,0.24406894742970353,0.34147086031963314,0.4058146678653266
822,118,3,PX-003,negation to lock formation,0.576758488906207,0.40915113655032076,0.40739205222981834,0.5220465600437026,0.24406894742970353,0.34147086031963314,0.4058146678653266
823,118,4,PX-004,lagged temporal recursion,0.576758488906207,0.40915113655032076,0.40739205222981834,0.5160523021485647,0.2596729458274831,0.34147086031963314,0.4058146678653266
824,118,5,PX-005,false signal injection,0.576758488906207,0.40915113655032076,0.40739205222981834,0.5160523021485647,0.27530880379725514,0.34147086031963314,0.4058146678653266
825,118,6,PX-006,signal to unstable utterance,0.576758488906207,0.40915113655032076,0.40739205222981834,0.5160523021485647,0.27530880379725514,0.34145399979677965,0.4101273600707832
826,118,7,PX-007,silence feedback reset,0.5464890607123662,0.39420654121870125,0.40739205222981834,0.5160523021485647,0.24402381389167474,0.34145399979677965,0.4058428399838851
827,119,1,PX-001,amplify identity fracture,0.5678915360928019,0.38940696415184856,0.40739205222981834,0.5160523021485647,0.24402381389167474,0.34145399979677965,0.4058428399838851
828,119,2,PX-002,fracture to access recursion,0.5678915360928019,0.4090833145242366,0.40739205222981834,0.5219915499973679,0.24402381389167474,0.34145399979677965,0.4058428399838851
829,119,3,PX-003,negation to lock formation,0.5766923961789783,0.4090833145242366,0.4073449525425887,0.5219915499973679,0.24402381389167474,0.34145399979677965,0.4058428399838851
830,119,4,PX-004,lagged temporal recursion,0.5766923961789783,0.4090833145242366,0.4073449525425887,0.515996974870051,0.25962707089590253,0.34145399979677965,0.4058428399838851
831,119,5,PX-005,false signal injection,0.5766923961789783,0.4090833145242366,0.4073449525425887,0.515996974870051,0.27526203170025465,0.34145399979677965,0.4058428399838851
832,119,6,PX-006,signal to unstable utterance,0.5766923961789783,0.4090833145242366,0.4073449525425887,0.515996974870051,0.27526203170025465,0.3414329287222295,0.41015482693040534
833,119,7,PX-007,silence feedback reset,0.5464265669636765,0.39414045713303186,0.4073449525425887,0.515996974870051,0.24398080910968534,0.3414329287222295,0.4058629205746458
834,120,1,PX-001,amplify identity fracture,0.5678306375639662,0.3893414472215727,0.4073449525425887,0.515996974870051,0.24398080910968534,0.3414329287222295,0.4058629205746458
835,120,2,PX-002,fracture to access recursion,0.5678306375639662,0.4090185389961444,0.4073449525425887,0.521935961176302,0.24398080910968534,0.3414329287222295,0.4058629205746458
836,120,3,PX-003,negation to lock formation,0.5766316965680678,0.4090185389961444,0.40729675766426987,0.521935961176302,0.24398080910968534,0.3414329287222295,0.4058629205746458
837,120,4,PX-004,lagged temporal recursion,0.5766316965680678,0.4090185389961444,0.40729675766426987,0.5159416143642754,0.25958327958321825,0.3414329287222295,0.4058629205746458
838,120,5,PX-005,false signal injection,0.5766316965680678,0.4090185389961444,0.40729675766426987,0.5159416143642754,0.2752172240707817,0.3414329287222295,0.4058629205746458
839,120,6,PX-006,signal to unstable utterance,0.5766316965680678,0.4090185389961444,0.40729675766426987,0.5159416143642754,0.2752172240707817,0.341408297422571,0.4101741764152127
840,120,7,PX-007,silence feedback reset,0.546369604360855,0.39407758174237617,0.40729675766426987,0.5159416143642754,0.24394011805767263,0.341408297422571,0.40587557855059764
841,121,1,PX-001,amplify identity fracture,0.5677752629222667,0.38927918774787096,0.40729675766426987,0.5159416143642754,0.24394011805767263,0.341408297422571,0.40587557855059764
842,121,2,PX-002,fracture to access recursion,0.5677752629222667,0.40895710617724995,0.40729675766426987,0.521880387862588,0.24394011805767263,0.341408297422571,0.40587557855059764
843,121,3,PX-003,negation to lock formation,0.5765763969076441,0.40895710617724995,0.40724804623084504,0.521880387862588,0.24394011805767263,0.341408297422571,0.40587557855059764
844,121,4,PX-004,lagged temporal recursion,0.5765763969076441,0.40895710617724995,0.40724804623084504,0.5158867546039193,0.25954176920893063,0.341408297422571,0.40587557855059764
845,121,5,PX-005,false signal injection,0.5765763969076441,0.40895710617724995,0.40724804623084504,0.5158867546039193,0.27517460069202426,0.341408297422571,0.40587557855059764
846,121,6,PX-006,signal to unstable utterance,0.5765763969076441,0.40895710617724995,0.40724804623084504,0.5158867546039193,0.27517460069202426,0.3413807210680119,0.41018608718926197
847,121,7,PX-007,silence feedback reset,0.5463181290526643,0.39401817567944347,0.40724804623084504,0.5158867546039193,0.24390188370658342,0.3413807210680119,0.40588148276448194
848,122,1,PX-001,amplify identity fracture,0.5677253539989912,0.38922043523801564,0.40724804623084504,0.5158867546039193,0.24390188370658342,0.3413807210680119,0.40588148276448194
849,122,2,PX-002,fracture to access recursion,0.5677253539989912,0.40889924854965826,0.40724804623084504,0.5218253608715812,0.24390188370658342,0.3413807210680119,0.40588148276448194
850,122,3,PX-003,negation to lock formation,0.5765264515293906,0.40889924854965826,0.40719934013335296,0.5218253608715812,0.24390188370658342,0.3413807210680119,0.40588148276448194
851,122,4,PX-004,lagged temporal recursion,0.5765264515293906,0.40889924854965826,0.40719934013335296,0.5158328678635392,0.25950269409513754,0.3413807210680119,0.40588148276448194
852,122,5,PX-005,false signal injection,0.5765264515293906,0.40889924854965826,0.40719934013335296,0.5158328678635392,0.2751343368873188,0.3413807210680119,0.40588148276448194
853,122,6,PX-006,signal to unstable utterance,0.5765264515293906,0.40889924854965826,0.40719934013335296,0.5158328678635392,0.2751343368873188,0.3413507775099373,0.41019123696583043
854,122,7,PX-007,silence feedback reset,0.546272049288306,0.39396243844067225,0.40719934013335296,0.5158328678635392,0.24386621017463844,0.3413507775099373,0.4058812955885282
855,123,1,PX-001,amplify identity fracture,0.5676808064405432,0.38916537889284675,0.40719934013335296,0.5158328678635392,0.24386621017463844,0.3413507775099373,0.4058812955885282
856,123,2,PX-002,fracture to access recursion,0.5676808064405432,0.408845139462383,0.40719934013335296,0.5217713492233822,0.24386621017463844,0.3413507775099373,0.4058812955885282
857,123,3,PX-003,negation to lock formation,0.57648176832118,0.408845139462383,0.4071511055604532,0.5217713492233822,0.24386621017463844,0.3413507775099373,0.4058812955885282
858,123,4,PX-004,lagged temporal recursion,0.57648176832118,0.408845139462383,0.4071511055604532,0.515780366766869,0.25946616871227635,0.3413507775099373,0.4058812955885282
859,123,5,PX-005,false signal injection,0.57648176832118,0.408845139462383,0.4071511055604532,0.515780366766869,0.27509656661773046,0.3413507775099373,0.4058812955885282
860,123,6,PX-006,signal to unstable utterance,0.57648176832118,0.408845139462383,0.4071511055604532,0.515780366766869,0.27509656661773046,0.3413190057110189,0.4101902960988565
861,123,7,PX-007,silence feedback reset,0.5462312314242151,0.39391051302232094,0.4071511055604532,0.515780366766869,0.2438331659086844,0.3413190057110189,0.40587566724328206
862,124,1,PX-001,amplify identity fracture,0.5676414756534313,0.3891141522531086,0.4071511055604532,0.515780366766869,0.2438331659086844,0.3413190057110189,0.40587566724328206
863,124,2,PX-002,fracture to access recursion,0.5676414756534313,0.4087948978025588,0.4071511055604532,0.5217187622313149,0.2438331659086844,0.3413190057110189,0.40587566724328206
864,124,3,PX-003,negation to lock formation,0.5764422145803132,0.4087948978025588,0.4071037544677858,0.5217187622313149,0.2438331659086844,0.3413190057110189,0.40587566724328206
865,124,4,PX-004,lagged temporal recursion,0.5764422145803132,0.4087948978025588,0.4071037544677858,0.5157296066898618,0.2594322708661977,0.3413190057110189,0.40587566724328206
866,124,5,PX-005,false signal injection,0.5764422145803132,0.4087948978025588,0.4071037544677858,0.5157296066898618,0.2750613856411421,0.3413190057110189,0.40587566724328206
867,124,6,PX-006,signal to unstable utterance,0.5764422145803132,0.4087948978025588,0.4071037544677858,0.5157296066898618,0.2750613856411421,0.34128590471910125,0.41018392193045944
868,124,7,PX-007,silence feedback reset,0.5461955056865204,0.3938624906015338,0.4071037544677858,0.5157296066898618,0.2438027868624151,0.34128590471910125,0.4058652308500175
869,125,1,PX-001,amplify identity fracture,0.5676071824961874,0.3890668378813991,0.4071037544677858,0.5157296066898618,0.2438027868624151,0.34128590471910125,0.4058652308500175
870,125,2,PX-002,fracture to access recursion,0.5676071824961874,0.40874859268808117,0.4071037544677858,0.5216679519422425,0.2438027868624151,0.34128590471910125,0.4058652308500175
871,125,3,PX-003,negation to lock formation,0.576407622627148,0.40874859268808117,0.4070576464135188,0.5216679519422425,0.2438027868624151,0.34128590471910125,0.4058652308500175
872,125,4,PX-004,lagged temporal recursion,0.576407622627148,0.40874859268808117,0.4070576464135188,0.5156808884578606,0.259401044891221,0.34128590471910125,0.4058652308500175
873,125,5,PX-005,false signal injection,0.576407622627148,0.40874859268808117,0.4070576464135188,0.5156808884578606,0.27502885469558047,0.34128590471910125,0.4058652308500175
874,125,6,PX-006,signal to unstable utterance,0.576407622627148,0.40874859268808117,0.4070576464135188,0.5156808884578606,0.27502885469558047,0.341251933136064,0.4101727538680889
875,125,7,PX-007,silence feedback reset,0.5461646716603189,0.39381841521190325,0.4070576464135188,0.5156808884578606,0.24377507964123044,0.341251933136064,0.4058505981768932
876,126,1,PX-001,amplify identity fracture,0.5675777186908498,0.3890234720302984,0.4070576464135188,0.5156808884578606,0.24377507964123044,0.341251933136064,0.4058505981768932
877,126,2,PX-002,fracture to access recursion,0.5675777186908498,0.4087062481337361,0.4070576464135188,0.5216192158671962,0.24377507964123044,0.341251933136064,0.4058505981768932
878,126,3,PX-003,negation to lock formation,0.5763777951510636,0.4087062481337361,0.4070130907025292,0.5216192158671962,0.24377507964123044,0.341251933136064,0.4058505981768932
879,126,4,PX-004,lagged temporal recursion,0.5763777951510636,0.4087062481337361,0.4070130907025292,0.5156344612791162,0.2593725048178319,0.341251933136064,0.4058505981768932
880,126,5,PX-005,false signal injection,0.5763777951510636,0.4087062481337361,0.4070130907025292,0.5156344612791162,0.2749990026735338,0.341251933136064,0.4058505981768932
881,126,6,PX-006,signal to unstable utterance,0.5763777951510636,0.4087062481337361,0.4070130907025292,0.5156344612791162,0.2749990026735338,0.3412175090333395,0.41015740916057447
882,126,7,PX-007,silence feedback reset,0.5461385034827506,0.3937782883687809,0.4070130907025292,0.5156344612791162,0.2437500245872914,0.3412175090333395,0.40583235604545764
883,127,1,PX-001,amplify identity fracture,0.567552851932405,0.3889840492529334,0.4070130907025292,0.5156344612791162,0.2437500245872914,0.3412175090333395,0.40583235604545764
884,127,2,PX-002,fracture to access recursion,0.567552851932405,0.4086678476485195,0.4070130907025292,0.5215727999446416,0.2437500245872914,0.3412175090333395,0.40583235604545764
885,127,3,PX-003,negation to lock formation,0.5763525102664114,0.4086678476485195,0.40697034878495436,0.5215727999446416,0.2437500245872914,0.3412175090333395,0.40583235604545764
886,127,4,PX-004,lagged temporal recursion,0.5763525102664114,0.4086678476485195,0.40697034878495436,0.5155905258608499,0.25934663748750314,0.3412175090333395,0.40583235604545764
887,127,5,PX-005,false signal injection,0.5763525102664114,0.4086678476485195,0.40697034878495436,0.5155905258608499,0.27497182975787804,0.3412175090333395,0.40583235604545764
888,127,6,PX-006,signal to unstable utterance,0.5763525102664114,0.4086678476485195,0.40697034878495436,0.5155905258608499,0.27497182975787804,0.3411830102666702,0.41013847933884723
889,127,7,PX-007,silence feedback reset,0.5461167547222464,0.39374207360509633,0.40697034878495436,0.5155905258608499,0.2437275787819142,0.3411830102666702,0.40581106336128303
890,128,1,PX-001,amplify identity fracture,0.5675323306798876,0.3889485269177035,0.40697034878495436,0.5155905258608499,0.2437275787819142,0.3411830102666702,0.40581106336128303
891,128,2,PX-002,fracture to access recursion,0.5675323306798876,0.4086333387272459,0.40697034878495436,0.5215289016827076,0.2437275787819142,0.3411830102666702,0.40581106336128303
892,128,3,PX-003,negation to lock formation,0.5763315262613575,0.4086333387272459,0.40692963685832173,0.5215289016827076,0.2437275787819142,0.3411830102666702,0.40581106336128303
893,128,4,PX-004,lagged temporal recursion,0.5763315262613575,0.4086333387272459,0.40692963685832173,0.515549237658134,0.2593234055907484,0.3411830102666702,0.40581106336128303
894,128,5,PX-005,false signal injection,0.5763315262613575,0.4086333387272459,0.40692963685832173,0.515549237658134,0.27494731049371346,0.3411830102666702,0.40581106336128303
895,128,6,PX-006,signal to unstable utterance,0.5763315262613575,0.4086333387272459,0.40692963685832173,0.515549237658134,0.27494731049371346,0.34114877514397884,0.4101165272843313
896,128,7,PX-007,silence feedback reset,0.5460991629312695,0.39370970088369955,0.40692963685832173,0.515549237658134,0.24370767894581857,0.34114877514397884,0.40578724873034955
897,129,1,PX-001,amplify identity fracture,0.5675158886177,0.3889168295940982,0.40692963685832173,0.515549237658134,0.24370767894581857,0.34114877514397884,0.40578724873034955
898,129,2,PX-002,fracture to access recursion,0.5675158886177,0.408602637204689,0.40692963685832173,0.5214876734307953,0.24370767894581857,0.34114877514397884,0.40578724873034955
899,129,3,PX-003,negation to lock formation,0.576314586027359,0.408602637204689,0.4068911286260514,0.5214876734307953,0.24370767894581857,0.34114877514397884,0.40578724873034955
900,129,4,PX-004,lagged temporal recursion,0.576314586027359,0.408602637204689,0.4068911286260514,0.5155107102099772,0.2593027506079383,0.34114877514397884,0.40578724873034955
901,129,5,PX-005,false signal injection,0.576314586027359,0.408602637204689,0.4068911286260514,0.5155107102099772,0.2749253967739031,0.34114877514397884,0.40578724873034955
902,129,6,PX-006,signal to unstable utterance,0.576314586027359,0.408602637204689,0.4068911286260514,0.5155107102099772,0.2749253967739031,0.3411151034018186,0.4100920848859048
903,129,7,PX-007,silence feedback reset,0.5460854538643689,0.3936810708572204,0.4068911286260514,0.5155107102099772,0.24369024422089589,0.3411151034018186,0.4057614086212684
904,130,1,PX-001,amplify identity fracture,0.5675032487801204,0.3888888532814638,0.4068911286260514,0.5155107102099772,0.24369024422089589,0.3411151034018186,0.4057614086212684
905,130,2,PX-002,fracture to access recursion,0.5675032487801204,0.40857563144534575,0.4068911286260514,0.5214492257351112,0.24369024422089589,0.3411151034018186,0.4057614086212684
906,130,3,PX-003,negation to lock formation,0.5763014211614053,0.40857563144534575,0.40685495816877976,0.5214492257351112,0.24369024422089589,0.3411151034018186,0.4057614086212684
907,130,4,PX-004,lagged temporal recursion,0.5763014211614053,0.40857563144534575,0.40685495816877976,0.5154750185211074,0.259284595635613,0.3411151034018186,0.4057614086212684
908,130,5,PX-005,false signal injection,0.5763014211614053,0.40857563144534575,0.40685495816877976,0.5154750185211074,0.27490602071939385,0.3411151034018186,0.4057614086212684
909,130,6,PX-006,signal to unstable utterance,0.5763014211614053,0.40857563144534575,0.40685495816877976,0.5154750185211074,0.27490602071939385,0.3410822574477361,0.41006565124484534
910,130,7,PX-007,silence feedback reset,0.5460753453574385,0.3936560589511254,0.40685495816877976,0.5154750185211074,0.24367517882009607,0.3410822574477361,0.40573400603245485
911,131,1,PX-001,amplify identity fracture,0.5674941273359584,0.38886446945720976,0.40685495816877976,0.5154750185211074,0.24367517882009607,0.3410822574477361,0.40573400603245485
912,131,2,PX-002,fracture to access recursion,0.5674941273359584,0.4085521863464806,0.40685495816877976,0.5214136307367881,0.24367517882009607,0.3410822574477361,0.40573400603245485
913,131,3,PX-003,negation to lock formation,0.5762917557371433,0.4085521863464806,0.4068212228886276,0.5214136307367881,0.24367517882009607,0.3410822574477361,0.40573400603245485
914,131,4,PX-004,lagged temporal recursion,0.5762917557371433,0.4085521863464806,0.4068212228886276,0.5154422024520076,0.2592688480840197,0.3410822574477361,0.40573400603245485
915,131,5,PX-005,false signal injection,0.5762917557371433,0.4085521863464806,0.4068212228886276,0.5154422024520076,0.2748890974384837,0.3410822574477361,0.40573400603245485
916,131,6,PX-006,signal to unstable utterance,0.5762917557371433,0.4085521863464806,0.4068212228886276,0.5154422024520076,0.2748890974384837,0.34105046382795084,0.41003769138625495
917,131,7,PX-007,silence feedback reset,0.5460685508677277,0.3936345192500361,0.4068212228886276,0.5154422024520076,0.24366237453474515,0.34105046382795084,0.40570546962289905
918,132,1,PX-001,amplify identity fracture,0.5674882370338744,0.3888435289252725,0.4068212228886276,0.5154422024520076,0.24366237453474515,0.34105046382795084,0.40570546962289905
919,132,2,PX-002,fracture to access recursion,0.5674882370338744,0.408532147136354,0.4068212228886276,0.5213809255753259,0.24366237453474515,0.34105046382795084,0.40570546962289905
920,132,3,PX-003,negation to lock formation,0.5762853097445664,0.408532147136354,0.4067899864901912,0.5213809255753259,0.24366237453474515,0.34105046382795084,0.40570546962289905
921,132,4,PX-004,lagged temporal recursion,0.5762853097445664,0.408532147136354,0.4067899864901912,0.5154122700837365,0.25925540223437676,0.34105046382795084,0.40570546962289905
922,132,5,PX-005,false signal injection,0.5762853097445664,0.408532147136354,0.4067899864901912,0.5154122700837365,0.27487452765207343,0.34105046382795084,0.40570546962289905
923,132,6,PX-006,signal to unstable utterance,0.5762853097445664,0.408532147136354,0.4067899864901912,0.5154122700837365,0.27487452765207343,0.34101991488199623,0.410008635435047
924,132,7,PX-007,silence feedback reset,0.5460647826774022,0.3936162881714489,0.4067899864901912,0.5154122700837365,0.24365171309110586,0.34101991488199623,0.4056761932651726
925,133,1,PX-001,amplify identity fracture,0.5674852903120441,0.38882586544967207,0.4067899864901912,0.5154122700837365,0.24365171309110586,0.34101991488199623,0.4056761932651726
926,133,2,PX-002,fracture to access recursion,0.5674852903120441,0.40851534295348557,0.4067899864901912,0.5213511157640702,0.24365171309110586,0.34101991488199623,0.4056761932651726
927,133,3,PX-003,negation to lock formation,0.5762818022011275,0.40851534295348557,0.4067612819656337,0.5213511157640702,0.24365171309110586,0.34101991488199623,0.4056761932651726
928,133,4,PX-004,lagged temporal recursion,0.5762818022011275,0.40851534295348557,0.4067612819656337,0.5153852010279323,0.25924414164693277,0.34101991488199623,0.4056761932651726
929,133,5,PX-005,false signal injection,0.5762818022011275,0.40851534295348557,0.4067612819656337,0.5153852010279323,0.2748622001746047,0.34101991488199623,0.4056761932651726
930,133,6,PX-006,signal to unstable utterance,0.5762818022011275,0.40851534295348557,0.4067612819656337,0.5153852010279323,0.2748622001746047,0.34099077054833343,0.4099788782146188
931,133,7,PX-007,silence feedback reset,0.5460637547663217,0.3936011879147578,0.4067612819656337,0.5153852010279323,0.24364306835028007,0.34099077054833343,0.40564653597970257
932,134,1,PX-001,amplify identity fracture,0.5674850020786245,0.38881129916170426,0.4067612819656337,0.5153852010279323,0.24364306835028007,0.34099077054833343,0.40564653597970257
933,134,2,PX-002,fracture to access recursion,0.5674850020786245,0.40850159019643145,0.4067612819656337,0.5213241785083167,0.24364306835028007,0.34099077054833343,0.40564653597970257
934,134,3,PX-003,negation to lock formation,0.5762809539399348,0.40850159019643145,0.4067351145547711,0.5213241785083167,0.24364306835028007,0.34099077054833343,0.40564653597970257
935,134,4,PX-004,lagged temporal recursion,0.5762809539399348,0.40850159019643145,0.4067351145547711,0.5153609496561239,0.2592349414132397,0.34099077054833343,0.40564653597970257
936,134,5,PX-005,false signal injection,0.5762809539399348,0.40850159019643145,0.4067351145547711,0.5153609496561239,0.2748519942428489,0.34099077054833343,0.40564653597970257
937,134,6,PX-006,signal to unstable utterance,0.5762809539399348,0.40850159019643145,0.4067351145547711,0.5153609496561239,0.2748519942428489,0.34096316028740015,0.40994877922677764
938,134,7,PX-007,silence feedback reset,0.5460651853621976,0.3935890296769392,0.4067351145547711,0.5153609496561239,0.24363630834763925,0.34096316028740015,0.4056168222100946
939,135,1,PX-001,amplify identity fracture,0.5674870921718855,0.38879963973270976,0.4067351145547711,0.5153609496561239,0.24363630834763925,0.34096316028740015,0.4056168222100946
940,135,2,PX-002,fracture to access recursion,0.5674870921718855,0.40849069563688123,0.4067351145547711,0.5213000659403569,0.24363630834763925,0.34096316028740015,0.4056168222100946
941,135,3,PX-003,negation to lock formation,0.576282490083122,0.40849069563688123,0.40671146465445485,0.5213000659403569,0.24363630834763925,0.34096316028740015,0.4056168222100946
942,135,4,PX-004,lagged temporal recursion,0.576282490083122,0.40849069563688123,0.40671146465445485,0.5153394482260433,0.25922767024821286,0.34096316028740015,0.4056168222100946
943,135,5,PX-005,false signal injection,0.576282490083122,0.40849069563688123,0.40671146465445485,0.5153394482260433,0.2748437816869632,0.34096316028740015,0.4056168222100946
944,135,6,PX-006,signal to unstable utterance,0.576282490083122,0.40849069563688123,0.40671146465445485,0.5153394482260433,0.2748437816869632,0.3409371850910634,0.4099186629722861
945,135,7,PX-007,silence feedback reset,0.5460687991784476,0.39357961662940455,0.40671146465445485,0.5153394482260433,0.2436312971698541,0.3409371850910634,0.40558734240034283
946,136,1,PX-001,amplify identity fracture,0.5674912875109364,0.3887906893074546,0.40671146465445485,0.5153394482260433,0.2436312971698541,0.3409371850910634,0.40558734240034283
947,136,2,PX-002,fracture to access recursion,0.5674912875109364,0.40848245929189997,0.40671146465445485,0.5212787082493551,0.2436312971698541,0.3409371850910634,0.40558734240034283
948,136,3,PX-003,negation to lock formation,0.5762861422105825,0.40848245929189997,0.40669029065482787,0.5212787082493551,0.2436312971698541,0.3409371850910634,0.40558734240034283
949,136,4,PX-004,lagged temporal recursion,0.5762861422105825,0.40848245929189997,0.40669029065482787,0.5153206098860251,0.2592221924194994,0.3409371850910634,0.40558734240034283
950,136,5,PX-005,false signal injection,0.5762861422105825,0.40848245929189997,0.40669029065482787,0.5153206098860251,0.2748374289402914,0.3409371850910634,0.40558734240034283
951,136,6,PX-006,signal to unstable utterance,0.5762861422105825,0.40848245929189997,0.40669029065482787,0.5153206098860251,0.2748374289402914,0.3409129195499729,0.40988881957249534
952,136,7,PX-007,silence feedback reset,0.5460743293518859,0.39357274665337955,0.40669029065482787,0.5153206098860251,0.24362789666929283,0.3409129195499729,0.40555835383608396
953,137,1,PX-001,amplify identity fracture,0.5674973239497098,0.38878424519595484,0.40669029065482787,0.5153206098860251,0.24362789666929283,0.3409129195499729,0.40555835383608396
954,137,2,PX-002,fracture to access recursion,0.5674973239497098,0.40847667705386564,0.40669029065482787,0.5212600166873327,0.24362789666929283,0.3409129195499729,0.40555835383608396
955,137,3,PX-003,negation to lock formation,0.5762916502360317,0.40847667705386564,0.4066715316831633,0.5212600166873327,0.24362789666929283,0.3409129195499729,0.40555835383608396
956,137,4,PX-004,lagged temporal recursion,0.5762916502360317,0.40847667705386564,0.4066715316831633,0.5153043315417856,0.2592183695134402,0.3409129195499729,0.40555835383608396
957,137,5,PX-005,false signal injection,0.5762916502360317,0.40847667705386564,0.4066715316831633,0.5153043315417856,0.2748327988862488,0.3409129195499729,0.40555835383608396
958,137,6,PX-006,signal to unstable utterance,0.5762916502360317,0.40847667705386564,0.4066715316831633,0.5153043315417856,0.2748327988862488,0.34089041395283554,0.4098595056538998
959,137,7,PX-007,silence feedback reset,0.5460815190939025,0.3935682148337281,0.4066715316831633,0.5153043315417856,0.24362596801707243,0.34089041395283554,0.40553008171359173
960,138,1,PX-001,amplify identity fracture,0.5675049478483011,0.3887801023240863,0.4066715316831633,0.5153043315417856,0.24362596801707243,0.34089041395283554,0.40553008171359173
961,138,2,PX-002,fracture to access recursion,0.5675049478483011,0.4084731430790931,0.4066715316831633,0.521243886435744,0.24362596801707243,0.34089041395283554,0.40553008171359173
962,138,3,PX-003,negation to lock formation,0.5762987640038288,0.4084731430790931,0.40665511023896234,0.521243886435744,0.24362596801707243,0.34089041395283554,0.40553008171359173
963,138,4,PX-004,lagged temporal recursion,0.5762987640038288,0.4084731430790931,0.40665511023896234,0.5152904965728744,0.2592160620384848,0.34089041395283554,0.40553008171359173
964,138,5,PX-005,false signal injection,0.5762987640038288,0.4084731430790931,0.40665511023896234,0.5152904965728744,0.27482975254231035,0.34089041395283554,0.40553008171359173
965,138,6,PX-006,signal to unstable utterance,0.5762987640038288,0.4084731430790931,0.40665511023896234,0.5152904965728744,0.27482975254231035,0.3408696963941276,0.40983094545902793
966,138,7,PX-007,silence feedback reset,0.5460901230700101,0.3935658157134202,0.40665511023896234,0.5152904965728744,0.24362537309738747,0.3408696963941276,0.40550272040193
967,139,1,PX-001,amplify identity fracture,0.5675139173769036,0.38877805544555033,0.40665511023896234,0.5152904965728744,0.24362537309738747,0.3408696963941276,0.40550272040193
968,139,2,PX-002,fracture to access recursion,0.5675139173769036,0.4084716519382974,0.40665511023896234,0.5212301993201265,0.24362537309738747,0.3408696963941276,0.40550272040193
969,139,3,PX-003,negation to lock formation,0.5763072446211803,0.4084716519382974,0.4066409347067904,0.5212301993201265,0.24362537309738747,0.3408696963941276,0.40550272040193
970,139,4,PX-004,lagged temporal recursion,0.5763072446211803,0.4084716519382974,0.4066409347067904,0.5152789773888983,0.259215130868319,0.3408696963941276,0.40550272040193
971,139,5,PX-005,false signal injection,0.5763072446211803,0.4084716519382974,0.4066409347067904,0.5152789773888983,0.2748281505826173,0.3408696963941276,0.40550272040193
972,139,6,PX-006,signal to unstable utterance,0.5763072446211803,0.4084716519382974,0.4066409347067904,0.5152789773888983,0.2748281505826173,0.3408507748692083,0.40980333214884784
973,139,7,PX-007,silence feedback reset,0.5460999085235998,0.3935653453128551,0.4066409347067904,0.5152789773888983,0.24362597574691655,0.3408507748692083,0.405476434865546
974,140,1,PX-001,amplify identity fracture,0.5675240035684643,0.3887779011197326,0.4066409347067904,0.5152789773888983,0.24362597574691655,0.3408507748692083,0.405476434865546
975,140,2,PX-002,fracture to access recursion,0.5675240035684643,0.408472000533947,0.4066409347067904,0.5212188263631028,0.24362597574691655,0.3408507748692083,0.405476434865546
976,140,3,PX-003,negation to lock formation,0.5763168655412702,0.408472000533947,0.4066289017359487,0.5212188263631028,0.24362597574691655,0.3408507748692083,0.405476434865546
977,140,4,PX-004,lagged temporal recursion,0.5763168655412702,0.408472000533947,0.4066289017359487,0.5152696378182041,0.2592154385281959,0.3408507748692083,0.405476434865546
978,140,5,PX-005,false signal injection,0.5763168655412702,0.408472000533947,0.4066289017359487,0.5152696378182041,0.27482785470204246,0.3408507748692083,0.405476434865546
979,140,6,PX-006,signal to unstable utterance,0.5763168655412702,0.408472000533947,0.4066289017359487,0.5152696378182041,0.27482785470204246,0.3408336393381785,0.4097768292637689
980,140,7,PX-007,silence feedback reset,0.5461106561604532,0.3935666029200037,0.4066289017359487,0.5152696378182041,0.24362764284412272,0.3408336393381785,0.40545136221656425
