index,cycle,phase_index,step_id,operator_name,identity_split,access_recursion,contradiction_lock,temporal_feedback,false_signal,utterance_instability,silence_gain
0,0,0,initial,initial,0.12,0.08,0.05,0.1,0.06,0.04,0.05
1,1,1,PX-001,amplify identity fracture,0.19735199999999997,0.07988,0.05,0.1,0.06,0.04,0.05
2,1,2,PX-002,fracture to access recursion,0.19735199999999997,0.0907056128,0.05,0.10244905154560001,0.06,0.04,0.05
3,1,3,PX-003,negation to lock formation,0.19967656109359735,0.0907056128,0.057922304512000006,0.10244905154560001,0.06,0.04,0.05
4,1,4,PX-004,lagged temporal recursion,0.19967656109359735,0.0907056128,0.057922304512000006,0.10771912779703975,0.0640502392051687,0.04,0.05
5,1,5,PX-005,false signal injection,0.19967656109359735,0.0907056128,0.057922304512000006,0.10771912779703975,0.06797045741609861,0.04,0.05
6,1,6,PX-006,signal to unstable utterance,0.19967656109359735,0.0907056128,0.057922304512000006,0.10771912779703975,0.06797045741609861,0.04433686600220532,0.05
7,1,7,PX-007,silence feedback reset,0.19952923544253712,0.09029633097739208,0.057922304512000006,0.10771912779703975,0.06701629125713894,0.04433686600220532,0.050135550230852324
8,2,1,PX-001,amplify identity fracture,0.2701055037284931,0.09016051929027072,0.057922304512000006,0.10771912779703975,0.06701629125713894,0.04433686600220532,0.050135550230852324
9,2,2,PX-002,fracture to access recursion,0.2701055037284931,0.10629773519156058,0.057922304512000006,0.1105645508731375,0.06701629125713894,0.04433686600220532,0.050135550230852324
10,2,3,PX-003,negation to lock formation,0.2726129982138099,0.10629773519156058,0.06870840917764771,0.1105645508731375,0.06701629125713894,0.04433686600220532,0.050135550230852324
11,2,4,PX-004,lagged temporal recursion,0.2726129982138099,0.10629773519156058,0.06870840917764771,0.12258378143765578,0.07159103809863608,0.04433686600220532,0.050135550230852324
12,2,5,PX-005,false signal injection,0.2726129982138099,0.10629773519156058,0.06870840917764771,0.12258378143765578,0.0764329702684284,0.04433686600220532,0.050135550230852324
13,2,6,PX-006,signal to unstable utterance,0.2726129982138099,0.10629773519156058,0.06870840917764771,0.12258378143765578,0.0764329702684284,0.04967305868544271,0.050135550230852324
14,2,7,PX-007,silence feedback reset,0.2717526465512427,0.10580770311016299,0.06870840917764771,0.12258378143765578,0.07533675269266754,0.04967305868544271,0.051222172274935474
15,3,1,PX-001,amplify identity fracture,0.33613224296652455,0.10564511209826127,0.06870840917764771,0.12258378143765578,0.07533675269266754,0.04967305868544271,0.051222172274935474
16,3,2,PX-002,fracture to access recursion,0.33613224296652455,0.12612833949508287,0.06870840917764771,0.12590379295845547,0.07533675269266754,0.04967305868544271,0.051222172274935474
17,3,3,PX-003,negation to lock formation,0.3388530151302412,0.12612833949508287,0.08196729348250098,0.12590379295845547,0.07533675269266754,0.04967305868544271,0.051222172274935474
18,3,4,PX-004,lagged temporal recursion,0.3388530151302412,0.12612833949508287,0.08196729348250098,0.1428050652280386,0.08061861650649528,0.04967305868544271,0.051222172274935474
19,3,5,PX-005,false signal injection,0.3388530151302412,0.12612833949508287,0.08196729348250098,0.1428050652280386,0.08675883651645905,0.04967305868544271,0.051222172274935474
20,3,6,PX-006,signal to unstable utterance,0.3388530151302412,0.12612833949508287,0.08196729348250098,0.1428050652280386,0.08675883651645905,0.05622946987879576,0.051222172274935474
21,3,7,PX-007,silence feedback reset,0.33728497272115826,0.12552253769361454,0.08196729348250098,0.1428050652280386,0.08546241233399508,0.05622946987879576,0.05336731740362102
22,4,1,PX-001,amplify identity fracture,0.39601175508429903,0.12532157366030244,0.08196729348250098,0.1428050652280386,0.08546241233399508,0.05622946987879576,0.05336731740362102
23,4,2,PX-002,fracture to access recursion,0.39601175508429903,0.14929665065201167,0.08196729348250098,0.1466443552095583,0.08546241233399508,0.05622946987879576,0.05336731740362102
24,4,3,PX-003,negation to lock formation,0.39895203179916305,0.14929665065201167,0.09736205098741309,0.1466443552095583,0.08546241233399508,0.05622946987879576,0.05336731740362102
25,4,4,PX-004,lagged temporal recursion,0.39895203179916305,0.14929665065201167,0.09736205098741309,0.16694689244630423,0.09156958066544224,0.05622946987879576,0.05336731740362102
26,4,5,PX-005,false signal injection,0.39895203179916305,0.14929665065201167,0.09736205098741309,0.16694689244630423,0.09918747484386765,0.05622946987879576,0.05336731740362102
27,4,6,PX-006,signal to unstable utterance,0.39895203179916305,0.14929665065201167,0.09736205098741309,0.16694689244630423,0.09918747484386765,0.06417603026275939,0.05336731740362102
28,4,7,PX-007,silence feedback reset,0.3966404362130381,0.14853538745178393,0.09736205098741309,0.16694689244630423,0.09761400969736089,0.06417603026275939,0.05665552419019685
29,5,1,PX-001,amplify identity fracture,0.4502221220937478,0.14828292694467768,0.09736205098741309,0.16694689244630423,0.09761400969736089,0.06417603026275939,0.05665552419019685
30,5,2,PX-002,fracture to access recursion,0.4502221220937478,0.174997582646412,0.09736205098741309,0.17132036084744356,0.09761400969736089,0.06417603026275939,0.05665552419019685
31,5,3,PX-003,negation to lock formation,0.45337212814329314,0.174997582646412,0.11459195344642434,0.17132036084744356,0.09761400969736089,0.06417603026275939,0.05665552419019685
32,5,4,PX-004,lagged temporal recursion,0.45337212814329314,0.174997582646412,0.11459195344642434,0.19385269683692657,0.10461120800968199,0.06417603026275939,0.05665552419019685
33,5,5,PX-005,false signal injection,0.45337212814329314,0.174997582646412,0.11459195344642434,0.19385269683692657,0.11374933415026747,0.06417603026275939,0.05665552419019685
34,5,6,PX-006,signal to unstable utterance,0.45337212814329314,0.174997582646412,0.11459195344642434,0.19385269683692657,0.11374933415026747,0.07362501222098525,0.05665552419019685
35,5,7,PX-007,silence feedback reset,0.45024488024885523,0.17403448535245936,0.11459195344642434,0.19385269683692657,0.11180172189753082,0.07362501222098525,0.061149879227417804
36,6,1,PX-001,amplify identity fracture,0.49915581246089535,0.1737152197196381,0.11459195344642434,0.19385269683692657,0.11180172189753082,0.07362501222098525,0.061149879227417804
37,6,2,PX-002,fracture to access recursion,0.49915581246089535,0.20250990616362363,0.11459195344642434,0.19875028127845495,0.11180172189753082,0.07362501222098525,0.061149879227417804
38,6,3,PX-003,negation to lock formation,0.5024959327477562,0.20250990616362363,0.1333796166537354,0.19875028127845495,0.11180172189753082,0.07362501222098525,0.061149879227417804
39,6,4,PX-004,lagged temporal recursion,0.5024959327477562,0.20250990616362363,0.1333796166537354,0.22258777996291312,0.11970980521311925,0.07362501222098525,0.061149879227417804
40,6,5,PX-005,false signal injection,0.5024959327477562,0.20250990616362363,0.1333796166537354,0.22258777996291312,0.1303200256265945,0.07362501222098525,0.061149879227417804
41,6,6,PX-006,signal to unstable utterance,0.5024959327477562,0.20250990616362363,0.1333796166537354,0.22258777996291312,0.1303200256265945,0.08462950110671022,0.061149879227417804
42,6,7,PX-007,silence feedback reset,0.4984506640842394,0.20129073179203152,0.1333796166537354,0.22258777996291312,0.12787914673931552,0.08462950110671022,0.0668924407857544
43,7,1,PX-001,amplify identity fracture,0.5431361250287918,0.20088678694131792,0.1333796166537354,0.22258777996291312,0.12787914673931552,0.08462950110671022,0.0668924407857544
44,7,2,PX-002,fracture to access recursion,0.5431361250287918,0.23118628311760125,0.1333796166537354,0.22797959121093042,0.12787914673931552,0.08462950110671022,0.0668924407857544
45,7,3,PX-003,negation to lock formation,0.5466416900798224,0.23118628311760125,0.1534621248507155,0.22797959121093042,0.12787914673931552,0.08462950110671022,0.0668924407857544
46,7,4,PX-004,lagged temporal recursion,0.5466416900798224,0.23118628311760125,0.1534621248507155,0.25239405446179813,0.1366838714647214,0.08462950110671022,0.0668924407857544
47,7,5,PX-005,false signal injection,0.5466416900798224,0.23118628311760125,0.1534621248507155,0.25239405446179813,0.14866241844250097,0.08462950110671022,0.0668924407857544
48,7,6,PX-006,signal to unstable utterance,0.5466416900798224,0.23118628311760125,0.1534621248507155,0.25239405446179813,0.14866241844250097,0.09718529473875095,0.0668924407857544
49,7,7,PX-007,silence feedback reset,0.5415525053667742,0.2296485759044279,0.1534621248507155,0.25239405446179813,0.14558612114168107,0.09718529473875095,0.07390419306683187
50,8,1,PX-001,amplify identity fracture,0.5824332162895014,0.22913941612369298,0.1534621248507155,0.25239405446179813,0.14558612114168107,0.09718529473875095,0.07390419306683187
51,8,2,PX-002,fracture to access recursion,0.5824332162895014,0.26044535630617915,0.1534621248507155,0.25823536936766756,0.14558612114168107,0.09718529473875095,0.07390419306683187
52,8,3,PX-003,negation to lock formation,0.5860782665148448,0.26044535630617915,0.1745852576181241,0.25823536936766756,0.14558612114168107,0.09718529473875095,0.07390419306683187
53,8,4,PX-004,lagged temporal recursion,0.5860782665148448,0.26044535630617915,0.1745852576181241,0.2826546479074309,0.15524628330551787,0.09718529473875095,0.07390419306683187
54,8,5,PX-005,false signal injection,0.5860782665148448,0.26044535630617915,0.1745852576181241,0.2826546479074309,0.16846013069531932,0.09718529473875095,0.07390419306683187
55,8,6,PX-006,signal to unstable utterance,0.5860782665148448,0.26044535630617915,0.1745852576181241,0.2826546479074309,0.16846013069531932,0.11123506322874743,0.07390419306683187
56,8,7,PX-007,silence feedback reset,0.5798030484083443,0.2585189352909973,0.1745852576181241,0.2826546479074309,0.1645835641450913,0.11123506322874743,0.08218490914962434
57,9,1,PX-001,amplify identity fracture,0.6172790281827918,0.2578815446346868,0.1745852576181241,0.2826546479074309,0.1645835641450913,0.11123506322874743,0.08218490914962434
58,9,2,PX-002,fracture to access recursion,0.6172790281827918,0.2897658634832073,0.1745852576181241,0.28889051376837394,0.1645835641450913,0.11123506322874743,0.08218490914962434
59,9,3,PX-003,negation to lock formation,0.6210392648871267,0.2897658634832073,0.19650016493639283,0.28889051376837394,0.1645835641450913,0.11123506322874743,0.08218490914962434
60,9,4,PX-004,lagged temporal recursion,0.6210392648871267,0.2897658634832073,0.19650016493639283,0.3128663539970511,0.17503851191929676,0.11123506322874743,0.08218490914962434
61,9,5,PX-005,false signal injection,0.6210392648871267,0.2897658634832073,0.19650016493639283,0.3128663539970511,0.18934484582890543,0.11123506322874743,0.08218490914962434
62,9,6,PX-006,signal to unstable utterance,0.6210392648871267,0.2897658634832073,0.19650016493639283,0.3128663539970511,0.18934484582890543,0.12667398979583486,0.08218490914962434
63,9,7,PX-007,silence feedback reset,0.613427304753589,0.28737408236972917,0.19650016493639283,0.3128663539970511,0.18448252937457302,0.12667398979583486,0.09171316933560308
64,10,1,PX-001,amplify identity fracture,0.6478806410346452,0.28658340273335803,0.19650016493639283,0.3128663539970511,0.18448252937457302,0.12667398979583486,0.09171316933560308
65,10,2,PX-002,fracture to access recursion,0.6478806410346452,0.31868259128504933,0.19650016493639283,0.319435679923072,0.18448252937457302,0.12667398979583486,0.09171316933560308
66,10,3,PX-003,negation to lock formation,0.6517356785591558,0.31868259128504933,0.2189619756117964,0.319435679923072,0.18448252937457302,0.12667398979583486,0.09171316933560308
67,10,4,PX-004,lagged temporal recursion,0.6517356785591558,0.31868259128504933,0.2189619756117964,0.3426183093555528,0.19565897805599702,0.12667398979583486,0.09171316933560308
68,10,5,PX-005,false signal injection,0.6517356785591558,0.31868259128504933,0.2189619756117964,0.3426183093555528,0.21091913218917518,0.12667398979583486,0.09171316933560308
69,10,6,PX-006,signal to unstable utterance,0.6517356785591558,0.31868259128504933,0.2189619756117964,0.3426183093555528,0.21091913218917518,0.1433563704116139,0.09171316933560308
70,10,7,PX-007,silence feedback reset,0.6426353617545633,0.31574427339405303,0.2189619756117964,0.3426183093555528,0.20486890145623363,0.1433563704116139,0.10244668977673534
71,11,1,PX-001,amplify identity fracture,0.674431721050083,0.31477386472529756,0.2189619756117964,0.3426183093555528,0.20486890145623363,0.1433563704116139,0.10244668977673534
72,11,2,PX-002,fracture to access recursion,0.674431721050083,0.3467838768513356,0.2189619756117964,0.34945739049313584,0.20486890145623363,0.1433563704116139,0.10244668977673534
73,11,3,PX-003,negation to lock formation,0.6783667007271269,0.3467838768513356,0.2417299185126869,0.34945739049313584,0.20486890145623363,0.1433563704116139,0.10244668977673534
74,11,4,PX-004,lagged temporal recursion,0.6783667007271269,0.3467838768513356,0.2417299185126869,0.37157557431849003,0.2166869532402293,0.1433563704116139,0.10244668977673534
75,11,5,PX-005,false signal injection,0.6783667007271269,0.3467838768513356,0.2417299185126869,0.37157557431849003,0.23277586448333962,0.1433563704116139,0.10244668977673534
76,11,6,PX-006,signal to unstable utterance,0.6783667007271269,0.3467838768513356,0.2417299185126869,0.37157557431849003,0.23277586448333962,0.16110281289694336,0.10249618144504576
77,11,7,PX-007,silence feedback reset,0.6676288577013128,0.3432144323766166,0.2417299185126869,0.37157557431849003,0.22532176468030946,0.16110281289694336,0.11436660355621808
78,12,1,PX-001,amplify identity fracture,0.6971167843208245,0.3420368643089449,0.2417299185126869,0.37157557431849003,0.22532176468030946,0.16110281289694336,0.11436660355621808
79,12,2,PX-002,fracture to access recursion,0.6971167843208245,0.373708270054292,0.2417299185126869,0.378620996467929,0.22532176468030946,0.16110281289694336,0.11436660355621808
80,12,3,PX-003,negation to lock formation,0.7011234476958996,0.373708270054292,0.2645682010533815,0.378620996467929,0.22532176468030946,0.16110281289694336,0.11436660355621808
81,12,4,PX-004,lagged temporal recursion,0.7011234476958996,0.373708270054292,0.2645682010533815,0.3994659620492713,0.23770006814233394,0.16110281289694336,0.11436660355621808
82,12,5,PX-005,false signal injection,0.7011234476958996,0.373708270054292,0.2645682010533815,0.3994659620492713,0.2545123584644661,0.16110281289694336,0.11436660355621808
83,12,6,PX-006,signal to unstable utterance,0.7011234476958996,0.373708270054292,0.2645682010533815,0.3994659620492713,0.2545123584644661,0.17970749413385767,0.1152392843044763
84,12,7,PX-007,silence feedback reset,0.6885455341564417,0.36940089355880995,0.2645682010533815,0.3994659620492713,0.24538585291093254,0.17970749413385767,0.1280671118991735
85,13,1,PX-001,amplify identity fracture,0.7160436602185379,0.3679816503916784,0.2645682010533815,0.3994659620492713,0.24538585291093254,0.17970749413385767,0.1280671118991735
86,13,2,PX-002,fracture to access recursion,0.7160436602185379,0.3991120809124142,0.2645682010533815,0.4066563737356288,0.24538585291093254,0.17970749413385767,0.1280671118991735
87,13,3,PX-003,negation to lock formation,0.7201218650325891,0.3991120809124142,0.28724168068865114,0.4066563737356288,0.24538585291093254,0.17970749413385767,0.1280671118991735
88,13,4,PX-004,lagged temporal recursion,0.7201218650325891,0.3991120809124142,0.28724168068865114,0.426061453560627,0.2582463329263798,0.17970749413385767,0.1280671118991735
89,13,5,PX-005,false signal injection,0.7201218650325891,0.3991120809124142,0.28724168068865114,0.426061453560627,0.27570380563731617,0.17970749413385767,0.1280671118991735
90,13,6,PX-006,signal to unstable utterance,0.7201218650325891,0.3991120809124142,0.28724168068865114,0.426061453560627,0.27570380563731617,0.19894112620036247,0.12976481433086254
91,13,7,PX-007,silence feedback reset,0.7055240898198577,0.39396243333882025,0.28724168068865114,0.426061453560627,0.2646365251398508,0.19894112620036247,0.14336400502449986
92,14,1,PX-001,amplify identity fracture,0.7313445328723698,0.39226803237064073,0.28724168068865114,0.426061453560627,0.2646365251398508,0.19894112620036247,0.14336400502449986
93,14,2,PX-002,fracture to access recursion,0.7313445328723698,0.42269970096597365,0.28724168068865114,0.43333956311921007,0.2646365251398508,0.19894112620036247,0.14336400502449986
94,14,3,PX-003,negation to lock formation,0.7355022436641595,0.42269970096597365,0.3095199093651408,0.43333956311921007,0.2646365251398508,0.19894112620036247,0.14336400502449986
95,14,4,PX-004,lagged temporal recursion,0.7355022436641595,0.42269970096597365,0.3095199093651408,0.4511738657982981,0.2779075964086317,0.19894112620036247,0.14336400502449986
96,14,5,PX-005,false signal injection,0.7355022436641595,0.42269970096597365,0.3095199093651408,0.4511738657982981,0.29595879541035586,0.19894112620036247,0.14336400502449986
97,14,6,PX-006,signal to unstable utterance,0.7355022436641595,0.42269970096597365,0.3095199093651408,0.4511738657982981,0.29595879541035586,0.2185589909497784,0.1458721919983511
98,14,7,PX-007,silence feedback reset,0.7187375011489172,0.41661083703301927,0.3095199093651408,0.4511738657982981,0.2826955104233742,0.2185589909497784,0.16005226297744413
99,15,1,PX-001,amplify identity fracture,0.7431800889236785,0.41461045181557743,0.3095199093651408,0.4511738657982981,0.2826955104233742,0.2185589909497784,0.16005226297744413
100,15,2,PX-002,fracture to access recursion,0.7431800889236785,0.44422739917153675,0.3095199093651408,0.45848797398411184,0.2826955104233742,0.2185589909497784,0.16005226297744413
101,15,3,PX-003,negation to lock formation,0.7474327908927619,0.44422739917153675,0.33118164018206747,0.45848797398411184,0.2826955104233742,0.2185589909497784,0.16005226297744413
102,15,4,PX-004,lagged temporal recursion,0.7474327908927619,0.44422739917153675,0.33118164018206747,0.47465182229477243,0.29631430574808487,0.2185589909497784,0.16005226297744413
103,15,5,PX-005,false signal injection,0.7474327908927619,0.44422739917153675,0.33118164018206747,0.47465182229477243,0.31493214399608893,0.2185589909497784,0.16005226297744413
104,15,6,PX-006,signal to unstable utterance,0.7474327908927619,0.44422739917153675,0.33118164018206747,0.47465182229477243,0.31493214399608893,0.23830909426510608,0.16334104030325722
105,15,7,PX-007,silence feedback reset,0.7283942921407744,0.43711449208879005,0.33118164018206747,0.47465182229477243,0.2992439010701118,0.23830909426510608,0.17790955953369678
106,16,1,PX-001,amplify identity fracture,0.7517409472443264,0.4347814866861907,0.33118164018206747,0.47465182229477243,0.2992439010701118,0.23830909426510608,0.17790955953369678
107,16,2,PX-002,fracture to access recursion,0.7517409472443264,0.46350642735486197,0.33118164018206747,0.48195689000373854,0.2992439010701118,0.23830909426510608,0.17790955953369678
108,16,3,PX-003,negation to lock formation,0.7561105485557287,0.46350642735486197,0.35201949438699137,0.48195689000373854,0.2992439010701118,0.23830909426510608,0.17790955953369678
109,16,4,PX-004,lagged temporal recursion,0.7561105485557287,0.46350642735486197,0.35201949438699137,0.4963785162972628,0.31315751197703484,0.23830909426510608,0.17790955953369678
110,16,5,PX-005,false signal injection,0.7561105485557287,0.46350642735486197,0.35201949438699137,0.4963785162972628,0.33233539113138144,0.23830909426510608,0.17790955953369678
111,16,6,PX-006,signal to unstable utterance,0.7561105485557287,0.46350642735486197,0.35201949438699137,0.4963785162972628,0.33233539113138144,0.25794021213048723,0.18193534514018256
112,16,7,PX-007,silence feedback reset,0.7347368544706747,0.45530094444973934,0.35201949438699137,0.4963785162972628,0.3140316232838013,0.25794021213048723,0.19670068611440938
113,17,1,PX-001,amplify identity fracture,0.757246608370448,0.4526142042048853,0.35201949438699137,0.4963785162972628,0.3140316232838013,0.25794021213048723,0.19670068611440938
114,17,2,PX-002,fracture to access recursion,0.757246608370448,0.4804049248110938,0.35201949438699137,0.5036367835276068,0.3140316232838013,0.25794021213048723,0.19670068611440938
115,17,3,PX-003,negation to lock formation,0.761759933820396,0.4804049248110938,0.37184448131916614,0.5036367835276068,0.3140316232838013,0.25794021213048723,0.19670068611440938
116,17,4,PX-004,lagged temporal recursion,0.761759933820396,0.4804049248110938,0.37184448131916614,0.5162698683360416,0.3281974154249997,0.25794021213048723,0.19670068611440938
117,17,5,PX-005,false signal injection,0.761759933820396,0.4804049248110938,0.37184448131916614,0.5162698683360416,0.34794430332046916,0.25794021213048723,0.19670068611440938
118,17,6,PX-006,signal to unstable utterance,0.761759933820396,0.4804049248110938,0.37184448131916614,0.5162698683360416,0.34794430332046916,0.2772095521862707,0.2014084037570128
119,17,7,PX-007,silence feedback reset,0.7380372645423598,0.47105795648479915,0.37184448131916614,0.5162698683360416,0.3268828385237694,0.2772095521862707,0.21618263731649748
120,18,1,PX-001,amplify identity fracture,0.7599422940830124,0.46800291994394505,0.37184448131916614,0.5162698683360416,0.3268828385237694,0.2772095521862707,0.21618263731649748
121,18,2,PX-002,fracture to access recursion,0.7599422940830124,0.4948482513355349,0.37184448131916614,0.5234510586292082,0.3268828385237694,0.2772095521862707,0.21618263731649748
122,18,3,PX-003,negation to lock formation,0.764629301709439,0.4948482513355349,0.39049007891855886,0.5234510586292082,0.3268828385237694,0.2772095521862707,0.21618263731649748
123,18,4,PX-004,lagged temporal recursion,0.764629301709439,0.4948482513355349,0.39049007891855886,0.5342727849661664,0.3412679657425865,0.2772095521862707,0.21618263731649748
124,18,5,PX-005,false signal injection,0.764629301709439,0.4948482513355349,0.39049007891855886,0.5342727849661664,0.3616029230332153,0.2772095521862707,0.21618263731649748
125,18,6,PX-006,signal to unstable utterance,0.764629301709439,0.4948482513355349,0.39049007891855886,0.5342727849661664,0.3616029230332153,0.2958897355075082,0.22150827402156018
126,18,7,PX-007,silence feedback reset,0.7385911853483119,0.48433277236173383,0.39049007891855886,0.5342727849661664,0.3376970574212743,0.2958897355075082,0.236110070004537
127,19,1,PX-001,amplify identity fracture,0.760094145349189,0.4809020970180992,0.39049007891855886,0.5342727849661664,0.3376970574212743,0.2958897355075082,0.236110070004537
128,19,2,PX-002,fracture to access recursion,0.760094145349189,0.5068175451089604,0.39049007891855886,0.5413539466805828,0.3376970574212743,0.2958897355075082,0.236110070004537
129,19,3,PX-003,negation to lock formation,0.7649860130843565,0.5068175451089604,0.40781561936350874,0.5413539466805828,0.3376970574212743,0.2958897355075082,0.236110070004537
130,19,4,PX-004,lagged temporal recursion,0.7649860130843565,0.5068175451089604,0.40781561936350874,0.5503633205892527,0.35227734728982074,0.2958897355075082,0.236110070004537
131,19,5,PX-005,false signal injection,0.7649860130843565,0.5068175451089604,0.40781561936350874,0.5503633205892527,0.3732239872278376,0.2958897355075082,0.236110070004537
132,19,6,PX-006,signal to unstable utterance,0.7649860130843565,0.5068175451089604,0.40781561936350874,0.5503633205892527,0.3732239872278376,0.31377481831947135,0.24198342176459328
133,19,7,PX-007,silence feedback reset,0.7367105176393471,0.49512948341323404,0.40781561936350874,0.5503633205892527,0.34644612365938543,0.31377481831947135,0.25624083741382087
134,20,1,PX-001,amplify identity fracture,0.7579832993045602,0.49132331160949166,0.40781561936350874,0.5503633205892527,0.34644612365938543,0.31377481831947135,0.25624083741382087
135,20,2,PX-002,fracture to access recursion,0.7579832993045602,0.5163464788480656,0.40781561936350874,0.557328370074493,0.34644612365938543,0.31377481831947135,0.25624083741382087
136,20,3,PX-003,negation to lock formation,0.7631105293675853,0.5163464788480656,0.42370878111236815,0.557328370074493,0.34644612365938543,0.31377481831947135,0.25624083741382087
137,20,4,PX-004,lagged temporal recursion,0.7631105293675853,0.5163464788480656,0.42370878111236815,0.5645446271075897,0.3612045368359227,0.31377481831947135,0.25624083741382087
138,20,5,PX-005,false signal injection,0.7631105293675853,0.5163464788480656,0.42370878111236815,0.5645446271075897,0.3827858575256553,0.31377481831947135,0.25624083741382087
139,20,6,PX-006,signal to unstable utterance,0.7631105293675853,0.5163464788480656,0.42370878111236815,0.5645446271075897,0.3827858575256553,0.3306851210083845,0.2625882685471767
140,20,7,PX-007,silence feedback reset,0.7327154721297816,0.5035045712131226,0.42370878111236815,0.5645446271075897,0.35316758478848553,0.3306851210083845,0.27634131044876065
141,21,1,PX-001,amplify identity fracture,0.7538993707819814,0.49933039782234334,0.42370878111236815,0.5645446271075897,0.35316758478848553,0.3306851210083845,0.27634131044876065
142,21,2,PX-002,fracture to access recursion,0.7538993707819814,0.5235163551900404,0.42370878111236815,0.5713836673975263,0.35316758478848553,0.3306851210083845,0.27634131044876065
143,21,3,PX-003,negation to lock formation,0.7592900458355485,0.5235163551900404,0.43808705980930424,0.5713836673975263,0.35316758478848553,0.3306851210083845,0.27634131044876065
144,21,4,PX-004,lagged temporal recursion,0.7592900458355485,0.5235163551900404,0.43808705980930424,0.5768446444825064,0.36809245737218343,0.3306851210083845,0.27634131044876065
145,21,5,PX-005,false signal injection,0.7592900458355485,0.5235163551900404,0.43808705980930424,0.5768446444825064,0.3903264063967658,0.3306851210083845,0.27634131044876065
146,21,6,PX-006,signal to unstable utterance,0.7592900458355485,0.5235163551900404,0.43808705980930424,0.5768446444825064,0.3903264063967658,0.34647070569427346,0.2830883677748813
147,21,7,PX-007,silence feedback reset,0.7269266789377724,0.509560869425004,0.43808705980930424,0.5768446444825064,0.35795525408813184,0.34647070569427346,0.2961912295721102
148,22,1,PX-001,amplify identity fracture,0.7481338259888052,0.5050330456112992,0.43808705980930424,0.5768446444825064,0.35795525408813184,0.34647070569427346,0.2961912295721102
149,22,2,PX-002,fracture to access recursion,0.7481338259888052,0.5284498227579884,0.43808705980930424,0.5835531356611757,0.35795525408813184,0.34647070569427346,0.2961912295721102
150,22,3,PX-003,negation to lock formation,0.7538121258203354,0.5284498227579884,0.45089816874558475,0.5835531356611757,0.35795525408813184,0.34647070569427346,0.2961912295721102
151,22,4,PX-004,lagged temporal recursion,0.7538121258203354,0.5284498227579884,0.45089816874558475,0.5873135379855325,0.3730385169387927,0.34647070569427346,0.2961912295721102
152,22,5,PX-005,false signal injection,0.7538121258203354,0.5284498227579884,0.45089816874558475,0.5873135379855325,0.3959345428830927,0.34647070569427346,0.2961912295721102
153,22,6,PX-006,signal to unstable utterance,0.7538121258203354,0.5284498227579884,0.45089816874558475,0.5873135379855325,0.3959345428830927,0.3610134335669658,0.3032649804480229
154,22,7,PX-007,silence feedback reset,0.719657847301682,0.5134403104761835,0.45089816874558475,0.5873135379855325,0.36094794295935223,0.3610134335669658,0.3155878789330132
155,23,1,PX-001,amplify identity fracture,0.7409736652970789,0.508579244319927,0.45089816874558475,0.5873135379855325,0.36094794295935223,0.3610134335669658,0.3155878789330132
156,23,2,PX-002,fracture to access recursion,0.7409736652970789,0.5313035945595173,0.45089816874558475,0.5938913920063627,0.36094794295935223,0.3610134335669658,0.3155878789330132
157,23,3,PX-003,negation to lock formation,0.7469587199720134,0.5313035945595173,0.4621193966087525,0.5938913920063627,0.36094794295935223,0.3610134335669658,0.3155878789330132
158,23,4,PX-004,lagged temporal recursion,0.7469587199720134,0.5313035945595173,0.4621193966087525,0.5960209252631666,0.3761834788925001,0.3610134335669658,0.3155878789330132
159,23,5,PX-005,false signal injection,0.7469587199720134,0.5313035945595173,0.4621193966087525,0.5960209252631666,0.3997402061403199,0.3610134335669658,0.3155878789330132
160,23,6,PX-006,signal to unstable utterance,0.7469587199720134,0.5313035945595173,0.4621193966087525,0.5960209252631666,0.3997402061403199,0.3742276270825966,0.3229188781651506
161,23,7,PX-007,silence feedback reset,0.7112093573435391,0.5153158994985454,0.4621193966087525,0.5960209252631666,0.3623173908495553,0.3742276270825966,0.33434943420681346
162,24,1,PX-001,amplify identity fracture,0.7326957411507059,0.5101470321154921,0.4621193966087525,0.5960209252631666,0.3623173908495553,0.3742276270825966,0.33434943420681346
163,24,2,PX-002,fracture to access recursion,0.7326957411507059,0.5322606033858964,0.4621193966087525,0.6024715896454077,0.3623173908495553,0.3742276270825966,0.33434943420681346
164,24,3,PX-003,negation to lock formation,0.7390008607939275,0.5322606033858964,0.4717560184311485,0.6024715896454077,0.3623173908495553,0.3742276270825966,0.33434943420681346
165,24,4,PX-004,lagged temporal recursion,0.7390008607939275,0.5322606033858964,0.4717560184311485,0.6030529596388338,0.37769964623989083,0.3742276270825966,0.33434943420681346
166,24,5,PX-005,false signal injection,0.7390008607939275,0.5322606033858964,0.4717560184311485,0.6030529596388338,0.401903693055333,0.3742276270825966,0.33434943420681346
167,24,6,PX-006,signal to unstable utterance,0.7390008607939275,0.5322606033858964,0.4717560184311485,0.6030529596388338,0.401903693055333,0.3860594482994584,0.341873264189985
168,24,7,PX-007,silence feedback reset,0.7018630259863597,0.5153833828907133,0.4717560184311485,0.6030529596388338,0.36225634702753384,0.3860594482994584,0.35231740049102317
169,25,1,PX-001,amplify identity fracture,0.7235619381616613,0.5099360268792235,0.4717560184311485,0.6030529596388338,0.36225634702753384,0.3860594482994584,0.35231740049102317
170,25,2,PX-002,fracture to access recursion,0.7235619381616613,0.531522034554749,0.4717560184311485,0.6093825425939313,0.36225634702753384,0.3860594482994584,0.35231740049102317
171,25,3,PX-003,negation to lock formation,0.7301942250617172,0.531522034554749,0.4798389090091685,0.6093825425939313,0.36225634702753384,0.3860594482994584,0.35231740049102317
172,25,4,PX-004,lagged temporal recursion,0.7301942250617172,0.531522034554749,0.4798389090091685,0.6085093474822336,0.3777792659927823,0.3860594482994584,0.35231740049102317
173,25,5,PX-005,false signal injection,0.7301942250617172,0.531522034554749,0.4798389090091685,0.6085093474822336,0.4026051243996386,0.3860594482994584,0.35231740049102317
174,25,6,PX-006,signal to unstable utterance,0.7301942250617172,0.531522034554749,0.4798389090091685,0.6085093474822336,0.4026051243996386,0.396485173727993,0.35997576709429707
175,25,7,PX-007,silence feedback reset,0.6918781576822751,0.5138530564064495,0.4798389090091685,0.6085093474822336,0.360967592280653,0.396485173727993,0.36935812000721113
176,26,1,PX-001,amplify identity fracture,0.7138153460758437,0.5081591824402221,0.4798389090091685,0.6085093474822336,0.360967592280653,0.396485173727993,0.36935812000721113
177,26,2,PX-002,fracture to access recursion,0.7138153460758437,0.5292996405237513,0.4798389090091685,0.6147258233316155,0.360967592280653,0.396485173727993,0.36935812000721113
178,26,3,PX-003,negation to lock formation,0.7207756651242708,0.5292996405237513,0.4864215430832782,0.6147258233316155,0.360967592280653,0.396485173727993,0.36935812000721113
179,26,4,PX-004,lagged temporal recursion,0.7207756651242708,0.5292996405237513,0.4864215430832782,0.6125003794860473,0.3766238959699323,0.396485173727993,0.36935812000721113
180,26,5,PX-005,false signal injection,0.7207756651242708,0.5292996405237513,0.4864215430832782,0.6125003794860473,0.40203471479150465,0.396485173727993,0.36935812000721113
181,26,6,PX-006,signal to unstable utterance,0.7207756651242708,0.5292996405237513,0.4864215430832782,0.6125003794860473,0.40203471479150465,0.4055085922625693,0.3770995200161536
182,26,7,PX-007,silence feedback reset,0.681488878998139,0.5109420973851033,0.4864215430832782,0.6125003794860473,0.3586544663064919,0.4055085922625693,0.38536338573496604
183,27,1,PX-001,amplify identity fracture,0.7036774701744142,0.5050351460882179,0.4864215430832782,0.6125003794860473,0.3586544663064919,0.4055085922625693,0.38536338573496604
184,27,2,PX-002,fracture to access recursion,0.7036774701744142,0.5258086747314323,0.4864215430832782,0.6186128993436886,0.3586544663064919,0.4055085922625693,0.38536338573496604
185,27,3,PX-003,negation to lock formation,0.710960730998837,0.5258086747314323,0.4915765823617783,0.6186128993436886,0.3586544663064919,0.4055085922625693,0.38536338573496604
186,27,4,PX-004,lagged temporal recursion,0.710960730998837,0.5258086747314323,0.4915765823617783,0.6151440508110124,0.3744352618891229,0.4055085922625693,0.38536338573496604
187,27,5,PX-005,false signal injection,0.710960730998837,0.5258086747314323,0.4915765823617783,0.6151440508110124,0.4003843262398472,0.4055085922625693,0.38536338573496604
188,27,6,PX-006,signal to unstable utterance,0.710960730998837,0.5258086747314323,0.4915765823617783,0.6151440508110124,0.4003843262398472,0.4131577741877973,0.393143387595049
189,27,7,PX-007,silence feedback reset,0.6709026705405274,0.5068677202712515,0.4915765823617783,0.6151440508110124,0.35551322761467313,0.4131577741877973,0.40025024247661767
190,28,1,PX-001,amplify identity fracture,0.6933464526113897,0.5007815024329874,0.4915765823617783,0.6151440508110124,0.35551322761467313,0.4131577741877973,0.40025024247661767
191,28,2,PX-002,fracture to access recursion,0.6933464526113897,0.5212616957539029,0.4915765823617783,0.6211623707518693,0.35551322761467313,0.4131577741877973,0.40025024247661767
192,28,3,PX-003,negation to lock formation,0.7009421421138936,0.5212616957539029,0.49539224751756356,0.6211623707518693,0.35551322761467313,0.4131577741877973,0.40025024247661767
193,28,4,PX-004,lagged temporal recursion,0.7009421421138936,0.5212616957539029,0.49539224751756356,0.6165633355646412,0.3714079041790406,0.4131577741877973,0.40025024247661767
194,28,5,PX-005,false signal injection,0.7009421421138936,0.5212616957539029,0.49539224751756356,0.6165633355646412,0.3978405857108404,0.4131577741877973,0.40025024247661767
195,28,6,PX-006,signal to unstable utterance,0.7009421421138936,0.5212616957539029,0.49539224751756356,0.6165633355646412,0.3978405857108404,0.4194814576063878,0.4080314395406799
196,28,7,PX-007,silence feedback reset,0.6602999516274276,0.5018413573320679,0.49539224751756356,0.6165633355646412,0.3517273509041124,0.4194814576063878,0.4139600891032354
197,29,1,PX-001,amplify identity fracture,0.682996224299261,0.4956090885421618,0.49539224751756356,0.6165633355646412,0.3517273509041124,0.4194814576063878,0.4139600891032354
198,29,2,PX-002,fracture to access recursion,0.682996224299261,0.5158633997715305,0.49539224751756356,0.6224973638040215,0.3517273509041124,0.4194814576063878,0.4139600891032354
199,29,3,PX-003,negation to lock formation,0.6908891215188013,0.5158633997715305,0.49796865681445207,0.6224973638040215,0.3517273509041124,0.4194814576063878,0.4139600891032354
200,29,4,PX-004,lagged temporal recursion,0.6908891215188013,0.5158633997715305,0.49796865681445207,0.6168836688765426,0.36772370331237586,0.4194814576063878,0.4139600891032354
201,29,5,PX-005,false signal injection,0.6908891215188013,0.5158633997715305,0.49796865681445207,0.6168836688765426,0.39457966178088305,0.4194814576063878,0.4139600891032354
202,29,6,PX-006,signal to unstable utterance,0.6908891215188013,0.5158633997715305,0.49796865681445207,0.6168836688765426,0.39457966178088305,0.42454527822603966,0.4217117936672228
203,29,7,PX-007,silence feedback reset,0.6498345404681137,0.4960639696025409,0.49796865681445207,0.6168836688765426,0.3474636856084147,0.42454527822603966,0.42645721452958557
204,30,1,PX-001,amplify identity fracture,0.6727764702869724,0.48971746784138526,0.49796865681445207,0.6168836688765426,0.3474636856084147,0.42454527822603966,0.42645721452958557
205,30,2,PX-002,fracture to access recursion,0.6727764702869724,0.5098065500074652,0.49796865681445207,0.6227431253271896,0.3474636856084147,0.42454527822603966,0.42645721452958557
206,30,3,PX-003,negation to lock formation,0.6809474755634833,0.5098065500074652,0.4994142862328319,0.6227431253271896,0.3474636856084147,0.42454527822603966,0.42645721452958557
207,30,4,PX-004,lagged temporal recursion,0.6809474755634833,0.5098065500074652,0.4994142862328319,0.6162306764413832,0.36354820138521843,0.42454527822603966,0.42645721452958557
208,30,5,PX-005,false signal injection,0.6809474755634833,0.5098065500074652,0.4994142862328319,0.6162306764413832,0.39076364335725666,0.42454527822603966,0.42645721452958557
209,30,6,PX-006,signal to unstable utterance,0.6809474755634833,0.5098065500074652,0.4994142862328319,0.6162306764413832,0.39076364335725666,0.42842803498758153,0.43415496267384196
210,30,7,PX-007,silence feedback reset,0.6396348012241443,0.48972250604651263,0.4994142862328319,0.6162306764413832,0.3428702703470872,0.42842803498758153,0.4377269064262057
211,31,1,PX-001,amplify identity fracture,0.6628132707111459,0.4832915645191418,0.4994142862328319,0.6162306764413832,0.3428702703470872,0.42842803498758153,0.4377269064262057
212,31,2,PX-002,fracture to access recursion,0.6628132707111459,0.5032689940947183,0.4994142862328319,0.6220248524843358,0.3428702703470872,0.42842803498758153,0.4377269064262057
213,31,3,PX-003,negation to lock formation,0.6712402865194456,0.5032689940947183,0.4998426732910101,0.6220248524843358,0.3428702703470872,0.42842803498758153,0.4377269064262057
214,31,4,PX-004,lagged temporal recursion,0.6712402865194456,0.5032689940947183,0.4998426732910101,0.6147281779685142,0.35902851680302633,0.42842803498758153,0.4377269064262057
215,31,5,PX-005,false signal injection,0.6712402865194456,0.5032689940947183,0.4998426732910101,0.6147281779685142,0.3865383544028119,0.42842803498758153,0.4377269064262057
216,31,6,PX-006,signal to unstable utterance,0.6712402865194456,0.5032689940947183,0.4998426732910101,0.6147281779685142,0.3865383544028119,0.4312181434919948,0.44535183965493497
217,31,7,PX-007,silence feedback reset,0.6298052941338587,0.4829874579038993,0.4998426732910101,0.6147281779685142,0.33807552260895435,0.4312181434919948,0.44777326790332306
218,32,1,PX-001,amplify identity fracture,0.6532102720193647,0.4764993917324409,0.4998426732910101,0.6147281779685142,0.33807552260895435,0.4312181434919948,0.44777326790332306
219,32,2,PX-002,fracture to access recursion,0.6532102720193647,0.4964116990067632,0.4998426732910101,0.6204657811611366,0.33807552260895435,0.4312181434919948,0.44777326790332306
220,32,3,PX-003,negation to lock formation,0.6618690818445979,0.4964116990067632,0.4993694522414922,0.6204657811611366,0.33807552260895435,0.4312181434919948,0.44777326790332306
221,32,4,PX-004,lagged temporal recursion,0.6618690818445979,0.4964116990067632,0.4993694522414922,0.6124964783375183,0.3542925790620511,0.4312181434919948,0.44777326790332306
222,32,5,PX-005,false signal injection,0.6618690818445979,0.4964116990067632,0.4993694522414922,0.6124964783375183,0.3820323737358323,0.4312181434919948,0.44777326790332306
223,32,6,PX-006,signal to unstable utterance,0.6618690818445979,0.4964116990067632,0.4993694522414922,0.6124964783375183,0.3820323737358323,0.43301038692686494,0.45531144959337666
224,32,7,PX-007,silence feedback reset,0.6204287608430055,0.4760114031249501,0.4993694522414922,0.6124964783375183,0.3331884946790359,0.43301038692686494,0.4566168659922729
225,33,1,PX-001,amplify identity fracture,0.6440502464910417,0.46949075807280516,0.4993694522414922,0.6124964783375183,0.3331884946790359,0.43301038692686494,0.4566168659922729
226,33,2,PX-002,fracture to access recursion,0.6440502464910417,0.48937769007303517,0.4993694522414922,0.6181855456873089,0.3331884946790359,0.43301038692686494,0.4566168659922729
227,33,3,PX-003,negation to lock formation,0.6529153490765796,0.48937769007303517,0.49810977522223765,0.6181855456873089,0.3331884946790359,0.43301038692686494,0.4566168659922729
228,33,4,PX-004,lagged temporal recursion,0.6529153490765796,0.48937769007303517,0.49810977522223765,0.6096509489797288,0.349449385359417,0.43301038692686494,0.4566168659922729
229,33,5,PX-005,false signal injection,0.6529153490765796,0.48937769007303517,0.49810977522223765,0.6096509489797288,0.37735700314015613,0.43301038692686494,0.4566168659922729
230,33,6,PX-006,signal to unstable utterance,0.6529153490765796,0.48937769007303517,0.49810977522223765,0.6096509489797288,0.37735700314015613,0.4339030343529337,0.4640585804533191
231,33,7,PX-007,silence feedback reset,0.6115682997169667,0.46892840282340925,0.49810977522223765,0.6096509489797288,0.3282998948386261,0.4339030343529337,0.4642923193734311
232,34,1,PX-001,amplify identity fracture,0.6353969092428042,0.4623968071504005,0.49810977522223765,0.6096509489797288,0.3282998948386261,0.4339030343529337,0.4642923193734311
233,34,2,PX-002,fracture to access recursion,0.6353969092428042,0.4822917551366496,0.49810977522223765,0.6152988128477036,0.3282998948386261,0.4339030343529337,0.4642923193734311
234,34,3,PX-003,negation to lock formation,0.6444422770362107,0.4822917551366496,0.4961761445642923,0.6152988128477036,0.3282998948386261,0.4339030343529337,0.4642923193734311
235,34,4,PX-004,lagged temporal recursion,0.6444422770362107,0.4822917551366496,0.4961761445642923,0.6063008924382132,0.3445899897670334,0.4339030343529337,0.4642923193734311
236,34,5,PX-005,false signal injection,0.6444422770362107,0.4822917551366496,0.4961761445642923,0.6063008924382132,0.3726069314975171,0.4339030343529337,0.4642923193734311
237,34,6,PX-006,signal to unstable utterance,0.6444422770362107,0.4822917551366496,0.4961761445642923,0.6063008924382132,0.3726069314975171,0.4339953615480702,0.47163139035529883
238,34,7,PX-007,silence feedback reset,0.6032696115759985,0.46185409593830606,0.4961761445642923,0.6063008924382132,0.3234836051674673,0.4339953615480702,0.4708459138794047
239,35,1,PX-001,amplify identity fracture,0.6272968781801233,0.45533023252187554,0.4961761445642923,0.6063008924382132,0.3234836051674673,0.4339953615480702,0.4708459138794047
240,35,2,PX-002,fracture to access recursion,0.6272968781801233,0.47526076487993707,0.4961761445642923,0.6119141846079841,0.3234836051674673,0.4339953615480702,0.4708459138794047
241,35,3,PX-003,negation to lock formation,0.636496619744513,0.47526076487993707,0.4936766571456783,0.6119141846079841,0.3234836051674673,0.4339953615480702,0.4708459138794047
242,35,4,PX-004,lagged temporal recursion,0.636496619744513,0.47526076487993707,0.4936766571456783,0.6025486753754064,0.33978896747051085,0.4339953615480702,0.4708459138794047
243,35,5,PX-005,false signal injection,0.636496619744513,0.47526076487993707,0.4936766571456783,0.6025486753754064,0.36786136762249055,0.4339953615480702,0.4708459138794047
244,35,6,PX-006,signal to unstable utterance,0.636496619744513,0.47526076487993707,0.4936766571456783,0.6025486753754064,0.36786136762249055,0.4333855815560769,0.4780790687577474
245,35,7,PX-007,silence feedback reset,0.5955632222590667,0.454886336681032,0.4936766571456783,0.6025486753754064,0.3187984727240964,0.4333855815560769,0.47633331482892305
246,36,1,PX-001,amplify identity fracture,0.6197816813498351,0.4483860111823822,0.4936766571456783,0.6025486753754064,0.3187984727240964,0.4333855815560769,0.47633331482892305
247,36,2,PX-002,fracture to access recursion,0.6197816813498351,0.46837446260173576,0.4936766571456783,0.6081333568928481,0.3187984727240964,0.4333855815560769,0.47633331482892305
248,36,3,PX-003,negation to lock formation,0.6291105971629918,0.46837446260173576,0.49071364295522363,0.6081333568928481,0.3187984727240964,0.4333855815560769,0.47633331482892305
249,36,4,PX-004,lagged temporal recursion,0.6291105971629918,0.46837446260173576,0.49071364295522363,0.5984891095261,0.33510614054278337,0.4333855815560769,0.47633331482892305
250,36,5,PX-005,false signal injection,0.6291105971629918,0.46837446260173576,0.49071364295522363,0.5984891095261,0.3631854508187915,0.4333855815560769,0.47633331482892305
251,36,6,PX-006,signal to unstable utterance,0.6291105971629918,0.46837446260173576,0.49071364295522363,0.5984891095261,0.3631854508187915,0.43216917100362284,0.4834596112081844
252,36,7,PX-007,silence feedback reset,0.5884666127942838,0.4481062282560903,0.49071364295522363,0.5984891095261,0.31429020053299717,0.43216917100362284,0.4808174267007331
253,37,1,PX-001,amplify identity fracture,0.6128697358930426,0.44164250974933034,0.49071364295522363,0.5984891095261,0.31429020053299717,0.43216917100362284,0.4808174267007331
254,37,2,PX-002,fracture to access recursion,0.6128697358930426,0.46170658784064655,0.49071364295522363,0.604050516222747,0.31429020053299717,0.43216917100362284,0.4808174267007331
255,37,3,PX-003,negation to lock formation,0.6223037649184583,0.46170658784064655,0.48738266677126424,0.604050516222747,0.31429020053299717,0.43216917100362284,0.4808174267007331
256,37,4,PX-004,lagged temporal recursion,0.6223037649184583,0.46170658784064655,0.48738266677126424,0.5942090561471698,0.3305883994422833,0.43216917100362284,0.4808174267007331
257,37,5,PX-005,false signal injection,0.6223037649184583,0.46170658784064655,0.48738266677126424,0.5942090561471698,0.35863178850767874,0.43216917100362284,0.4808174267007331
258,37,6,PX-006,signal to unstable utterance,0.6223037649184583,0.46170658784064655,0.48738266677126424,0.5942090561471698,0.35863178850767874,0.43043756370779823,0.487837750212863
259,37,7,PX-007,silence feedback reset,0.5819862095662389,0.44157942222437774,0.48738266677126424,0.5942090561471698,0.3099932123608839,0.43043756370779823,0.4843664340160632
260,38,1,PX-001,amplify identity fracture,0.6065682417998114,0.43516283472204687,0.48738266677126424,0.5942090561471698,0.3099932123608839,0.43043756370779823,0.4843664340160632
261,38,2,PX-002,fracture to access recursion,0.6065682417998114,0.45531621493344987,0.48738266677126424,0.5997519520454501,0.3099932123608839,0.43043756370779823,0.4843664340160632
262,38,3,PX-003,negation to lock formation,0.616084802344767,0.45531621493344987,0.4837718535224783,0.5997519520454501,0.3099932123608839,0.43043756370779823,0.4843664340160632
263,38,4,PX-004,lagged temporal recursion,0.616084802344767,0.45531621493344987,0.4837718535224783,0.5897872272230846,0.3262714999627552,0.43043756370779823,0.4843664340160632
264,38,5,PX-005,false signal injection,0.616084802344767,0.45531621493344987,0.4837718535224783,0.5897872272230846,0.3542420093543972,0.43043756370779823,0.4843664340160632
265,38,6,PX-006,signal to unstable utterance,0.616084802344767,0.45531621493344987,0.4837718535224783,0.5897872272230846,0.3542420093543972,0.4282771742088891,0.49128306981653436
266,38,7,PX-007,silence feedback reset,0.5761192051291406,0.43535757258675956,0.4837718535224783,0.5897872272230846,0.30593240691994156,0.4282771742088891,0.4870520431024323
267,39,1,PX-001,amplify identity fracture,0.600874950894761,0.42899631873050464,0.4837718535224783,0.5897872272230846,0.30593240691994156,0.4282771742088891,0.4870520431024323
268,39,2,PX-002,fracture to access recursion,0.600874950894761,0.44924920707484706,0.4837718535224783,0.5953158601101447,0.30593240691994156,0.4282771742088891,0.4870520431024323
269,39,3,PX-003,negation to lock formation,0.6104531836317503,0.44924920707484706,0.4799614936953629,0.5953158601101447,0.30593240691994156,0.4282771742088891,0.4870520431024323
270,39,4,PX-004,lagged temporal recursion,0.6104531836317503,0.44924920707484706,0.4799614936953629,0.5852941558208271,0.322181755158917,0.4282771742088891,0.4870520431024323
271,39,5,PX-005,false signal injection,0.6104531836317503,0.44924920707484706,0.4799614936953629,0.5852941558208271,0.35004825491907415,0.4282771742088891,0.4870520431024323
272,39,6,PX-006,signal to unstable utterance,0.6104531836317503,0.44924920707484706,0.4799614936953629,0.5852941558208271,0.35004825491907415,0.42576870952747337,0.4938683189304033
273,39,7,PX-007,silence feedback reset,0.5708551950560234,0.4294798546727238,0.4799614936953629,0.5852941558208271,0.3021247511395451,0.42576870952747337,0.48894793285212507
274,40,1,PX-001,amplify identity fracture,0.5957797863223997,0.423180056058408,0.4799614936953629,0.5852941558208271,0.3021247511395451,0.42576870952747337,0.48894793285212507
275,40,2,PX-002,fracture to access recursion,0.5957797863223997,0.44353970650523417,0.4799614936953629,0.5908123110732242,0.3021247511395451,0.42576870952747337,0.48894793285212507
276,40,3,PX-003,negation to lock formation,0.6054007101319623,0.44353970650523417,0.4760238842106065,0.5908123110732242,0.3021247511395451,0.42576870952747337,0.48894793285212507
277,40,4,PX-004,lagged temporal recursion,0.6054007101319623,0.44353970650523417,0.4760238842106065,0.5807923082928362,0.31833757420698916,0.42576870952747337,0.48894793285212507
278,40,5,PX-005,false signal injection,0.6054007101319623,0.44353970650523417,0.4760238842106065,0.5807923082928362,0.34607456143818077,0.42576870952747337,0.48894793285212507
279,40,6,PX-006,signal to unstable utterance,0.6054007101319623,0.44353970650523417,0.4760238842106065,0.5807923082928362,0.34607456143818077,0.4229867265405913,0.4956679283636762
280,40,7,PX-007,silence feedback reset,0.5661776275741881,0.4239744793604085,0.4760238842106065,0.5807923082928362,0.29858068821788275,0.4229867265405913,0.4901284136051069
281,41,1,PX-001,amplify identity fracture,0.5912662999869277,0.41774042119106947,0.4760238842106065,0.5807923082928362,0.29858068821788275,0.4229867265405913,0.4901284136051069
282,41,2,PX-002,fracture to access recursion,0.5912662999869277,0.438211600525651,0.4760238842106065,0.586303358498906,0.29858068821788275,0.4229867265405913,0.4901284136051069
283,41,3,PX-003,negation to lock formation,0.6009128927420114,0.438211600525651,0.47202336165455216,0.586303358498906,0.29858068821788275,0.4229867265405913,0.4901284136051069
284,41,4,PX-004,lagged temporal recursion,0.6009128927420114,0.438211600525651,0.47202336165455216,0.5763363122387812,0.3147508249973055,0.4229867265405913,0.4901284136051069
285,41,5,PX-005,false signal injection,0.6009128927420114,0.438211600525651,0.47202336165455216,0.5763363122387812,0.34233810556894534,0.4229867265405913,0.4901284136051069
286,41,6,PX-006,signal to unstable utterance,0.6009128927420114,0.438211600525651,0.47202336165455216,0.5763363122387812,0.34233810556894534,0.41999939387704005,0.49675672877599675
287,41,7,PX-007,silence feedback reset,0.5620650710413858,0.41886015179470004,0.47202336165455216,0.5763363122387812,0.29530535494309146,0.41999939387704005,0.49066728665477266
288,42,1,PX-001,amplify identity fracture,0.5873129649340725,0.4126945225696327,0.47202336165455216,0.5763363122387812,0.29530535494309146,0.41999939387704005,0.49066728665477266
289,42,2,PX-002,fracture to access recursion,0.5873129649340725,0.4332799201228037,0.47202336165455216,0.5818432613025446,0.29530535494309146,0.41999939387704005,0.49066728665477266
290,42,3,PX-003,negation to lock formation,0.5969701817708356,0.4332799201228037,0.46801648785600464,0.5818432613025446,0.29530535494309146,0.41999939387704005,0.49066728665477266
291,42,4,PX-004,lagged temporal recursion,0.5969701817708356,0.4332799201228037,0.46801648785600464,0.5719732760047197,0.3114280151317388,0.41999939387704005,0.49066728665477266
292,42,5,PX-005,false signal injection,0.5969701817708356,0.4332799201228037,0.46801648785600464,0.5719732760047197,0.33885030424186025,0.41999939387704005,0.49066728665477266
293,42,6,PX-006,signal to unstable utterance,0.5969701817708356,0.4332799201228037,0.46801648785600464,0.5719732760047197,0.33885030424186025,0.41686842028752774,0.4972088611286601
294,42,7,PX-007,silence feedback reset,0.5584923099945966,0.41414743990805813,0.46801648785600464,0.5719732760047197,0.2922996153797059,0.41686842028752774,0.4906368922818328
295,43,1,PX-001,amplify identity fracture,0.583894306729263,0.40805155952216915,0.46801648785600464,0.5719732760047197,0.2922996153797059,0.41686842028752774,0.4906368922818328
296,43,2,PX-002,fracture to access recursion,0.583894306729263,0.42875214255467575,0.46801648785600464,0.5774787972542288,0.2922996153797059,0.41686842028752774,0.4906368922818328
297,43,3,PX-003,negation to lock formation,0.5935490480093227,0.42875214255467575,0.46405235189982985,0.5774787972542288,0.2922996153797059,0.41686842028752774,0.4906368922818328
298,43,4,PX-004,lagged temporal recursion,0.5935490480093227,0.42875214255467575,0.46405235189982985,0.5677431777942983,0.3083712979913288,0.41686842028752774,0.4906368922818328
299,43,5,PX-005,false signal injection,0.5935490480093227,0.42875214255467575,0.46405235189982985,0.5677431777942983,0.33561777001593224,0.41686842028752774,0.4906368922818328
300,43,6,PX-006,signal to unstable utterance,0.5935490480093227,0.42875214255467575,0.46405235189982985,0.5677431777942983,0.33561777001593224,0.4136491153742245,0.49709686736568176
301,43,7,PX-007,silence feedback reset,0.555431284019458,0.40984003140007513,0.46405235189982985,0.5677431777942983,0.28956092572639547,0.4136491153742245,0.4901073313182432
302,44,1,PX-001,amplify identity fracture,0.5809818827877274,0.4038140632783689,0.46405235189982985,0.5677431777942983,0.28956092572639547,0.4136491153742245,0.4901073313182432
303,44,2,PX-002,fracture to access recursion,0.5809818827877274,0.42462938113171267,0.46405235189982985,0.5732496462013933,0.28956092572639547,0.4136491153742245,0.4901073313182432
304,44,3,PX-003,negation to lock formation,0.5906229230948333,0.42462938113171267,0.4601729572576837,0.5732496462013933,0.28956092572639547,0.4136491153742245,0.4901073313182432
305,44,4,PX-004,lagged temporal recursion,0.5906229230948333,0.42462938113171267,0.4601729572576837,0.5636793049963663,0.30557931787154774,0.4136491153742245,0.4901073313182432
306,44,5,PX-005,false signal injection,0.5906229230948333,0.42462938113171267,0.4601729572576837,0.5636793049963663,0.33264313051521816,0.4136491153742245,0.4901073313182432
307,44,6,PX-006,signal to unstable utterance,0.5906229230948333,0.42462938113171267,0.4601729572576837,0.5636793049963663,0.33264313051521816,0.4103905528630353,0.49649094667884486
308,44,7,PX-007,silence feedback reset,0.5528518855006218,0.40593586841188695,0.4601729572576837,0.5636793049963663,0.28708404919312486,0.4103905528630353,0.4891458436846266
309,45,1,PX-001,amplify identity fracture,0.578545121702857,0.3999790131268014,0.4601729572576837,0.5636793049963663,0.28708404919312486,0.4103905528630353,0.4891458436846266
310,45,2,PX-002,fracture to access recursion,0.578545121702857,0.42090745471458996,0.4601729572576837,0.5691888239915647,0.28708404919312486,0.4103905528630353,0.4891458436846266
311,45,3,PX-003,negation to lock formation,0.5881630100354537,0.42090745471458996,0.45641366741118455,0.5691888239915647,0.28708404919312486,0.4103905528630353,0.4891458436846266
312,45,4,PX-004,lagged temporal recursion,0.5881630100354537,0.42090745471458996,0.45641366741118455,0.5598087269379155,0.3030479120265221,0.4103905528630353,0.4891458436846266
313,45,5,PX-005,false signal injection,0.5881630100354537,0.42090745471458996,0.45641366741118455,0.5598087269379155,0.32992572461923625,0.4103905528630353,0.4891458436846266
314,45,6,PX-006,signal to unstable utterance,0.5881630100354537,0.42090745471458996,0.45641366741118455,0.5598087269379155,0.32992572461923625,0.40713581091879636,0.49545836149373845
315,45,7,PX-007,silence feedback reset,0.550722632840483,0.4024281571507039,0.45641366741118455,0.5598087269379155,0.2848616411897527,0.40713581091879636,0.4878163268142887
316,46,1,PX-001,amplify identity fracture,0.5765520362640089,0.3965388263878669,0.45641366741118455,0.5598087269379155,0.2848616411897527,0.40713581091879636,0.4878163268142887
317,46,2,PX-002,fracture to access recursion,0.5765520362640089,0.41757783637964724,0.45641366741118455,0.5653231505198696,0.2848616411897527,0.40713581091879636,0.4878163268142887
318,46,3,PX-003,negation to lock formation,0.5861389762441535,0.41757783637964724,0.4528036878751788,0.5653231505198696,0.2848616411897527,0.40713581091879636,0.4878163268142887
319,46,4,PX-004,lagged temporal recursion,0.5861389762441535,0.41757783637964724,0.4528036878751788,0.5561527868278289,0.3007706888385447,0.40713581091879636,0.4878163268142887
320,46,5,PX-005,false signal injection,0.5861389762441535,0.41757783637964724,0.4528036878751788,0.5561527868278289,0.32746218994461224,0.40713581091879636,0.4878163268142887
321,46,6,PX-006,signal to unstable utterance,0.5861389762441535,0.41757783637964724,0.4528036878751788,0.5561527868278289,0.32746218994461224,0.4039222681091141,0.4940629769768845
322,46,7,PX-007,silence feedback reset,0.5490112353400749,0.3993062554981336,0.4528036878751788,0.5561527868278289,0.28288472483179466,0.4039222681091141,0.48617897709871594
323,47,1,PX-001,amplify identity fracture,0.5749698243975064,0.39348222629271756,0.4528036878751788,0.5561527868278289,0.28288472483179466,0.4039222681091141,0.48617897709871594
324,47,2,PX-002,fracture to access recursion,0.5749698243975064,0.41462848560295107,0.4528036878751788,0.561673737762929,0.28288472483179466,0.4039222681091141,0.48617897709871594
325,47,3,PX-003,negation to lock formation,0.5845195419357243,0.41462848560295107,0.44936656672344744,0.561673737762929,0.28288472483179466,0.4039222681091141,0.48617897709871594
326,47,4,PX-004,lagged temporal recursion,0.5845195419357243,0.41462848560295107,0.44936656672344744,0.5527276010762603,0.2987395010613492,0.4039222681091141,0.48617897709871594
327,47,5,PX-005,false signal injection,0.5845195419357243,0.41462848560295107,0.44936656672344744,0.5527276010762603,0.3252469564971705,0.4039222681091141,0.48617897709871594
328,47,6,PX-006,signal to unstable utterance,0.5845195419357243,0.41462848560295107,0.44936656672344744,0.5527276010762603,0.3252469564971705,0.4007819373808399,0.49236491816677475
329,47,7,PX-007,silence feedback reset,0.5476850649246002,0.3965564455398874,0.44936656672344744,0.5527276010762603,0.2811430754179579,0.4007819373808399,0.484290038233019
330,48,1,PX-001,amplify identity fracture,0.5737653720094763,0.3907949954547255,0.44936656672344744,0.5527276010762603,0.2811430754179579,0.4007819373808399,0.484290038233019
331,48,2,PX-002,fracture to access recursion,0.5737653720094763,0.41204457153793955,0.44936656672344744,0.5582564859955187,0.2811430754179579,0.4007819373808399,0.484290038233019
332,48,3,PX-003,negation to lock formation,0.5832729765284616,0.41204457153793955,0.4461206994752487,0.5582564859955187,0.2811430754179579,0.4007819373808399,0.484290038233019
333,48,4,PX-004,lagged temporal recursion,0.5832729765284616,0.41204457153793955,0.4461206994752487,0.549544556396786,0.29694483180724573,0.4007819373808399,0.484290038233019
334,48,5,PX-005,false signal injection,0.5832729765284616,0.41204457153793955,0.4461206994752487,0.549544556396786,0.32327266074066346,0.4007819373808399,0.484290038233019
335,48,6,PX-006,signal to unstable utterance,0.5832729765284616,0.41204457153793955,0.4461206994752487,0.549544556396786,0.32327266074066346,0.3977418237562649,0.4904203295750068
336,48,7,PX-007,silence feedback reset,0.5467115485093582,0.3941626003519018,0.4461206994752487,0.549544556396786,0.27962553060277234,0.3977418237562649,0.4822016414198968
337,49,1,PX-001,amplify identity fracture,0.5729056709129908,0.38846062476562115,0.4461206994752487,0.549544556396786,0.27962553060277234,0.3977418237562649,0.4822016414198968
338,49,2,PX-002,fracture to access recursion,0.5729056709129908,0.40980909685556105,0.4461206994752487,0.5550825785522872,0.27962553060277234,0.3977418237562649,0.4822016414198968
339,49,3,PX-003,negation to lock formation,0.5823675149953208,0.40980909685556105,0.4430798274730718,0.5550825785522872,0.27962553060277234,0.3977418237562649,0.4822016414198968
340,49,4,PX-004,lagged temporal recursion,0.5823675149953208,0.40980909685556105,0.4430798274730718,0.546610797088669,0.29537610911955414,0.3977418237562649,0.4822016414198968
341,49,5,PX-005,false signal injection,0.5823675149953208,0.40980909685556105,0.4430798274730718,0.546610797088669,0.3215304931254568,0.3977418237562649,0.4822016414198968
342,49,6,PX-006,signal to unstable utterance,0.5823675149953208,0.40980909685556105,0.4430798274730718,0.546610797088669,0.3215304931254568,0.3948242943628918,0.4882812231286886
343,49,7,PX-007,silence feedback reset,0.5460584932260217,0.39210675561058467,0.4430798274730718,0.546610797088669,0.278320240812022,0.3948242943628918,0.4799617236634038
344,50,1,PX-001,amplify identity fracture,0.5723581638918519,0.38646086858209705,0.4430798274730718,0.546610797088669,0.278320240812022,0.3948242943628918,0.4799617236634038
345,50,2,PX-002,fracture to access recursion,0.5723581638918519,0.4079034324946807,0.4430798274730718,0.5521589674523758,0.278320240812022,0.3948242943628918,0.4799617236634038
346,50,3,PX-003,negation to lock formation,0.5817717051097308,0.4079034324946807,0.44025352166424536,0.5521589674523758,0.278320240812022,0.3948242943628918,0.4799617236634038
347,50,4,PX-004,lagged temporal recursion,0.5817717051097308,0.4079034324946807,0.44025352166424536,0.5439296966392982,0.29402196291145555,0.3948242943628918,0.4799617236634038
348,50,5,PX-005,false signal injection,0.5817717051097308,0.4079034324946807,0.44025352166424536,0.5439296966392982,0.3200104906336165,0.3948242943628918,0.4799617236634038
349,50,6,PX-006,signal to unstable utterance,0.5817717051097308,0.4079034324946807,0.44025352166424536,0.5439296966392982,0.3200104906336165,0.3920474518904532,0.4859954015088743
350,50,7,PX-007,silence feedback reset,0.5456943551016353,0.3903695969629736,0.44025352166424536,0.5439296966392982,0.27721487224900465,0.3920474518904532,0.4776140117410913
351,51,1,PX-001,amplify identity fracture,0.5720910276495004,0.3847762172849564,0.44025352166424536,0.5439296966392982,0.27721487224900465,0.3920474518904532,0.4776140117410913
352,51,2,PX-002,fracture to access recursion,0.5720910276495004,0.4063077738067589,0.44025352166424536,0.5494888439290341,0.27721487224900465,0.3920474518904532,0.4776140117410913
353,51,3,PX-003,negation to lock formation,0.5814546953723468,0.4063077738067589,0.43764764601274647,0.5494888439290341,0.27721487224900465,0.3920474518904532,0.4776140117410913
354,51,4,PX-004,lagged temporal recursion,0.5814546953723468,0.4063077738067589,0.43764764601274647,0.5415013092817366,0.2928704359692659,0.3920474518904532,0.4776140117410913
355,51,5,PX-005,false signal injection,0.5814546953723468,0.4063077738067589,0.43764764601274647,0.5415013092817366,0.3187017843183414,0.3920474518904532,0.4776140117410913
356,51,6,PX-006,signal to unstable utterance,0.5814546953723468,0.4063077738067589,0.43764764601274647,0.5415013092817366,0.3187017843183414,0.38942550464944536,0.4836064451899963
357,51,7,PX-007,silence feedback reset,0.5455884601998651,0.38893087384842123,0.43764764601274647,0.5415013092817366,0.27629677275088194,0.38942550464944536,0.4751980608069282
358,52,1,PX-001,amplify identity fracture,0.5720734030328604,0.3833862979371998,0.43764764601274647,0.5415013092817366,0.27629677275088194,0.38942550464944536,0.4751980608069282
359,52,2,PX-002,fracture to access recursion,0.5720734030328604,0.4050015281986413,0.43764764601274647,0.5470720893942758,0.27629677275088194,0.38942550464944536,0.4751980608069282
360,52,3,PX-003,negation to lock formation,0.5813864721933727,0.4050015281986413,0.4352647966505122,0.5470720893942758,0.27629677275088194,0.38942550464944536,0.4751980608069282
361,52,4,PX-004,lagged temporal recursion,0.5813864721933727,0.4050015281986413,0.4352647966505122,0.5393227983998091,0.29190915874012063,0.38942550464944536,0.4751980608069282
362,52,5,PX-005,false signal injection,0.5813864721933727,0.4050015281986413,0.4352647966505122,0.5393227983998091,0.3175928102680364,0.38942550464944536,0.4751980608069282
363,52,6,PX-006,signal to unstable utterance,0.5813864721933727,0.4050015281986413,0.4352647966505122,0.5393227983998091,0.3175928102680364,0.386969128124503,0.4811537527357632
364,52,7,PX-007,silence feedback reset,0.5457111857595752,0.3877697498114654,0.4352647966505122,0.5393227983998091,0.2755531088512883,0.386969128124503,0.47274933789397255
365,53,1,PX-001,amplify identity fracture,0.5722755805913942,0.3822702130371049,0.4352647966505122,0.5393227983998091,0.2755531088512883,0.386969128124503,0.47274933789397255
366,53,2,PX-002,fracture to access recursion,0.5722755805913942,0.40396364366198234,0.4352647966505122,0.5449057036271217,0.2755531088512883,0.386969128124503,0.47274933789397255
367,53,3,PX-003,negation to lock formation,0.581538053716388,0.40396364366198234,0.43310471437663733,0.5449057036271217,0.2755531088512883,0.386969128124503,0.47274933789397255
368,53,4,PX-004,lagged temporal recursion,0.581538053716388,0.40396364366198234,0.43310471437663733,0.5373888397109998,0.2911254958219542,0.386969128124503,0.47274933789397255
369,53,5,PX-005,false signal injection,0.581538053716388,0.40396364366198234,0.43310471437663733,0.5373888397109998,0.31667149098100017,0.386969128124503,0.47274933789397255
370,53,6,PX-006,signal to unstable utterance,0.581538053716388,0.40396364366198234,0.43310471437663733,0.5373888397109998,0.31667149098100017,0.3846858143152687,0.4786726251121504
371,53,7,PX-007,silence feedback reset,0.5460341075379131,0.3868650984459653,0.43310471437663733,0.5373888397109998,0.27497098072215553,0.3846858143152687,0.4702993418202067
372,54,1,PX-001,amplify identity fracture,0.5726691482870525,0.3814068264107949,0.43310471437663733,0.5373888397109998,0.27497098072215553,0.3846858143152687,0.4702993418202067
373,54,2,PX-002,fracture to access recursion,0.5726691482870525,0.40317288666779044,0.43310471437663733,0.5429842080179534,0.27497098072215553,0.3846858143152687,0.4702993418202067
374,54,3,PX-003,negation to lock formation,0.5818816465546186,0.40317288666779044,0.43116466927852076,0.5429842080179534,0.27497098072215553,0.3846858143152687,0.4702993418202067
375,54,4,PX-004,lagged temporal recursion,0.5818816465546186,0.40317288666779044,0.43116466927852076,0.5356919979976766,0.2905066704798853,0.3846858143152687,0.4702993418202067
376,54,5,PX-005,false signal injection,0.5818816465546186,0.40317288666779044,0.43116466927852076,0.5356919979976766,0.31592539283384974,0.3846858143152687,0.4702993418202067
377,54,6,PX-006,signal to unstable utterance,0.5818816465546186,0.40317288666779044,0.43116466927852076,0.5356919979976766,0.31592539283384974,0.38258020627930195,0.47619438590840374
378,54,7,PX-007,silence feedback reset,0.546530118402799,0.38619575308475607,0.43116466927852076,0.5356919979976766,0.27453752021264743,0.38258020627930195,0.46787575213286464
379,55,1,PX-001,amplify identity fracture,0.5732271070449696,0.3807750042314046,0.43116466927852076,0.5356919979976766,0.27453752021264743,0.38258020627930195,0.46787575213286464
380,55,2,PX-002,fracture to access recursion,0.5732271070449696,0.40260807690504335,0.43116466927852076,0.54130002255101,0.27453752021264743,0.38258020627930195,0.46787575213286464
381,55,3,PX-003,negation to lock formation,0.5823907707003363,0.40260807690504335,0.4294398171316047,0.54130002255101,0.27453752021264743,0.38258020627930195,0.46787575213286464
382,55,4,PX-004,lagged temporal recursion,0.5823907707003363,0.40260807690504335,0.4294398171316047,0.534223076824002,0.2900398721355422,0.38258020627930195,0.46787575213286464
383,55,5,PX-005,false signal injection,0.5823907707003363,0.40260807690504335,0.4294398171316047,0.534223076824002,0.3153418641810164,0.38258020627930195,0.46787575213286464
384,55,6,PX-006,signal to unstable utterance,0.5823907707003363,0.40260807690504335,0.4294398171316047,0.534223076824002,0.3153418641810164,0.3806544161765566,0.47374653039519027
385,55,7,PX-007,silence feedback reset,0.5471735222282469,0.38574071728577614,0.4294398171316047,0.534223076824002,0.27423997596889427,0.3806544161765566,0.4655026007462571
386,56,1,PX-001,amplify identity fracture,0.5739239588449362,0.3803538180724685,0.4294398171316047,0.534223076824002,0.27423997596889427,0.3806544161765566,0.4655026007462571
387,56,2,PX-002,fracture to access recursion,0.5739239588449362,0.4022482853292612,0.4294398171316047,0.5398438158848066,0.27423997596889427,0.3806544161765566,0.4655026007462571
388,56,3,PX-003,negation to lock formation,0.5830403569787799,0.4022482853292612,0.42792352788153576,0.5398438158848066,0.27423997596889427,0.3806544161765566,0.4655026007462571
389,56,4,PX-004,lagged temporal recursion,0.5830403569787799,0.4022482853292612,0.42792352788153576,0.5329714411938768,0.2897123506076447,0.3806544161765566,0.4655026007462571
390,56,5,PX-005,false signal injection,0.5830403569787799,0.4022482853292612,0.42792352788153576,0.5329714411938768,0.31490815763544083,0.3806544161765566,0.4655026007462571
391,56,6,PX-006,signal to unstable utterance,0.5830403569787799,0.4022482853292612,0.42792352788153576,0.5329714411938768,0.31490815763544083,0.3789083258005417,0.4713528972870261
392,56,7,PX-007,silence feedback reset,0.547940106320903,0.38547934212720103,0.42792352788153576,0.5329714411938768,0.2740657885890901,0.3789083258005417,0.46320046083350763
393,57,1,PX-001,amplify identity fracture,0.5747357712051628,0.3801227158597475,0.42792352788153576,0.5329714411938768,0.2740657885890901,0.3789083258005417,0.46320046083350763
394,57,2,PX-002,fracture to access recursion,0.5747357712051628,0.4020730010128181,0.42792352788153576,0.5386048284198129,0.2740657885890901,0.3789083258005417,0.46320046083350763
395,57,3,PX-003,negation to lock formation,0.5838068206549833,0.4020730010128181,0.4266076869680343,0.5386048284198129,0.2740657885890901,0.3789083258005417,0.46320046083350763
396,57,4,PX-004,lagged temporal recursion,0.5838068206549833,0.4020730010128181,0.4266076869680343,0.5319253134981521,0.2895114999084414,0.3789083258005417,0.46320046083350763
397,57,5,PX-005,false signal injection,0.5838068206549833,0.4020730010128181,0.4266076869680343,0.5319253134981521,0.31461153924524854,0.3789083258005417,0.46320046083350763
398,57,6,PX-006,signal to unstable utterance,0.5838068206549833,0.4020730010128181,0.4266076869680343,0.5319253134981521,0.31461153924524854,0.37733986910139455,0.46903385791231433
399,57,7,PX-007,silence feedback reset,0.5488071949368334,0.38539147535204704,0.4266076869680343,0.5319253134981521,0.27400265792478196,0.37733986910139455,0.46098664832700237
400,58,1,PX-001,amplify identity fracture,0.5756402211994928,0.38006166561655685,0.4266076869680343,0.5319253134981521,0.27400265792478196,0.37733986910139455,0.46098664832700237
401,58,2,PX-002,fracture to access recursion,0.5756402211994928,0.40206227138774414,0.4266076869680343,0.5375711686471732,0.27400265792478196,0.37733986910139455,0.46098664832700237
402,58,3,PX-003,negation to lock formation,0.5846681141628417,0.40206227138774414,0.42548297055235096,0.5375711686471732,0.27400265792478196,0.37733986910139455,0.46098664832700237
403,58,4,PX-004,lagged temporal recursion,0.5846681141628417,0.40206227138774414,0.42548297055235096,0.5310720433892578,0.2894249336028242,0.37733986910139455,0.46098664832700237
404,58,5,PX-005,false signal injection,0.5846681141628417,0.40206227138774414,0.42548297055235096,0.5310720433892578,0.31443938658660775,0.37733986910139455,0.46098664832700237
405,58,6,PX-006,signal to unstable utterance,0.5846681141628417,0.40206227138774414,0.42548297055235096,0.5310720433892578,0.31443938658660775,0.37594529659086257,0.4668065182316754
406,58,7,PX-007,silence feedback reset,0.549753685919339,0.38545758652246614,0.42548297055235096,0.5310720433892578,0.274038603960059,0.37594529659086257,0.45887543207246717
407,59,1,PX-001,amplify identity fracture,0.5766166215683997,0.3801512760256329,0.42548297055235096,0.5310720433892578,0.274038603960059,0.37594529659086257,0.45887543207246717
408,59,2,PX-002,fracture to access recursion,0.5766166215683997,0.40219681966394577,0.42548297055235096,0.5367300833732684,0.274038603960059,0.37594529659086257,0.45887543207246717
409,59,3,PX-003,negation to lock formation,0.5856037614031896,0.40219681966394577,0.42453909589376504,0.5367300833732684,0.274038603960059,0.37594529659086257,0.45887543207246717
410,59,4,PX-004,lagged temporal recursion,0.5856037614031896,0.40219681966394577,0.42453909589376504,0.5303983524283102,0.28944055309550465,0.37594529659086257,0.45887543207246717
411,59,5,PX-005,false signal injection,0.5856037614031896,0.40219681966394577,0.42453909589376504,0.5303983524283102,0.31437927722613024,0.37594529659086257,0.45887543207246717
412,59,6,PX-006,signal to unstable utterance,0.5856037614031896,0.40219681966394577,0.42453909589376504,0.5303983524283102,0.31437927722613024,0.37471942179501966,0.46468492978969117
413,59,7,PX-007,silence feedback reset,0.5507600720847574,0.38565887156901707,0.42453909589376504,0.5303983524283102,0.27416202216554375,0.37471942179501966,0.4568782492762553
414,60,1,PX-001,amplify identity fracture,0.5776459310207375,0.3803728970672078,0.42453909589376504,0.5303983524283102,0.27416202216554375,0.37471942179501966,0.4568782492762553
415,60,2,PX-002,fracture to access recursion,0.5776459310207375,0.4024581425009258,0.42453909589376504,0.5360682026322225,0.27416202216554375,0.37471942179501966,0.4568782492762553
416,60,3,PX-003,negation to lock formation,0.5865948756409564,0.4024581425009258,0.4237650482140015,0.5360682026322225,0.27416202216554375,0.37471942179501966,0.4568782492762553
417,60,4,PX-004,lagged temporal recursion,0.5865948756409564,0.4024581425009258,0.4237650482140015,0.5298905544912738,0.28954660970736473,0.37471942179501966,0.4568782492762553
418,60,5,PX-005,false signal injection,0.5865948756409564,0.4024581425009258,0.4237650482140015,0.5298905544912738,0.314419068553528,0.37471942179501966,0.4568782492762553
419,60,6,PX-006,signal to unstable utterance,0.5865948756409564,0.4024581425009258,0.4237650482140015,0.5298905544912738,0.314419068553528,0.3736558501102925,0.46268030624446893
420,60,7,PX-007,silence feedback reset,0.5518084486864056,0.385977339455324,0.4237650482140015,0.5298905544912738,0.2743617338145882,0.3736558501102925,0.4550039233945903
421,61,1,PX-001,amplify identity fracture,0.5787107504634076,0.38070870334151663,0.4237650482140015,0.5298905544912738,0.2743617338145882,0.3736558501102925,0.4550039233945903
422,61,2,PX-002,fracture to access recursion,0.5787107504634076,0.40282859041147984,0.4237650482140015,0.5355717602494758,0.2743617338145882,0.3736558501102925,0.4550039233945903
423,61,3,PX-003,negation to lock formation,0.5876241627081481,0.40282859041147984,0.42314928541590036,0.5355717602494758,0.2743617338145882,0.3736558501102925,0.4550039233945903
424,61,4,PX-004,lagged temporal recursion,0.5876241627081481,0.40282859041147984,0.42314928541590036,0.5295347530119855,0.2897317610170097,0.3736558501102925,0.4550039233945903
425,61,5,PX-005,false signal injection,0.5876241627081481,0.40282859041147984,0.42314928541590036,0.5295347530119855,0.31454696963353235,0.3736558501102925,0.4550039233945903
426,61,6,PX-006,signal to unstable utterance,0.5876241627081481,0.40282859041147984,0.42314928541590036,0.5295347530119855,0.31454696963353235,0.3727471905416186,0.46080124260229055
427,61,7,PX-007,silence feedback reset,0.5528825080797064,0.38639588312228007,0.42314928541590036,0.5295347530119855,0.2746270314474286,0.3727471905416186,0.45325888204746684
428,62,1,PX-001,amplify identity fracture,0.579795306625255,0.38114176214192763,0.42314928541590036,0.5295347530119855,0.2746270314474286,0.3727471905416186,0.45325888204746684
429,62,2,PX-002,fracture to access recursion,0.579795306625255,0.40329143287852104,0.42314928541590036,0.5352267911193058,0.2746270314474286,0.3727471905416186,0.45325888204746684
430,62,3,PX-003,negation to lock formation,0.5886759109763234,0.40329143287852104,0.4226799220040405,0.5352267911193058,0.2746270314474286,0.3727471905416186,0.45325888204746684
431,62,4,PX-004,lagged temporal recursion,0.5886759109763234,0.40329143287852104,0.4226799220040405,0.529317016193481,0.2899851216610948,0.3727471905416186,0.45325888204746684
432,62,5,PX-005,false signal injection,0.5886759109763234,0.40329143287852104,0.4226799220040405,0.529317016193481,0.3147516054626863,0.3727471905416186,0.45325888204746684
433,62,6,PX-006,signal to unstable utterance,0.5886759109763234,0.40329143287852104,0.4226799220040405,0.529317016193481,0.3147516054626863,0.37198525087485834,0.45905393470010525
434,62,7,PX-007,silence feedback reset,0.5539675225775706,0.3868983364226612,0.4226799220040405,0.529317016193481,0.27494771945939017,0.37198525087485834,0.45164737290882656
435,63,1,PX-001,amplify identity fracture,0.580885424345087,0.3816560879058185,0.4226799220040405,0.529317016193481,0.27494771945939017,0.37198525087485834,0.45164737290882656
436,63,2,PX-002,fracture to access recursion,0.580885424345087,0.40383090976463676,0.4226799220040405,0.5350193063203207,0.27494771945939017,0.37198525087485834,0.45164737290882656
437,63,3,PX-003,negation to lock formation,0.5897359693861831,0.40383090976463676,0.42234489350632015,0.5350193063203207,0.27494771945939017,0.37198525087485834,0.45164737290882656
438,63,4,PX-004,lagged temporal recursion,0.5897359693861831,0.40383090976463676,0.42234489350632015,0.5292235313455068,0.29029630859210276,0.37198525087485834,0.45164737290882656
439,63,5,PX-005,false signal injection,0.5897359693861831,0.40383090976463676,0.42234489350632015,0.5292235313455068,0.31502207382969044,0.37198525087485834,0.45164737290882656
440,63,6,PX-006,signal to unstable utterance,0.5897359693861831,0.40383090976463676,0.42234489350632015,0.5292235313455068,0.31502207382969044,0.37136121687276313,0.45744239683569493
441,63,7,PX-007,silence feedback reset,0.5550503164088012,0.3874695183982773,0.42234489350632015,0.5292235313455068,0.27531414965715195,0.37136121687276313,0.45017167583815654
442,64,1,PX-001,amplify identity fracture,0.5819684886578026,0.38223668432527064,0.42234489350632015,0.5292235313455068,0.27531414965715195,0.37136121687276313,0.45017167583815654
443,64,2,PX-002,fracture to access recursion,0.5819684886578026,0.4044322702794813,0.42234489350632015,0.5349354472258696,0.27531414965715195,0.37136121687276313,0.45017167583815654
444,64,3,PX-003,negation to lock formation,0.5907917147002127,0.4044322702794813,0.42213210262933915,0.5349354472258696,0.27531414965715195,0.37136121687276313,0.45017167583815654
445,64,4,PX-004,lagged temporal recursion,0.5907917147002127,0.4044322702794813,0.42213210262933915,0.5292407395136509,0.2906554806711731,0.37136121687276313,0.45017167583815654
446,64,5,PX-005,false signal injection,0.5907917147002127,0.4044322702794813,0.42213210262933915,0.5292407395136509,0.31534799485641624,0.37136121687276313,0.45017167583815654
447,64,6,PX-006,signal to unstable utterance,0.5907917147002127,0.4044322702794813,0.42213210262933915,0.5292407395136509,0.31534799485641624,0.3708658160962148,0.4559686757525166
448,64,7,PX-007,silence feedback reset,0.5561192276595899,0.3880952659775523,0.42213210262933915,0.5292407395136509,0.2757172515594576,0.3708658160962148,0.44883230978574784
449,65,1,PX-001,amplify identity fracture,0.5830333977243057,0.3828695751381837,0.42213210262933915,0.5292407395136509,0.2757172515594576,0.3708658160962148,0.44883230978574784
450,65,2,PX-002,fracture to access recursion,0.5830333977243057,0.40508180053264037,0.42213210262933915,0.5349616197793077,0.2757172515594576,0.3708658160962148,0.44883230978574784
451,65,3,PX-003,negation to lock formation,0.5918320090651705,0.40508180053264037,0.4220295483064746,0.5349616197793077,0.2757172515594576,0.3708658160962148,0.44883230978574784
452,65,4,PX-004,lagged temporal recursion,0.5918320090651705,0.40508180053264037,0.4220295483064746,0.5293554515606107,0.2910533724137897,0.3708658160962148,0.44883230978574784
453,65,5,PX-005,false signal injection,0.5918320090651705,0.40508180053264037,0.4220295483064746,0.5293554515606107,0.31571955323012835,0.3708658160962148,0.44883230978574784
454,65,6,PX-006,signal to unstable utterance,0.5918320090651705,0.40508180053264037,0.4220295483064746,0.5293554515606107,0.31571955323012835,0.3704894669492392,0.45463305945138993
455,65,7,PX-007,silence feedback reset,0.5571640610765292,0.388762455970802,0.4220295483064746,0.5293554515606107,0.2761485572035027,0.3704894669492392,0.44762823323256595
456,66,1,PX-001,amplify identity fracture,0.5840705075984067,0.3835418244314011,0.4220295483064746,0.5293554515606107,0.2761485572035027,0.3704894669492392,0.44762823323256595
457,66,2,PX-002,fracture to access recursion,0.5840705075984067,0.4057668405285718,0.4220295483064746,0.5350846101035781,0.2761485572035027,0.3704894669492392,0.44762823323256595
458,66,3,PX-003,negation to lock formation,0.5928471489238358,0.4057668405285718,0.42202543872291687,0.5350846101035781,0.2761485572035027,0.3704894669492392,0.44762823323256595
459,66,4,PX-004,lagged temporal recursion,0.5928471489238358,0.4057668405285718,0.42202543872291687,0.5295549468475378,0.29148132169612717,0.3704894669492392,0.44762823323256595
460,66,5,PX-005,false signal injection,0.5928471489238358,0.4057668405285718,0.42202543872291687,0.5295549468475378,0.3161275331161541,0.3704894669492392,0.44762823323256595
461,66,6,PX-006,signal to unstable utterance,0.5928471489238358,0.4057668405285718,0.42202543872291687,0.5295549468475378,0.3161275331161541,0.37022241353462515,0.4534342795314777
462,66,7,PX-007,silence feedback reset,0.5581760326279821,0.3894590171023382,0.42202543872291687,0.5295549468475378,0.27660022024456177,0.37022241353462515,0.44655703712315287
463,67,1,PX-001,amplify identity fracture,0.5850715697968727,0.38424154715959474,0.42202543872291687,0.5295549468475378,0.27660022024456177,0.37022241353462515,0.44655703712315287
464,67,2,PX-002,fracture to access recursion,0.5850715697968727,0.40647579134497047,0.42202543872291687,0.535291682605472,0.27660022024456177,0.37022241353462515,0.44655703712315287
465,67,3,PX-003,negation to lock formation,0.5938288062902776,0.40647579134497047,0.42210828933162303,0.535291682605472,0.27660022024456177,0.37022241353462515,0.44655703712315287
466,67,4,PX-004,lagged temporal recursion,0.5938288062902776,0.40647579134497047,0.42210828933162303,0.5298270556465676,0.29193129125908973,0.37022241353462515,0.44655703712315287
467,67,5,PX-005,false signal injection,0.5938288062902776,0.40647579134497047,0.42210828933162303,0.5298270556465676,0.31656334575511136,0.37022241353462515,0.44655703712315287
468,67,6,PX-006,signal to unstable utterance,0.5938288062902776,0.40647579134497047,0.42210828933162303,0.5298270556465676,0.31656334575511136,0.3700548468922774,0.4523697059646881
469,67,7,PX-007,silence feedback reset,0.5591477067498044,0.3901739327319184,0.42210828933162303,0.5298270556465676,0.2770650291941804,0.3700548468922774,0.4456151294223596
470,68,1,PX-001,amplify identity fracture,0.5860296626281548,0.38495791050597145,0.42210828933162303,0.5298270556465676,0.2770650291941804,0.3700548468922774,0.4456151294223596
471,68,2,PX-002,fracture to access recursion,0.5860296626281548,0.40719811316605214,0.42210828933162303,0.5355706617206409,0.2770650291941804,0.3700548468922774,0.4456151294223596
472,68,3,PX-003,negation to lock formation,0.5947699633916897,0.40719811316605214,0.42226700681136375,0.5355706617206409,0.2770650291941804,0.3700548468922774,0.4456151294223596
473,68,4,PX-004,lagged temporal recursion,0.5947699633916897,0.40719811316605214,0.42226700681136375,0.5301602263968181,0.292395883905884,0.3700548468922774,0.4456151294223596
474,68,5,PX-005,false signal injection,0.5947699633916897,0.40719811316605214,0.42226700681136375,0.5301602263968181,0.31701904979138484,0.3700548468922774,0.4456151294223596
475,68,6,PX-006,signal to unstable utterance,0.5947699633916897,0.40719811316605214,0.42226700681136375,0.5301602263968181,0.31701904979138484,0.3699770131785967,0.4514355333861244
476,68,7,PX-007,silence feedback reset,0.5600729272335034,0.3908972348725279,0.42226700681136375,0.5301602263968181,0.27753641472230284,0.3699770131785967,0.4447979105791871
477,69,1,PX-001,amplify identity fracture,0.5869391172334457,0.3856811266728535,0.42226700681136375,0.5301602263968181,0.27753641472230284,0.3699770131785967,0.4447979105791871
478,69,2,PX-002,fracture to access recursion,0.5869391172334457,0.40792431480801383,0.42226700681136375,0.5359099984283171,0.27753641472230284,0.3699770131785967,0.4447979105791871
479,69,3,PX-003,negation to lock formation,0.5956648416755728,0.40792431480801383,0.4224909598645506,0.5359099984283171,0.27753641472230284,0.3699770131785967,0.4447979105791871
480,69,4,PX-004,lagged temporal recursion,0.5956648416755728,0.40792431480801383,0.4224909598645506,0.530543578896666,0.2928683513685327,0.3699770131785967,0.4447979105791871
481,69,5,PX-005,false signal injection,0.5956648416755728,0.40792431480801383,0.4224909598645506,0.530543578896666,0.3174873644419825,0.3699770131785967,0.4447979105791871
482,69,6,PX-006,signal to unstable utterance,0.5956648416755728,0.40792431480801383,0.4224909598645506,0.530543578896666,0.3174873644419825,0.3699793093348093,0.45062695814307835
483,69,7,PX-007,silence feedback reset,0.5609467427437352,0.39161999009728676,0.4224909598645506,0.530543578896666,0.2780084510427775,0.3699793093348093,0.44409993931787056
484,70,1,PX-001,amplify identity fracture,0.5877954392943692,0.38640243768215066,0.4224909598645506,0.530543578896666,0.2780084510427775,0.3699793093348093,0.44409993931787056
485,70,2,PX-002,fracture to access recursion,0.5877954392943692,0.40864593536625404,0.4224909598645506,0.53629882264613,0.2780084510427775,0.3699793093348093,0.44409993931787056
486,70,3,PX-003,negation to lock formation,0.596508826178035,0.40864593536625404,0.42277003770894056,0.53629882264613,0.2780084510427775,0.3699793093348093,0.44409993931787056
487,70,4,PX-004,lagged temporal recursion,0.596508826178035,0.40864593536625404,0.42277003770894056,0.5309669445056016,0.2933425969111248,0.3699793093348093,0.44409993931787056
488,70,5,PX-005,false signal injection,0.596508826178035,0.40864593536625404,0.42277003770894056,0.5309669445056016,0.31796167569007217,0.3699793093348093,0.44409993931787056
489,70,6,PX-006,signal to unstable utterance,0.596508826178035,0.40864593536625404,0.42277003770894056,0.5309669445056016,0.31796167569007217,0.3700523667867371,0.44993834549002915
490,70,7,PX-007,silence feedback reset,0.5617653279727841,0.3923342779365525,0.42277003770894056,0.5309669445056016,0.2784758515024706,0.3700523667867371,0.4435150883009663
491,71,1,PX-001,amplify identity fracture,0.5885952273597983,0.38711409277887676,0.42277003770894056,0.5309669445056016,0.2784758515024706,0.3700523667867371,0.4435150883009663
492,71,2,PX-002,fracture to access recursion,0.5885952273597983,0.40935551862468633,0.42277003770894056,0.5367269825961225,0.2784758515024706,0.3700523667867371,0.4435150883009663
493,71,3,PX-003,negation to lock formation,0.5972983862427408,0.40935551862468633,0.4230946970833459,0.5367269825961225,0.2784758515024706,0.3700523667867371,0.4435150883009663
494,71,4,PX-004,lagged temporal recursion,0.5972983862427408,0.40935551862468633,0.4230946970833459,0.5314208944095067,0.2938131718357752,0.3700523667867371,0.4435150883009663
495,71,5,PX-005,false signal injection,0.5972983862427408,0.40935551862468633,0.4230946970833459,0.5314208944095067,0.3184360357689808,0.3700523667867371,0.4435150883009663
496,71,6,PX-006,signal to unstable utterance,0.5972983862427408,0.40935551862468633,0.4230946970833459,0.5314208944095067,0.3184360357689808,0.37018712371858864,0.4493633864501069
497,71,7,PX-007,silence feedback reset,0.5625259014489494,0.3930331623891595,0.4230946970833459,0.5314208944095067,0.27893395859536857,0.37018712371858864,0.44303668932421014
498,72,1,PX-001,amplify identity fracture,0.5893360887363718,0.3878093190573739,0.4230946970833459,0.5314208944095067,0.27893395859536857,0.37018712371858864,0.44303668932421014
499,72,2,PX-002,fracture to access recursion,0.5893360887363718,0.410046580889471,0.4230946970833459,0.5371850722132155,0.27893395859536857,0.37018712371858864,0.44303668932421014
500,72,3,PX-003,negation to lock formation,0.5980309935672515,0.410046580889471,0.42345599856219285,0.5371850722132155,0.27893395859536857,0.37018712371858864,0.44303668932421014
501,72,4,PX-004,lagged temporal recursion,0.5980309935672515,0.410046580889471,0.42345599856219285,0.5318967569835169,0.2942752661551312,0.37018712371858864,0.44303668932421014
502,72,5,PX-005,false signal injection,0.5980309935672515,0.410046580889471,0.42345599856219285,0.5318967569835169,0.31890515628463567,0.37018712371858864,0.44303668932421014
503,72,6,PX-006,signal to unstable utterance,0.5980309935672515,0.410046580889471,0.42345599856219285,0.5318967569835169,0.31890515628463567,0.3703748864688007,0.44889524398674546
504,72,7,PX-007,silence feedback reset,0.5632266410113765,0.393710657202364,0.42345599856219285,0.5318967569835169,0.2793787287192269,0.3703748864688007,0.4426576678101956
505,73,1,PX-001,amplify identity fracture,0.5900165538706217,0.3884822859630875,0.42345599856219285,0.5318967569835169,0.2793787287192269,0.3703748864688007,0.4426576678101956
506,73,2,PX-002,fracture to access recursion,0.5900165538706217,0.41071357293658484,0.42345599856219285,0.537664447646792,0.2793787287192269,0.3703748864688007,0.4426576678101956
507,73,3,PX-003,negation to lock formation,0.5987050385319267,0.41071357293658484,0.42384563295578703,0.537664447646792,0.2793787287192269,0.3703748864688007,0.4426576678101956
508,73,4,PX-004,lagged temporal recursion,0.5987050385319267,0.41071357293658484,0.42384563295578703,0.532386625266205,0.29472469378771543,0.3703748864688007,0.4426576678101956
509,73,5,PX-005,false signal injection,0.5987050385319267,0.41071357293658484,0.42384563295578703,0.532386625266205,0.31936439540258926,0.3703748864688007,0.4426576678101956
510,73,6,PX-006,signal to unstable utterance,0.5987050385319267,0.41071357293658484,0.42384563295578703,0.532386625266205,0.31936439540258926,0.3706073806060639,0.4485266882443641
511,73,7,PX-007,silence feedback reset,0.563866597944755,0.39436168560769014,0.42384563295578703,0.532386625266205,0.27980671207921193,0.3706073806060639,0.44237066646875145
512,74,1,PX-001,amplify identity fracture,0.5906359901237254,0.38912806435692976,0.42384563295578703,0.532386625266205,0.27980671207921193,0.3706073806060639,0.44237066646875145
513,74,2,PX-002,fracture to access recursion,0.5906359901237254,0.41135183678973253,0.42384563295578703,0.5381572338843307,0.27980671207921193,0.3706073806060639,0.44237066646875145
514,74,3,PX-003,negation to lock formation,0.5993197457348789,0.41135183678973253,0.42425593856079935,0.5381572338843307,0.27980671207921193,0.3706073806060639,0.44237066646875145
515,74,4,PX-004,lagged temporal recursion,0.5993197457348789,0.41135183678973253,0.42425593856079935,0.5328833555370324,0.295157872715311,0.3706073806060639,0.44237066646875145
516,74,5,PX-005,false signal injection,0.5993197457348789,0.41135183678973253,0.42425593856079935,0.5328833555370324,0.31980973959602177,0.3706073806060639,0.44237066646875145
517,74,6,PX-006,signal to unstable utterance,0.5993197457348789,0.41135183678973253,0.42425593856079935,0.5328833555370324,0.31980973959602177,0.37087679225733744,0.44825022072493476
518,74,7,PX-007,silence feedback reset,0.564445610733337,0.39498203522981956,0.42425593856079935,0.5328833555370324,0.28021502821729133,0.37087679225733744,0.4421681580870308
519,75,1,PX-001,amplify identity fracture,0.591194515802089,0.3897425808599685,0.42425593856079935,0.5328833555370324,0.28021502821729133,0.37087679225733744,0.4421681580870308
520,75,2,PX-002,fracture to access recursion,0.591194515802089,0.41195755806811707,0.42425593856079935,0.5386563225026105,0.28021502821729133,0.37087679225733744,0.4421681580870308
521,75,3,PX-003,negation to lock formation,0.5998750896142704,0.41195755806811707,0.42467991001700334,0.5386563225026105,0.28021502821729133,0.37087679225733744,0.4421681580870308
522,75,4,PX-004,lagged temporal recursion,0.5998750896142704,0.41195755806811707,0.42467991001700334,0.5333805579652158,0.2955718006118689,0.37087679225733744,0.4421681580870308
523,75,5,PX-005,false signal injection,0.5998750896142704,0.41195755806811707,0.42467991001700334,0.5333805579652158,0.320237780510498,0.37087679225733744,0.4421681580870308
524,75,6,PX-006,signal to unstable utterance,0.5998750896142704,0.41195755806811707,0.42467991001700334,0.5333805579652158,0.320237780510498,0.37117580027554953,0.44805818736878855
525,75,7,PX-007,silence feedback reset,0.5649642193455777,0.3955683089093118,0.42467991001700334,0.5333805579652158,0.2806013377055811,0.37117580027554953,0.4420425475020871
526,76,1,PX-001,amplify identity fracture,0.5916929152583791,0.3903225682198709,0.42467991001700334,0.5333805579652158,0.2806013377055811,0.37117580027554953,0.4420425475020871
527,76,2,PX-002,fracture to access recursion,0.5916929152583791,0.4125277146594416,0.42467991001700334,0.539155361526364,0.2806013377055811,0.37117580027554953,0.4420425475020871
528,76,3,PX-003,negation to lock formation,0.6003717109867283,0.4125277146594416,0.425111199519899,0.539155361526364,0.2806013377055811,0.37117580027554953,0.4420425475020871
529,76,4,PX-004,lagged temporal recursion,0.6003717109867283,0.4125277146594416,0.425111199519899,0.5338725802717539,0.29596402650890785,0.37117580027554953,0.4420425475020871
530,76,5,PX-005,false signal injection,0.6003717109867283,0.4125277146594416,0.425111199519899,0.5338725802717539,0.3206456875476642,0.37117580027554953,0.4420425475020871
531,76,6,PX-006,signal to unstable utterance,0.6003717109867283,0.4125277146594416,0.425111199519899,0.5338725802717539,0.3206456875476642,0.3714975998513554,0.44794288060321136
532,76,7,PX-007,silence feedback reset,0.5654235808996921,0.39611787219464734,0.425111199519899,0.5338725802717539,0.2809638105851095,0.3714975998513554,0.4419862628931013
533,77,1,PX-001,amplify identity fracture,0.5921325558189889,0.39086551245475293,0.425111199519899,0.5338725802717539,0.2809638105851095,0.3714975998513554,0.4419862628931013
534,77,2,PX-002,fracture to access recursion,0.5921325558189889,0.4130600224800741,0.425111199519899,0.5396487383458998,0.2809638105851095,0.3714975998513554,0.4419862628931013
535,77,3,PX-003,negation to lock formation,0.6008108352686913,0.4130600224800741,0.42554411113287804,0.5396487383458998,0.2809638105851095,0.3714975998513554,0.4419862628931013
536,77,4,PX-004,lagged temporal recursion,0.6008108352686913,0.4130600224800741,0.42554411113287804,0.5343544853168767,0.2963326191018696,0.3714975998513554,0.4419862628931013
537,77,5,PX-005,false signal injection,0.6008108352686913,0.4130600224800741,0.42554411113287804,0.5343544853168767,0.3210311768022685,0.3714975998513554,0.4419862628931013
538,77,6,PX-006,signal to unstable utterance,0.6008108352686913,0.4130600224800741,0.42554411113287804,0.5343544853168767,0.3210311768022685,0.37183591818932055,0.447896630511216
539,77,7,PX-007,silence feedback reset,0.565825387488341,0.39662879826315156,0.42554411113287804,0.5343544853168767,0.28130109215804705,0.37183591818932055,0.441991836609202
540,78,1,PX-001,amplify identity fracture,0.5925153072264828,0.3913695975332586,0.42554411113287804,0.5343544853168767,0.28130109215804705,0.37183591818932055,0.441991836609202
541,78,2,PX-002,fracture to access recursion,0.5925153072264828,0.41355287908028276,0.42554411113287804,0.5401315566137175,0.28130109215804705,0.37183591818932055,0.441991836609202
542,78,3,PX-003,negation to lock formation,0.6011941930773341,0.41355287908028276,0.42597358893552517,0.5401315566137175,0.28130109215804705,0.37183591818932055,0.441991836609202
543,78,4,PX-004,lagged temporal recursion,0.6011941930773341,0.41355287908028276,0.42597358893552517,0.5348220234922599,0.29667613232499546,0.37183591818932055,0.441991836609202
544,78,5,PX-005,false signal injection,0.6011941930773341,0.41355287908028276,0.42597358893552517,0.5348220234922599,0.321392477004383,0.37183591818932055,0.441991836609202
545,78,6,PX-006,signal to unstable utterance,0.6011941930773341,0.41355287908028276,0.42597358893552517,0.5348220234922599,0.321392477004383,0.37218502288286026,0.44791188535509696
546,78,7,PX-007,silence feedback reset,0.5661717868596525,0.39709981102290964,0.42597358893552517,0.5348220234922599,0.28161226675166806,0.37218502288286026,0.44205197582158845
547,79,1,PX-001,amplify identity fracture,0.5928434642108894,0.3918336483410779,0.42597358893552517,0.5348220234922599,0.28161226675166806,0.37218502288286026,0.44205197582158845
548,79,2,PX-002,fracture to access recursion,0.5928434642108894,0.4140053058373093,0.42597358893552517,0.540599608005246,0.28161226675166806,0.37218502288286026,0.44205197582158845
549,79,3,PX-003,negation to lock formation,0.6015239438309551,0.4140053058373093,0.4263951997352568,0.540599608005246,0.28161226675166806,0.37218502288286026,0.44205197582158845
550,79,4,PX-004,lagged temporal recursion,0.6015239438309551,0.4140053058373093,0.4263951997352568,0.535271600760818,0.2969935688293789,0.37218502288286026,0.44205197582158845
551,79,5,PX-005,false signal injection,0.6015239438309551,0.4140053058373093,0.4263951997352568,0.535271600760818,0.32172829312171863,0.37218502288286026,0.44205197582158845
552,79,6,PX-006,signal to unstable utterance,0.6015239438309551,0.4140053058373093,0.4263951997352568,0.535271600760818,0.32172829312171863,0.3725397236329839,0.4479812817646109
553,79,7,PX-007,silence feedback reset,0.5664653065641551,0.3975302271286715,0.4263951997352568,0.535271600760818,0.28189682006710604,0.3725397236329839,0.442159623354952
554,80,1,PX-001,amplify identity fracture,0.5931196727236336,0.39225707266368887,0.4263951997352568,0.535271600760818,0.28189682006710604,0.3725397236329839,0.442159623354952
555,80,2,PX-002,fracture to access recursion,0.5931196727236336,0.41441688945293165,0.4263951997352568,0.5410493396904122,0.28189682006710604,0.3725397236329839,0.442159623354952
556,80,3,PX-003,negation to lock formation,0.6018026028871339,0.41441688945293165,0.4268051110567728,0.5410493396904122,0.28189682006710604,0.3725397236329839,0.442159623354952
557,80,4,PX-004,lagged temporal recursion,0.6018026028871339,0.41441688945293165,0.4268051110567728,0.5357002431467205,0.29728434199088544,0.3725397236329839,0.442159623354952
558,80,5,PX-005,false signal injection,0.6018026028871339,0.41441688945293165,0.4268051110567728,0.5357002431467205,0.322037768266232,0.3725397236329839,0.442159623354952
559,80,6,PX-006,signal to unstable utterance,0.6018026028871339,0.41441688945293165,0.4268051110567728,0.5357002431467205,0.322037768266232,0.3728953679623739,0.4480977049674579
560,80,7,PX-007,silence feedback reset,0.5667087820853421,0.3979198976144443,0.4268051110567728,0.5357002431467205,0.2821546007067874,0.3728953679623739,0.4423080091125117
561,81,1,PX-001,amplify identity fracture,0.5933468602843209,0.3926398028834413,0.4268051110567728,0.5357002431467205,0.2821546007067874,0.3728953679623739,0.4423080091125117
562,81,2,PX-002,fracture to access recursion,0.5933468602843209,0.4147877234357235,0.4268051110567728,0.5414778183208284,0.2821546007067874,0.3728953679623739,0.4423080091125117
563,81,3,PX-003,negation to lock formation,0.6020329726724468,0.4147877234357235,0.42720006510703334,0.5414778183208284,0.2821546007067874,0.3728953679623739,0.4423080091125117
564,81,4,PX-004,lagged temporal recursion,0.6020329726724468,0.4147877234357235,0.42720006510703334,0.5361055584346107,0.2975482370530995,0.3728953679623739,0.4423080091125117
565,81,5,PX-005,false signal injection,0.6020329726724468,0.4147877234357235,0.42720006510703334,0.5361055584346107,0.32232044452609393,0.3728953679623739,0.4423080091125117
566,81,6,PX-006,signal to unstable utterance,0.6020329726724468,0.4147877234357235,0.42720006510703334,0.5361055584346107,0.32232044452609393,0.3732478315778157,0.44825433949976534
567,81,7,PX-007,silence feedback reset,0.5669052893778371,0.39826914980492917,0.42720006510703334,0.5361055584346107,0.28238578144312654,0.3732478315778157,0.44249069256088447
568,82,1,PX-001,amplify identity fracture,0.5935281708054596,0.39298223804724464,0.42720006510703334,0.5361055584346107,0.28238578144312654,0.3732478315778157,0.44249069256088447
569,82,2,PX-002,fracture to access recursion,0.5935281708054596,0.41511835020256993,0.42720006510703334,0.5418826912921337,0.28238578144312654,0.3732478315778157,0.44249069256088447
570,82,3,PX-003,negation to lock formation,0.6022180781719404,0.41511835020256993,0.4275773493922356,0.5418826912921337,0.28238578144312654,0.3732478315778157,0.44249069256088447
571,82,4,PX-004,lagged temporal recursion,0.6022180781719404,0.41511835020256993,0.4275773493922356,0.5364856957901246,0.29778537197718136,0.3732478315778157,0.44249069256088447
572,82,5,PX-005,false signal injection,0.6022180781719404,0.41511835020256993,0.4275773493922356,0.5364856957901246,0.322576223310124,0.3732478315778157,0.44249069256088447
573,82,6,PX-006,signal to unstable utterance,0.6022180781719404,0.41511835020256993,0.4275773493922356,0.5364856957901246,0.322576223310124,0.37359350402998154,0.4484447108861469
574,82,7,PX-007,silence feedback reset,0.5670580821436968,0.3985787301185157,0.4275773493922356,0.5364856957901246,0.2825908207497165,0.37359350402998154,0.4427015967851423
575,83,1,PX-001,amplify identity fracture,0.5936669041754041,0.39328518691047387,0.4275773493922356,0.5364856957901246,0.2825908207497165,0.37359350402998154,0.4427015967851423
576,83,2,PX-002,fracture to access recursion,0.5936669041754041,0.4154097043805201,0.4275773493922356,0.5422621459927636,0.2825908207497165,0.37359350402998154,0.4427015967851423
577,83,3,PX-003,negation to lock formation,0.6023611070617082,0.4154097043805201,0.42793476463739294,0.5422621459927636,0.2825908207497165,0.37359350402998154,0.4427015967851423
578,83,4,PX-004,lagged temporal recursion,0.6023611070617082,0.4154097043805201,0.42793476463739294,0.5368393039641209,0.2979961585275642,0.37359350402998154,0.4427015967851423
579,83,5,PX-005,false signal injection,0.6023611070617082,0.4154097043805201,0.42793476463739294,0.5368393039641209,0.32280532574883164,0.37359350402998154,0.4427015967851423
580,83,6,PX-006,signal to unstable utterance,0.6023611070617082,0.4154097043805201,0.42793476463739294,0.5368393039641209,0.32280532574883164,0.37392927030981327,0.44866271882237124
581,83,7,PX-007,silence feedback reset,0.5671705340862664,0.39884974831779096,0.42793476463739294,0.5368393039641209,0.2827704250670671,0.37392927030981327,0.4429350346605191
582,84,1,PX-001,amplify identity fracture,0.5937664607970281,0.39354981250492654,0.42793476463739294,0.5368393039641209,0.2827704250670671,0.37392927030981327,0.4429350346605191
583,84,2,PX-002,fracture to access recursion,0.5937664607970281,0.41566305783039303,0.42793476463739294,0.5426148676995547,0.2827704250670671,0.37392927030981327,0.4429350346605191
584,84,3,PX-003,negation to lock formation,0.60246535468541,0.41566305783039303,0.42827059062868533,0.5426148676995547,0.2827704250670671,0.37392927030981327,0.4429350346605191
585,84,4,PX-004,lagged temporal recursion,0.60246535468541,0.41566305783039303,0.42827059062868533,0.5371654886910533,0.29818126407196816,0.37392927030981327,0.4429350346605191
586,84,5,PX-005,false signal injection,0.60246535468541,0.41566305783039303,0.42827059062868533,0.5371654886910533,0.3230082536462124,0.37392927030981327,0.4429350346605191
587,84,6,PX-006,signal to unstable utterance,0.60246535468541,0.41566305783039303,0.42827059062868533,0.5371654886910533,0.3230082536462124,0.3742524890052364,0.44890266242859905
588,84,7,PX-007,silence feedback reset,0.5672460862939465,0.39908362370119305,0.42827059062868533,0.5371654886910533,0.2829255122201526,0.3742524890052364,0.4431857277152025
589,85,1,PX-001,amplify identity fracture,0.593830291200446,0.39377757871551605,0.42827059062868533,0.5371654886910533,0.2829255122201526,0.3742524890052364,0.4431857277152025
590,85,2,PX-002,fracture to access recursion,0.593830291200446,0.41587996684939205,0.42827059062868533,0.5429399967276509,0.2829255122201526,0.3742524890052364,0.4431857277152025
591,85,3,PX-003,negation to lock formation,0.6025341739968898,0.41587996684939205,0.42858355056404274,0.5429399967276509,0.2829255122201526,0.3742524890052364,0.4431857277152025
592,85,4,PX-004,lagged temporal recursion,0.6025341739968898,0.41587996684939205,0.42858355056404274,0.537463769838214,0.29834157451843113,0.3742524890052364,0.4431857277152025
593,85,5,PX-005,false signal injection,0.6025341739968898,0.41587996684939205,0.42858355056404274,0.537463769838214,0.3231857514214007,0.3742524890052364,0.4431857277152025
594,85,6,PX-006,signal to unstable utterance,0.6025341739968898,0.41587996684939205,0.42858355056404274,0.537463769838214,0.3231857514214007,0.3745609676208711,0.44915925816752933
595,85,7,PX-007,silence feedback reset,0.5672881998246824,0.3992820336633354,0.42858355056404274,0.537463769838214,0.2830571763467635,0.3745609676208711,0.4434488182785206
596,86,1,PX-001,amplify identity fracture,0.5938618507737805,0.3939701992836999,0.42858355056404274,0.537463769838214,0.2830571763467635,0.3745609676208711,0.4434488182785206
597,86,2,PX-002,fracture to access recursion,0.5938618507737805,0.4160622219430746,0.42858355056404274,0.5432370853877225,0.2830571763467635,0.3745609676208711,0.4434488182785206
598,86,3,PX-003,negation to lock formation,0.6025709305173932,0.4160622219430746,0.4288727744589024,0.5432370853877225,0.2830571763467635,0.3745609676208711,0.4434488182785206
599,86,4,PX-004,lagged temporal recursion,0.6025709305173932,0.4160622219430746,0.4288727744589024,0.5377340388078076,0.2984781587530566,0.3745609676208711,0.4434488182785206
600,86,5,PX-005,false signal injection,0.6025709305173932,0.4160622219430746,0.4288727744589024,0.5377340388078076,0.32333876942111206,0.3745609676208711,0.4434488182785206
601,86,6,PX-006,signal to unstable utterance,0.6025709305173932,0.4160622219430746,0.4288727744589024,0.5377340388078076,0.32333876942111206,0.3748529356371878,0.4494276510397809
602,86,7,PX-007,silence feedback reset,0.5673003134871135,0.39944686498342163,0.4288727744589024,0.5377340388078076,0.2831666546359109,0.3748529356371878,0.4437198755207726
603,87,1,PX-001,amplify identity fracture,0.593864559587584,0.39412958958719346,0.4288727744589024,0.5377340388078076,0.2831666546359109,0.3748529356371878,0.4437198755207726
604,87,2,PX-002,fracture to access recursion,0.593864559587584,0.41621180048903983,0.4288727744589024,0.5435060552481855,0.2831666546359109,0.3748529356371878,0.4437198755207726
605,87,3,PX-003,negation to lock formation,0.6025789622882386,0.41621180048903983,0.42913776211233545,0.5435060552481855,0.2831666546359109,0.3748529356371878,0.4437198755207726
606,87,4,PX-004,lagged temporal recursion,0.6025789622882386,0.41621180048903983,0.42913776211233545,0.5379765166386058,0.29859223488188574,0.3748529356371878,0.4437198755207726
607,87,5,PX-005,false signal injection,0.6025789622882386,0.41621180048903983,0.42913776211233545,0.5379765166386058,0.3234684289243048,0.3748529356371878,0.4437198755207726
608,87,6,PX-006,signal to unstable utterance,0.6025789622882386,0.41621180048903983,0.42913776211233545,0.5379765166386058,0.3234684289243048,0.3751270158547218,0.44970341967869804
609,87,7,PX-007,silence feedback reset,0.5672858067469526,0.3995801681327274,0.42913776211233545,0.5379765166386058,0.28325529611606404,0.3751270158547218,0.4439948959952777
610,88,1,PX-001,amplify identity fracture,0.5938417672268514,0.3942578214769714,0.42913776211233545,0.5379765166386058,0.28325529611606404,0.3751270158547218,0.4439948959952777
611,88,2,PX-002,fracture to access recursion,0.5938417672268514,0.41633082254719195,0.42913776211233545,0.5437471551445249,0.28325529611606404,0.3751270158547218,0.4439948959952777
612,88,3,PX-003,negation to lock formation,0.6025615447388906,0.41633082254719195,0.4293783460944595,0.5437471551445249,0.28325529611606404,0.3751270158547218,0.4439948959952777
613,88,4,PX-004,lagged temporal recursion,0.6025615447388906,0.41633082254719195,0.4293783460944595,0.5381917131989549,0.298685138520447,0.3751270158547218,0.4439948959952777
614,88,5,PX-005,false signal injection,0.6025615447388906,0.41633082254719195,0.4293783460944595,0.5381917131989549,0.3235759891012706,0.3751270158547218,0.4439948959952777
615,88,6,PX-006,signal to unstable utterance,0.6025615447388906,0.41633082254719195,0.4293783460944595,0.5381917131989549,0.3235759891012706,0.3753821945341759,0.44998257596891467
616,88,7,PX-007,silence feedback reset,0.5672479676278713,0.399684114824876,0.4293783460944595,0.5381917131989549,0.2833245326753355,0.3753821945341759,0.44427029929036305
617,89,1,PX-001,amplify identity fracture,0.5937967224901652,0.39435708138543046,0.4293783460944595,0.5381917131989549,0.2833245326753355,0.3753821945341759,0.44427029929036305
618,89,2,PX-002,fracture to access recursion,0.5937967224901652,0.41642151000581396,0.4293783460944595,0.5439609203226415,0.2833245326753355,0.3753821945341759,0.44427029929036305
619,89,3,PX-003,negation to lock formation,0.6025218603367029,0.41642151000581396,0.42959465516997697,0.5439609203226415,0.2833245326753355,0.3753821945341759,0.44427029929036305
620,89,4,PX-004,lagged temporal recursion,0.6025218603367029,0.41642151000581396,0.42959465516997697,0.5383803878087812,0.2987582933165872,0.3753821945341759,0.44427029929036305
621,89,5,PX-005,false signal injection,0.6025218603367029,0.41642151000581396,0.42959465516997697,0.5383803878087812,0.32366281613181036,0.3753821945341759,0.44427029929036305
622,89,6,PX-006,signal to unstable utterance,0.6025218603367029,0.41642151000581396,0.42959465516997697,0.5383803878087812,0.32366281613181036,0.37561779080523555,0.4502615598079564
623,89,7,PX-007,silence feedback reset,0.5671899654252208,0.39976095896790226,0.42959465516997697,0.5383803878087812,0.28337585244111174,0.37561779080523555,0.4445429193895144
624,90,1,PX-001,amplify identity fracture,0.5937325477686733,0.39442963185517593,0.42959465516997697,0.5383803878087812,0.28337585244111174,0.37561779080523555,0.4445429193895144
625,90,2,PX-002,fracture to access recursion,0.5937325477686733,0.41648614919014326,0.42959465516997697,0.5441481330489462,0.28337585244111174,0.37561779080523555,0.4445429193895144
626,90,3,PX-003,negation to lock formation,0.6024629728383999,0.41648614919014326,0.42978707852557685,0.5441481330489462,0.28337585244111174,0.37561779080523555,0.4445429193895144
627,90,4,PX-004,lagged temporal recursion,0.6024629728383999,0.41648614919014326,0.42978707852557685,0.5385435115755546,0.29881318383735983,0.37561779080523555,0.4445429193895144
628,90,5,PX-005,false signal injection,0.6024629728383999,0.41648614919014326,0.42978707852557685,0.5385435115755546,0.32373035463243,0.37561779080523555,0.4445429193895144
629,90,6,PX-006,signal to unstable utterance,0.6024629728383999,0.41648614919014326,0.42978707852557685,0.5385435115755546,0.32373035463243,0.37583342577647766,0.4505372296185125
630,90,7,PX-007,silence feedback reset,0.5671148280083548,0.39981300111601387,0.42978707852557685,0.5385435115755546,0.28341077559602657,0.37583342577647766,0.44480999232241425
631,91,1,PX-001,amplify identity fracture,0.5936522178784216,0.39447777657730937,0.42978707852557685,0.5385435115755546,0.28341077559602657,0.37583342577647766,0.44480999232241425
632,91,2,PX-002,fracture to access recursion,0.5936522178784216,0.4165270570016665,0.42978707852557685,0.5443097849672873,0.28341077559602657,0.37583342577647766,0.44480999232241425
633,91,3,PX-003,negation to lock formation,0.6023878059247014,0.4165270570016665,0.4299562311215522,0.5443097849672873,0.28341077559602657,0.37583342577647766,0.44480999232241425
634,91,4,PX-004,lagged temporal recursion,0.6023878059247014,0.4165270570016665,0.4299562311215522,0.5386822316784552,0.2988513308999732,0.37583342577647766,0.44480999232241425
635,91,5,PX-005,false signal injection,0.6023878059247014,0.4165270570016665,0.4299562311215522,0.5386822316784552,0.32378010149151004,0.37583342577647766,0.44480999232241425
636,91,6,PX-006,signal to unstable utterance,0.6023878059247014,0.4165270570016665,0.4299562311215522,0.5386822316784552,0.32378010149151004,0.37602899173665777,0.4508068492014571
637,91,7,PX-007,silence feedback reset,0.56702542345298,0.3998425564624142,0.4299562311215522,0.5386822316784552,0.283430832661297,0.37602899173665777,0.44506914066877484
638,92,1,PX-001,amplify identity fracture,0.5935585430879188,0.3945038289721882,0.4299562311215522,0.5386822316784552,0.283430832661297,0.37602899173665777,0.44506914066877484
639,92,2,PX-002,fracture to access recursion,0.5935585430879188,0.4165465506027179,0.4299562311215522,0.5444470414322377,0.283430832661297,0.37602899173665777,0.44506914066877484
640,92,3,PX-003,negation to lock formation,0.6022991259682287,0.4165465506027179,0.43010292044104326,0.5444470414322377,0.283430832661297,0.37602899173665777,0.44506914066877484
641,92,4,PX-004,lagged temporal recursion,0.6022991259682287,0.4165465506027179,0.43010292044104326,0.5387978377867173,0.29887426938076583,0.37602899173665777,0.44506914066877484
642,92,5,PX-005,false signal injection,0.6022991259682287,0.4165465506027179,0.43010292044104326,0.5387978377867173,0.3238135821648308,0.37602899173665777,0.44506914066877484
643,92,6,PX-006,signal to unstable utterance,0.6022991259682287,0.4165465506027179,0.43010292044104326,0.5387978377867173,0.3238135821648308,0.37620462179468456,0.4510680714969702
644,92,7,PX-007,silence feedback reset,0.5669244457184839,0.399851926363213,0.43010292044104326,0.5387978377867173,0.2834375452377324,0.37620462179468456,0.44531835545147747
645,93,1,PX-001,amplify identity fracture,0.5934541560584419,0.39451008429504786,0.43010292044104326,0.5387978377867173,0.2834375452377324,0.37620462179468456,0.44531835545147747
646,93,2,PX-002,fracture to access recursion,0.5934541560584419,0.4165469206127252,0.43010292044104326,0.5445612080002135,0.2834375452377324,0.37620462179468456,0.44531835545147747
647,93,3,PX-003,negation to lock formation,0.60219952866069,0.4165469206127252,0.43022811486447404,0.5445612080002135,0.2834375452377324,0.37620462179468456,0.44531835545147747
648,93,4,PX-004,lagged temporal recursion,0.60219952866069,0.4165469206127252,0.43022811486447404,0.5388917307526871,0.2988835284953017,0.37620462179468456,0.44531835545147747
649,93,5,PX-005,false signal injection,0.60219952866069,0.4165469206127252,0.43022811486447404,0.5388917307526871,0.32383232944212875,0.37620462179468456,0.44531835545147747
650,93,6,PX-006,signal to unstable utterance,0.60219952866069,0.4165469206127252,0.43022811486447404,0.5388917307526871,0.32383232944212875,0.3763606602624631,0.4513189197939768
651,93,7,PX-007,silence feedback reset,0.5668144040661027,0.39984337333678177,0.43022811486447404,0.5388917307526871,0.28343240915942636,0.3763606602624631,0.44555597592631585
652,94,1,PX-001,amplify identity fracture,0.5933415023970822,0.3944987952040396,0.43022811486447404,0.5388917307526871,0.28343240915942636,0.3763606602624631,0.44555597592631585
653,94,2,PX-002,fracture to access recursion,0.5933415023970822,0.41653040773995303,0.43022811486447404,0.5446536992147426,0.28343240915942636,0.3763606602624631,0.44555597592631585
654,94,3,PX-003,negation to lock formation,0.6020914292079013,0.41653040773995303,0.43033291385259564,0.5446536992147426,0.28343240915942636,0.3763606602624631,0.44555597592631585
655,94,4,PX-004,lagged temporal recursion,0.6020914292079013,0.41653040773995303,0.43033291385259564,0.5389653936778438,0.29888061450719333,0.3763606602624631,0.44555597592631585
656,94,5,PX-005,false signal injection,0.6020914292079013,0.41653040773995303,0.43033291385259564,0.5389653936778438,0.3238378646587596,0.3763606602624631,0.44555597592631585
657,94,6,PX-006,signal to unstable utterance,0.6020914292079013,0.41653040773995303,0.43033291385259564,0.5389653936778438,0.3238378646587596,0.3764976340421807,0.4515577668973548
658,94,7,PX-007,silence feedback reset,0.566697615901497,0.39981909944315736,0.43033291385259564,0.5389653936778438,0.2834168799852733,0.3764976340421807,0.4457806677433588
659,95,1,PX-001,amplify identity fracture,0.5932228345113776,0.39447215068936775,0.43033291385259564,0.5389653936778438,0.2834168799852733,0.3764976340421807,0.4457806677433588
660,95,2,PX-002,fracture to access recursion,0.5932228345113776,0.41649918273600217,0.43033291385259564,0.5447260097802296,0.2834168799852733,0.3764976340421807,0.4457806677433588
661,95,3,PX-003,negation to lock formation,0.6019770557899667,0.41649918273600217,0.4304185200795903,0.5447260097802296,0.2834168799852733,0.3764976340421807,0.4457806677433588
662,95,4,PX-004,lagged temporal recursion,0.6019770557899667,0.41649918273600217,0.4304185200795903,0.5390203654111394,0.298866995793185,0.3764976340421807,0.4457806677433588
663,95,5,PX-005,false signal injection,0.6019770557899667,0.41649918273600217,0.4304185200795903,0.5390203654111394,0.32383168129512024,0.3764976340421807,0.4457806677433588
664,95,6,PX-006,signal to unstable utterance,0.6019770557899667,0.41649918273600217,0.4304185200795903,0.5390203654111394,0.32383168129512024,0.37661622523811866,0.45178331272873
665,95,7,PX-007,silence feedback reset,0.5665762027191569,0.39978122791433235,0.4304185200795903,0.5390203654111394,0.28339236072889673,0.37661622523811866,0.4459913999203449
666,96,1,PX-001,amplify identity fracture,0.593100208449006,0.3944322582293507,0.4304185200795903,0.5390203654111394,0.28339236072889673,0.37661622523811866,0.4459913999203449
667,96,2,PX-002,fracture to access recursion,0.593100208449006,0.416455329529637,0.4304185200795903,0.5447796881800141,0.28339236072889673,0.37661622523811866,0.4459913999203449
668,96,3,PX-003,negation to lock formation,0.60185844597835,0.416455329529637,0.43048621361834105,0.5447796881800141,0.28339236072889673,0.37661622523811866,0.4459913999203449
669,96,4,PX-004,lagged temporal recursion,0.60185844597835,0.416455329529637,0.43048621361834105,0.5390582165036804,0.29884409016723246,0.37661622523811866,0.4459913999203449
670,96,5,PX-005,false signal injection,0.60185844597835,0.416455329529637,0.43048621361834105,0.5390582165036804,0.3238152308801555,0.37661622523811866,0.4459913999203449
671,96,6,PX-006,signal to unstable utterance,0.60185844597835,0.416455329529637,0.43048621361834105,0.5390582165036804,0.3238152308801555,0.37671724517322214,0.4519945608009217
672,96,7,PX-007,silence feedback reset,0.5664520888253384,0.3997317878784181,0.43048621361834105,0.5390582165036804,0.28336019170808435,0.37671724517322214,0.4461874210323049
673,97,1,PX-001,amplify identity fracture,0.5929754834057748,0.394381129012275,0.43048621361834105,0.5390582165036804,0.28336019170808435,0.37671724517322214,0.4461874210323049
674,97,2,PX-002,fracture to access recursion,0.5929754834057748,0.4164008313715846,0.43048621361834105,0.5448163127595335,0.28336019170808435,0.37671724517322214,0.4461874210323049
675,97,3,PX-003,negation to lock formation,0.60173744580098,0.4164008313715846,0.4305373282435579,0.5448163127595335,0.28336019170808435,0.37671724517322214,0.4461874210323049
676,97,4,PX-004,lagged temporal recursion,0.60173744580098,0.4164008313715846,0.4305373282435579,0.5390805276120806,0.2988132543465574,0.37671724517322214,0.4461874210323049
677,97,5,PX-005,false signal injection,0.60173744580098,0.4164008313715846,0.4305373282435579,0.5390805276120806,0.3237899110938412,0.37671724517322214,0.4461874210323049
678,97,6,PX-006,signal to unstable utterance,0.60173744580098,0.4164008313715846,0.4305373282435579,0.5390805276120806,0.3237899110938412,0.3768016099528674,0.4521907939689222
679,97,7,PX-007,silence feedback reset,0.5663270025202523,0.3996727019984998,0.4305373282435579,0.5390805276120806,0.283321642380038,0.3768016099528674,0.44636823498443706
680,98,1,PX-001,amplify identity fracture,0.5928503235894129,0.39432066604162386,0.4305373282435579,0.5390805276120806,0.283321642380038,0.3768016099528674,0.44636823498443706
681,98,2,PX-002,fracture to access recursion,0.5928503235894129,0.4163375598025202,0.4305373282435579,0.5448374702640641,0.283321642380038,0.3768016099528674,0.44636823498443706
682,98,3,PX-003,negation to lock formation,0.6016157111503542,0.4163375598025202,0.4305732298852098,0.5448374702640641,0.283321642380038,0.3768016099528674,0.44636823498443706
683,98,4,PX-004,lagged temporal recursion,0.6016157111503542,0.4163375598025202,0.4305732298852098,0.5390888703148077,0.29877577542757466,0.3768016099528674,0.44636823498443706
684,98,5,PX-005,false signal injection,0.6016157111503542,0.4163375598025202,0.4305732298852098,0.5390888703148077,0.32375705594670545,0.3768016099528674,0.44636823498443706
685,98,6,PX-006,signal to unstable utterance,0.6016157111503542,0.4163375598025202,0.4305732298852098,0.5390888703148077,0.32375705594670545,0.3768703176828914,0.45237154982235034
686,98,7,PX-007,silence feedback reset,0.5662024794282448,0.3996057768302191,0.4305732298852098,0.5390888703148077,0.2832779050182606,0.3768703176828914,0.4465335766977544
687,99,1,PX-001,amplify identity fracture,0.5927262021347729,0.3942526549263066,0.4305732298852098,0.5390888703148077,0.2832779050182606,0.3768703176828914,0.4465335766977544
688,99,2,PX-002,fracture to access recursion,0.5927262021347729,0.41626726624217175,0.4305732298852098,0.5448447367928471,0.2832779050182606,0.3768703176828914,0.4465335766977544
689,99,3,PX-003,negation to lock formation,0.6014947112371589,0.41626726624217175,0.43059529723479284,0.5448447367928471,0.2832779050182606,0.3768703176828914,0.4465335766977544
690,99,4,PX-004,lagged temporal recursion,0.6014947112371589,0.41626726624217175,0.43059529723479284,0.5390847902814728,0.29873286422879375,0.3768703176828914,0.4465335766977544
691,99,5,PX-005,false signal injection,0.6014947112371589,0.41626726624217175,0.43059529723479284,0.5390847902814728,0.32371792790186055,0.3768703176828914,0.4465335766977544
692,99,6,PX-006,signal to unstable utterance,0.6014947112371589,0.41626726624217175,0.43059529723479284,0.5390847902814728,0.32371792790186055,0.37692442741623866,0.45253659604620206
693,99,7,PX-007,silence feedback reset,0.5660798676760769,0.39953269569031263,0.43059529723479284,0.5390847902814728,0.28323009008025396,0.37692442741623866,0.4466833879997197
694,100,1,PX-001,amplify identity fracture,0.5926044067773633,0.3941787571464843,0.43059529723479284,0.5390847902814728,0.28323009008025396,0.37692442741623866,0.4466833879997197
695,100,2,PX-002,fracture to access recursion,0.5926044067773633,0.4161915759879279,0.43059529723479284,0.5448396611073596,0.28323009008025396,0.37692442741623866,0.4466833879997197
696,100,3,PX-003,negation to lock formation,0.6013757338026325,0.4161915759879279,0.4306049044804395,0.5448396611073596,0.28323009008025396,0.37692442741623866,0.4466833879997197
697,100,4,PX-004,lagged temporal recursion,0.6013757338026325,0.4161915759879279,0.4306049044804395,0.5390697927141949,0.29868565035082234,0.37692442741623866,0.4466833879997197
698,100,5,PX-005,false signal injection,0.6013757338026325,0.4161915759879279,0.4306049044804395,0.5390697927141949,0.3236737117962621,0.37692442741623866,0.4466833879997197
699,100,6,PX-006,signal to unstable utterance,0.6013757338026325,0.4161915759879279,0.4306049044804395,0.5390697927141949,0.3236737117962621,0.37696503987271784,0.4526859060389636
700,100,7,PX-007,silence feedback reset,0.5659603346334398,0.3994550138210586,0.4306049044804395,0.5390697927141949,0.2831792231119172,0.37696503987271784,0.4468177939754774
701,101,1,PX-001,amplify identity fracture,0.5924860470060359,0.3941005055790195,0.4306049044804395,0.5390697927141949,0.2831792231119172,0.37696503987271784,0.4468177939754774
702,101,2,PX-002,fracture to access recursion,0.5924860470060359,0.4161119844060556,0.4306049044804395,0.5448237502109866,0.2831792231119172,0.37696503987271784,0.4468177939754774
703,101,3,PX-003,negation to lock formation,0.6012598918161436,0.4161119844060556,0.4306034061237471,0.5448237502109866,0.2831792231119172,0.37696503987271784,0.4468177939754774
704,101,4,PX-004,lagged temporal recursion,0.6012598918161436,0.4161119844060556,0.4306034061237471,0.5390453299627783,0.29863517879998963,0.37696503987271784,0.4468177939754774
705,101,5,PX-005,false signal injection,0.6012598918161436,0.4161119844060556,0.4306034061237471,0.5390453299627783,0.3236255104125739,0.37696503987271784,0.4468177939754774
706,101,6,PX-006,signal to unstable utterance,0.6012598918161436,0.4161119844060556,0.4306034061237471,0.5390453299627783,0.3236255104125739,0.37699327994945653,0.45281963504022427
707,101,7,PX-007,silence feedback reset,0.5658448749459699,0.3993741556323532,0.4306034061237471,0.5390453299627783,0.28312624303414746,0.37699327994945653,0.44693707999978954
708,102,1,PX-001,amplify identity fracture,0.5923720624315821,0.394019302063982,0.4306034061237471,0.5390453299627783,0.28312624303414746,0.37699327994945653,0.44693707999978954
709,102,2,PX-002,fracture to access recursion,0.5923720624315821,0.4160298550971422,0.4306034061237471,0.5447984571002364,0.28312624303414746,0.37699327994945653,0.44693707999978954
710,102,3,PX-003,negation to lock formation,0.6011481313997047,0.4160298550971422,0.4305921238114123,0.5447984571002364,0.28312624303414746,0.37699327994945653,0.44693707999978954
711,102,4,PX-004,lagged temporal recursion,0.6011481313997047,0.4160298550971422,0.4305921238114123,0.5390127912013009,0.2985824080213926,0.37699327994945653,0.44693707999978954
712,102,5,PX-005,false signal injection,0.6011481313997047,0.4160298550971422,0.4305921238114123,0.5390127912013009,0.3235743415506536,0.37699327994945653,0.44693707999978954
713,102,6,PX-006,signal to unstable utterance,0.6011481313997047,0.4160298550971422,0.4305921238114123,0.5390127912013009,0.3235743415506536,0.3770102810157245,0.45293809698422066
714,102,7,PX-007,silence feedback reset,0.5657343196086829,0.3992914138034574,0.4305921238114123,0.5390127912013009,0.2830720016591884,0.3770102810157245,0.4470416696357424
715,103,1,PX-001,amplify identity fracture,0.5922632321254246,0.39393641679451996,0.4305921238114123,0.5390127912013009,0.2830720016591884,0.3770102810157245,0.4470416696357424
716,103,2,PX-002,fracture to access recursion,0.5922632321254246,0.41594641981917796,0.4305921238114123,0.5447651705737685,0.2830720016591884,0.3770102810157245,0.4470416696357424
717,103,3,PX-003,negation to lock formation,0.601041240737882,0.41594641981917796,0.4305723350981945,0.5447651705737685,0.2830720016591884,0.3770102810157245,0.4470416696357424
718,103,4,PX-004,lagged temporal recursion,0.601041240737882,0.41594641981917796,0.4305723350981945,0.5389734940426225,0.2985282091888976,0.3770102810157245,0.4470416696357424
719,103,5,PX-005,false signal injection,0.601041240737882,0.41594641981917796,0.4305723350981945,0.5389734940426225,0.32352113644786606,0.3770102810157245,0.4470416696357424
720,103,6,PX-006,signal to unstable utterance,0.601041240737882,0.41594641981917796,0.4305723350981945,0.5389734940426225,0.32352113644786606,0.37701717096485526,0.45304174226159744
721,103,7,PX-007,silence feedback reset,0.5656293458464442,0.399207950029823,0.4305723350981945,0.5389734940426225,0.28301726428831486,0.37701717096485526,0.44713210355398875
722,104,1,PX-001,amplify identity fracture,0.5921601847010487,0.3938529893162537,0.4305723350981945,0.5389734940426225,0.28301726428831486,0.37701717096485526,0.44713210355398875
723,104,2,PX-002,fracture to access recursion,0.5921601847010487,0.41586277995630594,0.4305723350981945,0.5447252069746519,0.28301726428831486,0.37701717096485526,0.44713210355398875
724,104,3,PX-003,negation to lock formation,0.6009398597493307,0.41586277995630594,0.43054526404423793,0.5447252069746519,0.28301726428831486,0.37701717096485526,0.44713210355398875
725,104,4,PX-004,lagged temporal recursion,0.6009398597493307,0.41586277995630594,0.43054526404423793,0.5389286779590784,0.29847336660337814,0.37701717096485526,0.44713210355398875
726,104,5,PX-005,false signal injection,0.6009398597493307,0.41586277995630594,0.43054526404423793,0.5389286779590784,0.3234667393997778,0.37701717096485526,0.44713210355398875
727,104,6,PX-006,signal to unstable utterance,0.6009398597493307,0.41586277995630594,0.43054526404423793,0.5389286779590784,0.3234667393997778,0.3770150599779571,0.45313113653934467
728,104,7,PX-007,silence feedback reset,0.5655304875874096,0.39912479720634225,0.43054526404423793,0.5389286779590784,0.28296271124809286,0.3770150599779571,0.447209019595955
729,105,1,PX-001,amplify identity fracture,0.5920634089298858,0.3937700309286898,0.43054526404423793,0.5389286779590784,0.28296271124809286,0.3770150599779571,0.447209019595955
730,105,2,PX-002,fracture to access recursion,0.5920634089298858,0.4157799093282142,0.43054526404423793,0.5446798037332388,0.28296271124809286,0.3770150599779571,0.447209019595955
731,105,3,PX-003,negation to lock formation,0.6008444903145908,0.4157799093282142,0.4305120735391771,0.5446798037332388,0.28296271124809286,0.3770150599779571,0.447209019595955
732,105,4,PX-004,lagged temporal recursion,0.6008444903145908,0.4157799093282142,0.4305120735391771,0.5388794993719678,0.2984185790558393,0.3770150599779571,0.447209019595955
733,105,5,PX-005,false signal injection,0.6008444903145908,0.4157799093282142,0.4305120735391771,0.5388794993719678,0.32341190843689543,0.3770150599779571,0.447209019595955
734,105,6,PX-006,signal to unstable utterance,0.6008444903145908,0.4157799093282142,0.4305120735391771,0.5388794993719678,0.32341190843689543,0.37700502993886204,0.45320694075858065
735,105,7,PX-007,silence feedback reset,0.5654381463349245,0.3990428628464096,0.4305120735391771,0.5388794993719678,0.28290894022933455,0.37700502993886204,0.4472731340762333
736,106,1,PX-001,amplify identity fracture,0.5919732647026725,0.39368842828952766,0.4305120735391771,0.5388794993719678,0.28290894022933455,0.37700502993886204,0.4472731340762333
737,106,2,PX-002,fracture to access recursion,0.5919732647026725,0.41569865814399337,0.4305120735391771,0.5446301145725806,0.28290894022933455,0.37700502993886204,0.4472731340762333
738,106,3,PX-003,negation to lock formation,0.6007555068734488,0.41569865814399337,0.43047385923751585,0.5446301145725806,0.28290894022933455,0.37700502993886204,0.4472731340762333
739,106,4,PX-004,lagged temporal recursion,0.6007555068734488,0.41569865814399337,0.43047385923751585,0.538827028269161,0.29836446201871897,0.37700502993886204,0.4472731340762333
740,106,5,PX-005,false signal injection,0.6007555068734488,0.41569865814399337,0.43047385923751585,0.538827028269161,0.3233573169186474,0.37700502993886204,0.4472731340762333
741,106,6,PX-006,signal to unstable utterance,0.6007555068734488,0.41569865814399337,0.43047385923751585,0.538827028269161,0.3233573169186474,0.3769881254271745,0.4532698924017351
742,106,7,PX-007,silence feedback reset,0.5653526022628472,0.39896293354590634,0.43047385923751585,0.538827028269161,0.28285646930067976,0.3769881254271745,0.4473252243934083
743,107,1,PX-001,amplify identity fracture,0.5918899941665469,0.39360894803271407,0.43047385923751585,0.538827028269161,0.28285646930067976,0.3769881254271745,0.4473252243934083
744,107,2,PX-002,fracture to access recursion,0.5918899941665469,0.41561975791462186,0.43047385923751585,0.5445772062351871,0.28285646930067976,0.3769881254271745,0.4473252243934083
745,107,3,PX-003,negation to lock formation,0.6006731672238189,0.41561975791462186,0.4304316449842879,0.5445772062351871,0.28285646930067976,0.3769881254271745,0.4473252243934083
746,107,4,PX-004,lagged temporal recursion,0.6006731672238189,0.41561975791462186,0.4304316449842879,0.5387722462089604,0.29831155053624364,0.3769881254271745,0.4473252243934083
747,107,5,PX-005,false signal injection,0.6006731672238189,0.41561975791462186,0.4304316449842879,0.5387722462089604,0.323303555912451,0.3769881254271745,0.4473252243934083
748,107,6,PX-006,signal to unstable utterance,0.6006731672238189,0.41561975791462186,0.4304316449842879,0.5387722462089604,0.323303555912451,0.3769653462061804,0.4533207880948537
749,107,7,PX-007,silence feedback reset,0.5652740253784019,0.39888568031222876,0.4304316449842879,0.5387722462089604,0.282805740477176,0.3769653462061804,0.44736611299489937
750,108,1,PX-001,amplify identity fracture,0.5918137328870521,0.39353224222231054,0.4304316449842879,0.5387722462089604,0.282805740477176,0.3769653462061804,0.44736611299489937
751,108,2,PX-002,fracture to access recursion,0.5918137328870521,0.4155438271496956,0.4304316449842879,0.5445220565889,0.282805740477176,0.3769653462061804,0.44736611299489937
752,108,3,PX-003,negation to lock formation,0.6005976233724485,0.4155438271496956,0.43038637960673026,0.5445220565889,0.282805740477176,0.3769653462061804,0.44736611299489937
753,108,4,PX-004,lagged temporal recursion,0.6005976233724485,0.4155438271496956,0.43038637960673026,0.5387160455690378,0.298260302692974,0.3769653462061804,0.44736611299489937
754,108,5,PX-005,false signal injection,0.6005976233724485,0.4155438271496956,0.43038637960673026,0.5387160455690378,0.32325113723317783,0.3769653462061804,0.44736611299489937
755,108,6,PX-006,signal to unstable utterance,0.6005976233724485,0.4155438271496956,0.43038637960673026,0.5387160455690378,0.32325113723317783,0.3769376411145836,0.45336046758724285
756,108,7,PX-007,silence feedback reset,0.5652024866152444,0.3988116645904228,0.43038637960673026,0.5387160455690378,0.2827571237330771,0.3769376411145836,0.4473966527200525
757,109,1,PX-001,amplify identity fracture,0.5917445209025703,0.3934588544763188,0.43038637960673026,0.5387160455690378,0.2827571237330771,0.3769376411145836,0.4473966527200525
758,109,2,PX-002,fracture to access recursion,0.5917445209025703,0.4154713776762623,0.43038637960673026,0.5444655539704595,0.2827571237330771,0.3769376411145836,0.4473966527200525
759,109,3,PX-003,negation to lock formation,0.6005289323056113,0.4154713776762623,0.430338934946399,0.5444655539704595,0.2827571237330771,0.3769376411145836,0.4473966527200525
760,109,4,PX-004,lagged temporal recursion,0.6005289323056113,0.4154713776762623,0.430338934946399,0.5386592299015687,0.29821110354837016,0.3769376411145836,0.4473966527200525
761,109,5,PX-005,false signal injection,0.6005289323056113,0.4154713776762623,0.430338934946399,0.5386592299015687,0.3232004970263866,0.3769376411145836,0.4473966527200525
762,109,6,PX-006,signal to unstable utterance,0.6005289323056113,0.4154713776762623,0.430338934946399,0.5386592299015687,0.3232004970263866,0.37690590326535556,0.4533897991295133
763,109,7,PX-007,silence feedback reset,0.5651379687372743,0.39874134483105006,0.430338934946399,0.5386592299015687,0.2827109213571218,0.37690590326535556,0.447417713526677
764,110,1,PX-001,amplify identity fracture,0.591682313556338,0.3933892266072642,0.430338934946399,0.5386592299015687,0.2827109213571218,0.37690590326535556,0.447417713526677
765,110,2,PX-002,fracture to access recursion,0.591682313556338,0.41540282143035284,0.430338934946399,0.5444084976277609,0.2827109213571218,0.37690590326535556,0.447417713526677
766,110,3,PX-003,negation to lock formation,0.6004670665651325,0.41540282143035284,0.43029010500658366,0.5444084976277609,0.2827109213571218,0.37690590326535556,0.447417713526677
767,110,4,PX-004,lagged temporal recursion,0.6004670665651325,0.41540282143035284,0.43029010500658366,0.5386025152593803,0.29816426943412727,0.37690590326535556,0.447417713526677
768,110,5,PX-005,false signal injection,0.6004670665651325,0.41540282143035284,0.43029010500658366,0.5386025152593803,0.32315199978712705,0.37690590326535556,0.447417713526677
769,110,6,PX-006,signal to unstable utterance,0.6004670665651325,0.41540282143035284,0.43029010500658366,0.5386025152593803,0.32315199978712705,0.37687096645120904,0.4534096662522414
770,110,7,PX-007,silence feedback reset,0.5650803769507131,0.3986750834573203,0.43029010500658366,0.5386025152593803,0.28266737255762664,0.37687096645120904,0.44743017058943996
771,111,1,PX-001,amplify identity fracture,0.5916269920079654,0.39332370563928826,0.43029010500658366,0.5386025152593803,0.28266737255762664,0.37687096645120904,0.44743017058943996
772,111,2,PX-002,fracture to access recursion,0.5916269920079654,0.41533847758477704,0.43029010500658366,0.5443515991255887,0.28266737255762664,0.37687096645120904,0.44743017058943996
773,111,3,PX-003,negation to lock formation,0.6004119245314669,0.41533847758477704,0.43024060609180836,0.5443515991255887,0.28266737255762664,0.37687096645120904,0.44743017058943996
774,111,4,PX-004,lagged temporal recursion,0.6004119245314669,0.41533847758477704,0.43024060609180836,0.5385465323627985,0.29812005252001805,0.37687096645120904,0.44743017058943996
775,111,5,PX-005,false signal injection,0.6004119245314669,0.41533847758477704,0.43024060609180836,0.5385465323627985,0.3231059427147449,0.37687096645120904,0.44743017058943996
776,111,6,PX-006,signal to unstable utterance,0.6004119245314669,0.41533847758477704,0.43024060609180836,0.5385465323627985,0.3231059427147449,0.37683360265414984,0.453420955930894
777,111,7,PX-007,silence feedback reset,0.5650295491379915,0.39861315410204456,0.43024060609180836,0.5385465323627985,0.2826266582336944,0.37683360265414984,0.4474348937439442
778,112,1,PX-001,amplify identity fracture,0.5915783733421858,0.39326255107452696,0.43024060609180836,0.5385465323627985,0.2826266582336944,0.37683360265414984,0.4474348937439442
779,112,2,PX-002,fracture to access recursion,0.5915783733421858,0.4152785798897386,0.43024060609180836,0.5442954845845657,0.2826266582336944,0.37683360265414984,0.4474348937439442
780,112,3,PX-003,negation to lock formation,0.60036334033102,0.4152785798897386,0.4301910778194161,0.5442954845845657,0.2826266582336944,0.37683360265414984,0.4474348937439442
781,112,4,PX-004,lagged temporal recursion,0.60036334033102,0.4152785798897386,0.4301910778194161,0.5384918294826961,0.29807864556288854,0.37683360265414984,0.4474348937439442
782,112,5,PX-005,false signal injection,0.60036334033102,0.4152785798897386,0.4301910778194161,0.5384918294826961,0.32306256031279623,0.37683360265414984,0.4474348937439442
783,112,6,PX-006,signal to unstable utterance,0.60036334033102,0.4152785798897386,0.4301910778194161,0.5384918294826961,0.32306256031279623,0.3767945205560096,0.4534245481082823
784,112,7,PX-007,silence feedback reset,0.5649852656419809,0.39855574899789675,0.4301910778194161,0.5384918294826961,0.28258890583759166,0.3767945205560096,0.447432738237814
785,113,1,PX-001,amplify identity fracture,0.5915362202073369,0.3932059422944602,0.4301910778194161,0.5384918294826961,0.28258890583759166,0.3767945205560096,0.447432738237814
786,113,2,PX-002,fracture to access recursion,0.5915362202073369,0.41522328411565745,0.4301910778194161,0.5442406976289482,0.28258890583759166,0.3767945205560096,0.447432738237814
787,113,3,PX-003,negation to lock formation,0.6003210932993893,0.41522328411565745,0.4301420848875096,0.5442406976289482,0.28258890583759166,0.3767945205560096,0.447432738237814
788,113,4,PX-004,lagged temporal recursion,0.6003210932993893,0.41522328411565745,0.4301420848875096,0.5384388759218485,0.29804018676217847,0.3767945205560096,0.447432738237814
789,113,5,PX-005,false signal injection,0.6003210932993893,0.41522328411565745,0.4301420848875096,0.5384388759218485,0.32302202915178324,0.3767945205560096,0.447432738237814
790,113,6,PX-006,signal to unstable utterance,0.6003210932993893,0.41522328411565745,0.4301420848875096,0.5384388759218485,0.32302202915178324,0.376754364947637,0.45342130653351986
791,113,7,PX-007,silence feedback reset,0.5649472585430219,0.3985029864171523,0.4301420848875096,0.5384388759218485,0.28255419426180445,0.376754364947637,0.44742453673960625
792,114,1,PX-001,amplify identity fracture,0.5915002499297689,0.39315398599454104,0.4301420848875096,0.5384388759218485,0.28255419426180445,0.376754364947637,0.44742453673960625
793,114,2,PX-002,fracture to access recursion,0.5915002499297689,0.4151726755001023,0.4301420848875096,0.5441877029255593,0.28255419426180445,0.376754364947637,0.44742453673960625
794,114,3,PX-003,negation to lock formation,0.6002849169456589,0.4151726755001023,0.4300941194886755,0.5441877029255593,0.28255419426180445,0.376754364947637,0.44742453673960625
795,114,4,PX-004,lagged temporal recursion,0.6002849169456589,0.4151726755001023,0.4300941194886755,0.5383880659838809,0.29800476465378983,0.376754364947637,0.44742453673960625
796,114,5,PX-005,false signal injection,0.6002849169456589,0.4151726755001023,0.4300941194886755,0.5383880659838809,0.3229844727208486,0.376754364947637,0.44742453673960625
797,114,6,PX-006,signal to unstable utterance,0.6002849169456589,0.4151726755001023,0.4300941194886755,0.5383880659838809,0.3229844727208486,0.3767137169363336,0.4534120708661551
798,114,7,PX-007,silence feedback reset,0.5649152203840201,0.39845491806937094,0.4300941194886755,0.5383880659838809,0.2825225586923733,0.3767137169363336,0.44741109254771705
799,115,1,PX-001,amplify identity fracture,0.5914701430629687,0.3931067235626381,0.4300941194886755,0.5383880659838809,0.2825225586923733,0.3767137169363336,0.44741109254771705
800,115,2,PX-002,fracture to access recursion,0.5914701430629687,0.4151267761128204,0.4300941194886755,0.5441368902033804,0.2825225586923733,0.3767137169363336,0.44741109254771705
801,115,3,PX-003,negation to lock formation,0.6002545073752885,0.4151267761128204,0.4300476042647609,0.5441368902033804,0.2825225586923733,0.3767137169363336,0.44741109254771705
802,115,4,PX-004,lagged temporal recursion,0.6002545073752885,0.4151267761128204,0.4300476042647609,0.5383397233267093,0.2979724229822414,0.3767137169363336,0.44741109254771705
803,115,5,PX-005,false signal injection,0.6002545073752885,0.4151267761128204,0.4300476042647609,0.5383397233267093,0.322949966302741,0.3767137169363336,0.44741109254771705
804,115,6,PX-006,signal to unstable utterance,0.6002545073752885,0.4151267761128204,0.4300476042647609,0.5383397233267093,0.322949966302741,0.37667309485399547,0.45339764998570076
805,115,7,PX-007,silence feedback reset,0.5648888123106,0.3984115363772908,0.4300476042647609,0.5383397233267093,0.2824939953777947,0.37667309485399547,0.44739317393454203
806,116,1,PX-001,amplify identity fracture,0.5914455513416732,0.39306413832353165,0.4300476042647609,0.5383397233267093,0.2824939953777947,0.37667309485399547,0.44739317393454203
807,116,2,PX-002,fracture to access recursion,0.5914455513416732,0.41508555206440584,0.4300476042647609,0.5440885786509835,0.2824939953777947,0.37667309485399547,0.44739317393454203
808,116,3,PX-003,negation to lock formation,0.6002295311404718,0.41508555206440584,0.4300028957043446,0.5440885786509835,0.2824939953777947,0.37667309485399547,0.44739317393454203
809,116,4,PX-004,lagged temporal recursion,0.6002295311404718,0.41508555206440584,0.4300028957043446,0.5382941056052685,0.2979431654987755,0.37667309485399547,0.44739317393454203
810,116,5,PX-005,false signal injection,0.6002295311404718,0.41508555206440584,0.4300028957043446,0.5382941056052685,0.32291854181422125,0.37667309485399547,0.44739317393454203
811,116,6,PX-006,signal to unstable utterance,0.6002295311404718,0.41508555206440584,0.4300028957043446,0.5382941056052685,0.32291854181422125,0.37663295577209477,0.45337881644006184
812,116,7,PX-007,silence feedback reset,0.5648676716039278,0.3983727815624373,0.4300028957043446,0.5382941056052685,0.28246846627002153,0.37663295577209477,0.44737150955584076
813,117,1,PX-001,amplify identity fracture,0.5914261050216371,0.39302616258283085,0.4300028957043446,0.5382941056052685,0.28246846627002153,0.37663295577209477,0.44737150955584076
814,117,2,PX-002,fracture to access recursion,0.5914261050216371,0.4150489204950976,0.4300028957043446,0.5440430215969112,0.28246846627002153,0.37663295577209477,0.44737150955584076
815,117,3,PX-003,negation to lock formation,0.6002096324971252,0.4150489204950976,0.4299602878912935,0.5440430215969112,0.28246846627002153,0.37663295577209477,0.44737150955584076
816,117,4,PX-004,lagged temporal recursion,0.6002096324971252,0.4150489204950976,0.4299602878912935,0.5382514093163708,0.2979169606403855,0.37663295577209477,0.44737150955584076
817,117,5,PX-005,false signal injection,0.6002096324971252,0.4150489204950976,0.4299602878912935,0.5382514093163708,0.322890192561575,0.37663295577209477,0.44737150955584076
818,117,6,PX-006,signal to unstable utterance,0.6002096324971252,0.4150489204950976,0.4299602878912935,0.5382514093163708,0.322890192561575,0.37659369753396493,0.45335630196123644
819,117,7,PX-007,silence feedback reset,0.5648514185933824,0.39833854848254013,0.4299602878912935,0.5382514093163708,0.28244590350088306,0.37659369753396493,0.44734678485140356
820,118,1,PX-001,amplify identity fracture,0.5914114195950378,0.39299268441415897,0.4299602878912935,0.5382514093163708,0.28244590350088306,0.37659369753396493,0.44734678485140356
821,118,2,PX-002,fracture to access recursion,0.5914114195950378,0.4150167562905012,0.4299602878912935,0.5440004113861877,0.28244590350088306,0.37659369753396493,0.44734678485140356
822,118,3,PX-003,negation to lock formation,0.6001944400569129,0.4150167562905012,0.42992001651979517,0.5440004113861877,0.28244590350088306,0.37659369753396493,0.44734678485140356
823,118,4,PX-004,lagged temporal recursion,0.6001944400569129,0.4150167562905012,0.42992001651979517,0.538211774766621,0.297893746051597,0.37659369753396493,0.44734678485140356
824,118,5,PX-005,false signal injection,0.6001944400569129,0.4150167562905012,0.42992001651979517,0.538211774766621,0.3228648778679923,0.37659369753396493,0.44734678485140356
825,118,6,PX-006,signal to unstable utterance,0.6001944400569129,0.4150167562905012,0.42992001651979517,0.538211774766621,0.3228648778679923,0.3765556612196915,0.4533307939729882
826,118,7,PX-007,silence feedback reset,0.5648396629447598,0.39830869317277867,0.42992001651979517,0.538211774766621,0.2824262136635603,0.3765556612196915,0.4473196393605988
827,119,1,PX-001,amplify identity fracture,0.5914011018797715,0.3929635541432515,0.42992001651979517,0.538211774766621,0.2824262136635603,0.3765556612196915,0.4473196393605988
828,119,2,PX-002,fracture to access recursion,0.5914011018797715,0.41498889848063203,0.42992001651979517,0.5439608843742487,0.2824262136635603,0.3765556612196915,0.4473196393605988
829,119,3,PX-003,negation to lock formation,0.6001835728309428,0.41498889848063203,0.4298822630983783,0.5439608843742487,0.2824262136635603,0.3765556612196915,0.4473196393605988
830,119,4,PX-004,lagged temporal recursion,0.6001835728309428,0.41498889848063203,0.4298822630983783,0.5381752910923311,0.2978734329172339,0.3765556612196915,0.4473196393605988
831,119,5,PX-005,false signal injection,0.6001835728309428,0.41498889848063203,0.4298822630983783,0.5381752910923311,0.3228425275362561,0.3765556612196915,0.4473196393605988
832,119,6,PX-006,signal to unstable utterance,0.6001835728309428,0.41498889848063203,0.4298822630983783,0.5381752910923311,0.3228425275362561,0.3765191339641427,0.4533029330128305
833,119,7,PX-007,silence feedback reset,0.5648320093272294,0.39828303905208734,0.4298822630983783,0.5381752910923311,0.2824092818745994,0.3765191339641427,0.4472906648750421
834,120,1,PX-001,amplify identity fracture,0.5913947554881748,0.39293859049170554,0.4298822630983783,0.5381752910923311,0.2824092818745994,0.3765191339641427,0.4472906648750421
835,120,2,PX-002,fracture to access recursion,0.5913947554881748,0.4149651562875815,0.4298822630983783,0.5439245259676112,0.2824092818745994,0.3765191339641427,0.4472906648750421
836,120,3,PX-003,negation to lock formation,0.6001766456690392,0.4149651562875815,0.4298471592725871,0.5439245259676112,0.2824092818745994,0.3765191339641427,0.4472906648750421
837,120,4,PX-004,lagged temporal recursion,0.6001766456690392,0.4149651562875815,0.4298471592725871,0.5381420012682515,0.2978559100803404,0.3765191339641427,0.4472906648750421
838,120,5,PX-005,false signal injection,0.6001766456690392,0.4149651562875815,0.4298471592725871,0.5381420012682515,0.32282304611641666,0.3765191339641427,0.4472906648750421
839,120,6,PX-006,signal to unstable utterance,0.6001766456690392,0.4149651562875815,0.4298471592725871,0.5381420012682515,0.32282304611641666,0.37648435205418057,0.45327331098948326
840,120,7,PX-007,silence feedback reset,0.5648280624688228,0.3982613827642574,0.4298471592725871,0.5381420012682515,0.2823949755973173,0.37648435205418057,0.4472604043503513
841,121,1,PX-001,amplify identity fracture,0.5913919856870281,0.3929175863514892,0.4298471592725871,0.5381420012682515,0.2823949755973173,0.37648435205418057,0.4472604043503513
842,121,2,PX-002,fracture to access recursion,0.5913919856870281,0.41494531479528296,0.4298471592725871,0.5438913756484854,0.2823949755973173,0.37648435205418057,0.4472604043503513
843,121,3,PX-003,negation to lock formation,0.6001732741048195,0.41494531479528296,0.42981479120306176,0.5438913756484854,0.2823949755973173,0.37648435205418057,0.4472604043503513
844,121,4,PX-004,lagged temporal recursion,0.6001732741048195,0.41494531479528296,0.42981479120306176,0.5381119070495765,0.29784104792490473,0.37648435205418057,0.4472604043503513
845,121,5,PX-005,false signal injection,0.6001732741048195,0.41494531479528296,0.42981479120306176,0.5381119070495765,0.3228063169539285,0.37648435205418057,0.4472604043503513
846,121,6,PX-006,signal to unstable utterance,0.6001732741048195,0.41494531479528296,0.42981479120306176,0.5381119070495765,0.3228063169539285,0.37645150423677604,0.453242470196831
847,121,7,PX-007,silence feedback reset,0.5648274316159002,0.39824349963135064,0.42981479120306176,0.5381119070495765,0.28238314821237,0.37645150423677604,0.4472293514996016
848,122,1,PX-001,amplify identity fracture,0.5913924036661125,0.3929003141689788,0.42981479120306176,0.5381119070495765,0.28238314821237,0.37645150423677604,0.4472293514996016
849,122,2,PX-002,fracture to access recursion,0.5913924036661125,0.41492914022231925,0.42981479120306176,0.5438614319281818,0.28238314821237,0.37645150423677604,0.4472293514996016
850,122,3,PX-003,negation to lock formation,0.6001730786222578,0.41492914022231925,0.4297852039427264,0.5438614319281818,0.28238314821237,0.37645150423677604,0.4472293514996016
851,122,4,PX-004,lagged temporal recursion,0.6001730786222578,0.41492914022231925,0.4297852039427264,0.5380849737990439,0.29782870200804595,0.37645150423677604,0.4472293514996016
852,122,5,PX-005,false signal injection,0.6001730786222578,0.41492914022231925,0.4297852039427264,0.5380849737990439,0.32279220599907354,0.37645150423677604,0.4472293514996016
853,122,6,PX-006,signal to unstable utterance,0.6001730786222578,0.41492914022231925,0.4297852039427264,0.5380849737990439,0.32279220599907354,0.37642073517552543,0.453210903006197
854,122,7,PX-007,silence feedback reset,0.5648297344168519,0.3982291487040124,0.4297852039427264,0.5380849737990439,0.28237364232571144,0.37642073517552543,0.44719795099254844
855,123,1,PX-001,amplify identity fracture,0.5913956302371677,0.39288653092423415,0.4297852039427264,0.5380849737990439,0.28237364232571144,0.37642073517552543,0.44719795099254844
856,123,2,PX-002,fracture to access recursion,0.5913956302371677,0.4149163847854652,0.4297852039427264,0.5438346571815253,0.28237364232571144,0.37642073517552543,0.44719795099254844
857,123,3,PX-003,negation to lock formation,0.6001756883640321,0.4149163847854652,0.429758405763533,0.5438346571815253,0.28237364232571144,0.37642073517552543,0.44719795099254844
858,123,4,PX-004,lagged temporal recursion,0.6001756883640321,0.4149163847854652,0.429758405763533,0.5380611351579768,0.2978187164308919,0.37642073517552543,0.44719795099254844
859,123,5,PX-005,false signal injection,0.6001756883640321,0.4149163847854652,0.429758405763533,0.5380611351579768,0.3227805653633997,0.37642073517552543,0.44719795099254844
860,123,6,PX-006,signal to unstable utterance,0.6001756883640321,0.4149163847854652,0.429758405763533,0.5380611351579768,0.3227805653633997,0.37639214899884627,0.45317905216033283
861,123,7,PX-007,silence feedback reset,0.5648346002543025,0.39821807739963805,0.429758405763533,0.5380611351579768,0.2823662928081962,0.37639214899884627,0.44716659918683566
862,124,1,PX-001,amplify identity fracture,0.5914012989888732,0.39287598269747254,0.429758405763533,0.5380611351579768,0.2823662928081962,0.37639214899884627,0.44716659918683566
863,124,2,PX-002,fracture to access recursion,0.5914012989888732,0.4149067911477225,0.429758405763533,0.5438109823215176,0.2823662928081962,0.37639214899884627,0.44716659918683566
864,124,3,PX-003,negation to lock formation,0.6001807443057864,0.4149067911477225,0.42973437238970075,0.5438109823215176,0.2823662928081962,0.37639214899884627,0.44716659918683566
865,124,4,PX-004,lagged temporal recursion,0.6001807443057864,0.4149067911477225,0.42973437238970075,0.5380402975267627,0.2978109269415047,0.37639214899884627,0.44716659918683566
866,124,5,PX-005,false signal injection,0.6001807443057864,0.4149067911477225,0.42973437238970075,0.5380402975267627,0.32277123661336843,0.37639214899884627,0.44716659918683566
867,124,6,PX-006,signal to unstable utterance,0.6001807443057864,0.4149067911477225,0.42973437238970075,0.5380402975267627,0.32277123661336843,0.37636581288885435,0.45314731159478816
868,124,7,PX-007,silence feedback reset,0.5648416730533532,0.3982100257250439,0.42973437238970075,0.5380402975267627,0.2823609295646782,0.37636581288885435,0.4471356453201269
869,125,1,PX-001,amplify identity fracture,0.5914090589265156,0.39286840882027857,0.42973437238970075,0.5380402975267627,0.2823609295646782,0.37636581288885435,0.4471356453201269
870,125,2,PX-002,fracture to access recursion,0.5914090589265156,0.4149000964499953,0.42973437238970075,0.5437903112801274,0.2823609295646782,0.37636581288885435,0.4471356453201269
871,125,3,PX-003,negation to lock formation,0.600187901923553,0.4149000964499953,0.4297130511005842,0.5437903112801274,0.2823609295646782,0.37636581288885435,0.4471356453201269
872,125,4,PX-004,lagged temporal recursion,0.600187901923553,0.4149000964499953,0.4297130511005842,0.5380223443265156,0.2978051637669147,0.37636581288885435,0.4471356453201269
873,125,5,PX-005,false signal injection,0.600187901923553,0.4149000964499953,0.4297130511005842,0.5380223443265156,0.32276405379544404,0.37636581288885435,0.4471356453201269
874,125,6,PX-006,signal to unstable utterance,0.600187901923553,0.4149000964499953,0.4297130511005842,0.5380223443265156,0.32276405379544404,0.37634176066553554,0.45311602771515985
875,125,7,PX-007,silence feedback reset,0.5648506135959789,0.39820473008532525,0.4297130511005842,0.5380223443265156,0.28235738003365485,0.37634176066553554,0.44710539309530783
876,126,1,PX-001,amplify identity fracture,0.5914185766273707,0.39286354561400894,0.4297130511005842,0.5380223443265156,0.28235738003365485,0.37634176066553554,0.44710539309530783
877,126,2,PX-002,fracture to access recursion,0.5914185766273707,0.4148960359303036,0.4297130511005842,0.5437725252673348,0.28235738003365485,0.37634176066553554,0.44710539309530783
878,126,3,PX-003,negation to lock formation,0.6001968333840183,0.4148960359303036,0.42969436467216726,0.5437725252673348,0.28235738003365485,0.37634176066553554,0.44710539309530783
879,126,4,PX-004,lagged temporal recursion,0.6001968333840183,0.4148960359303036,0.42969436467216726,0.5380071400194864,0.2978012541746222,0.37634176066553554,0.44710539309530783
880,126,5,PX-005,false signal injection,0.6001968333840183,0.4148960359303036,0.42969436467216726,0.5380071400194864,0.32275884619047773,0.37634176066553554,0.44710539309530783
881,126,6,PX-006,signal to unstable utterance,0.6001968333840183,0.4148960359303036,0.42969436467216726,0.5380071400194864,0.32275884619047773,0.3763199963262693,0.4530855010620297
882,126,7,PX-007,silence feedback reset,0.5648611013736378,0.3982019266849974,0.42969436467216726,0.5380071400194864,0.28235547142131223,0.3763199963262693,0.4470761025944923
883,127,1,PX-001,amplify identity fracture,0.5914295379445642,0.392861129722159,0.42969436467216726,0.5380071400194864,0.28235547142131223,0.3763199963262693,0.4470761025944923
884,127,2,PX-002,fracture to access recursion,0.5914295379445642,0.41489434613856496,0.42969436467216726,0.5437574867863554,0.28235547142131223,0.3763199963262693,0.4470761025944923
885,127,3,PX-003,negation to lock formation,0.6002072292891396,0.41489434613856496,0.42967821513168486,0.5437574867863554,0.28235547142131223,0.3763199963262693,0.4470761025944923
886,127,4,PX-004,lagged temporal recursion,0.6002072292891396,0.41489434613856496,0.42967821513168486,0.5379945338711667,0.2977990247668276,0.3763199963262693,0.4470761025944923
887,127,5,PX-005,false signal injection,0.6002072292891396,0.41489434613856496,0.42967821513168486,0.5379945338711667,0.32275544079845386,0.3763199963262693,0.4470761025944923
888,127,6,PX-006,signal to unstable utterance,0.6002072292891396,0.41489434613856496,0.42967821513168486,0.5379945338711667,0.32275544079845386,0.3763004975060025,0.4530559882990808
889,127,7,PX-007,silence feedback reset,0.5648728360115239,0.39820135453132827,0.42967821513168486,0.5379945338711667,0.2823550326762651,0.3763004975060025,0.4470479924614523
890,128,1,PX-001,amplify identity fracture,0.5914416492933543,0.3928609010471684,0.42967821513168486,0.5379945338711667,0.2823550326762651,0.3763004975060025,0.4470479924614523
891,128,2,PX-002,fracture to access recursion,0.5914416492933543,0.41489476775852524,0.42967821513168486,0.5437450433883474,0.2823550326762651,0.3763004975060025,0.4470479924614523
892,128,3,PX-003,negation to lock formation,0.6002188000078819,0.41489476775852524,0.42966448730500845,0.5437450433883474,0.2823550326762651,0.3763004975060025,0.4470479924614523
893,128,4,PX-004,lagged temporal recursion,0.6002188000078819,0.41489476775852524,0.42966448730500845,0.537984363441967,0.29779830351318476,0.3763004975060025,0.4470479924614523
894,128,5,PX-005,false signal injection,0.6002188000078819,0.41489476775852524,0.42966448730500845,0.537984363441967,0.3227536645574991,0.3763004975060025,0.4470479924614523
895,128,6,PX-006,signal to unstable utterance,0.6002188000078819,0.41489476775852524,0.42966448730500845,0.537984363441967,0.3227536645574991,0.37628321882837495,0.45302770446385476
896,128,7,PX-007,silence feedback reset,0.5648855382987282,0.3982027580530206,0.42966448730500845,0.537984363441967,0.28235589621337914,0.37628321882837495,0.4470212422961952
897,129,1,PX-001,amplify identity fracture,0.5914546385544385,0.39286260530530165,0.42966448730500845,0.537984363441967,0.28235589621337914,0.37628321882837495,0.4470212422961952
898,129,2,PX-002,fracture to access recursion,0.5914546385544385,0.414897048051419,0.42966448730500845,0.5437350311548127,0.28235589621337914,0.37628321882837495,0.4470212422961952
899,129,3,PX-003,negation to lock formation,0.6002312766285988,0.414897048051419,0.4296530521411769,0.5437350311548127,0.28235589621337914,0.37628321882837495,0.4470212422961952
900,129,4,PX-004,lagged temporal recursion,0.6002312766285988,0.414897048051419,0.4296530521411769,0.5379764578008277,0.29779892153005016,0.37628321882837495,0.4470212422961952
901,129,5,PX-005,false signal injection,0.6002312766285988,0.414897048051419,0.4296530521411769,0.5379764578008277,0.32275334630351216,0.37628321882837495,0.4470212422961952
902,129,6,PX-006,signal to unstable utterance,0.6002312766285988,0.414897048051419,0.4296530521411769,0.5379764578008277,0.32275334630351216,0.3762680951228352,0.4530008254247949
903,129,7,PX-007,silence feedback reset,0.5648989508589495,0.3982058893501226,0.4296530521411769,0.5379764578008277,0.28235789939681993,0.3762680951228352,0.44699599520966027
904,130,1,PX-001,amplify identity fracture,0.5914682556290954,0.39286599621587037,0.4296530521411769,0.5379764578008277,0.28235789939681993,0.3762680951228352,0.44699599520966027
905,130,2,PX-002,fracture to access recursion,0.5914682556290954,0.4149009429384276,0.4296530521411769,0.5437272779003733,0.28235789939681993,0.3762680951228352,0.44699599520966027
906,130,3,PX-003,negation to lock formation,0.600244411565877,0.4149009429384276,0.4296437698028094,0.5437272779003733,0.28235789939681993,0.3762680951228352,0.44699599520966027
907,130,4,PX-004,lagged temporal recursion,0.600244411565877,0.4149009429384276,0.4296437698028094,0.5379706404571674,0.29780071461604074,0.3762680951228352,0.44699599520966027
908,130,5,PX-005,false signal injection,0.600244411565877,0.4149009429384276,0.4296437698028094,0.5379706404571674,0.3227543184788797,0.3762680951228352,0.44699599520966027
909,130,6,PX-006,signal to unstable utterance,0.600244411565877,0.4149009429384276,0.4296437698028094,0.5379706404571674,0.3227543184788797,0.37625504448723895,0.4529754904925381
910,130,7,PX-007,silence feedback reset,0.56491283849634,0.3982105100932719,0.4296437698028094,0.5379706404571674,0.2823608857939272,0.37625504448723895,0.44697236049083644
911,131,1,PX-001,amplify identity fracture,0.5914822726807696,0.3928708373432124,0.4296437698028094,0.5379706404571674,0.2823608857939272,0.37625504448723895,0.44697236049083644
912,131,2,PX-002,fracture to access recursion,0.5914822726807696,0.4149062187410062,0.4296437698028094,0.5437216060926248,0.2823608857939272,0.37625504448723895,0.44697236049083644
913,131,3,PX-003,negation to lock formation,0.6002579788555533,0.4149062187410062,0.4296364925151004,0.5437216060926248,0.2823608857939272,0.37625504448723895,0.44697236049083644
914,131,4,PX-004,lagged temporal recursion,0.6002579788555533,0.4149062187410062,0.4296364925151004,0.5379667320111652,0.29780352455524034,0.37625504448723895,0.44697236049083644
915,131,5,PX-005,false signal injection,0.6002579788555533,0.4149062187410062,0.4296364925151004,0.5379667320111652,0.3227564186005171,0.37625504448723895,0.44697236049083644
916,131,6,PX-006,signal to unstable utterance,0.6002579788555533,0.4149062187410062,0.4296364925151004,0.5379667320111652,0.3227564186005171,0.37624397117957664,0.45295180513781286
917,131,7,PX-007,silence feedback reset,0.5649269882506494,0.3982163930921445,0.4296364925151004,0.5379667320111652,0.2823647062126756,0.37624397117957664,0.44695041634295596
918,132,1,PX-001,amplify identity fracture,0.5914964840971516,0.3928769036115308,0.4296364925151004,0.5379667320111652,0.2823647062126756,0.37624397117957664,0.44695041634295596
919,132,2,PX-002,fracture to access recursion,0.5914964840971516,0.4149126535997162,0.4296364925151004,0.543717835489343,0.2823647062126756,0.37624397117957664,0.44695041634295596
920,132,3,PX-003,negation to lock formation,0.6002717741711467,0.4149126535997162,0.4296310671696701,0.543717835489343,0.2823647062126756,0.37624397117957664,0.44695041634295596
921,132,4,PX-004,lagged temporal recursion,0.6002717741711467,0.4149126535997162,0.4296310671696701,0.5379645525255561,0.2978072002006294,0.37624397117957664,0.44695041634295596
922,132,5,PX-005,false signal injection,0.6002717741711467,0.4149126535997162,0.4296310671696701,0.5379645525255561,0.3227594904989356,0.37624397117957664,0.44695041634295596
923,132,6,PX-006,signal to unstable utterance,0.6002717741711467,0.4149126535997162,0.4296310671696701,0.5379645525255561,0.3227594904989356,0.3762347683263199,0.4529298437727084
924,132,7,PX-007,silence feedback reset,0.5649412091950775,0.39822332355432105,0.4296310671696701,0.5379645525255561,0.2823692195363803,0.3762347683263199,0.4469302126497428
925,133,1,PX-001,amplify identity fracture,0.591510706205939,0.39288398251397444,0.4296310671696701,0.5379645525255561,0.2823692195363803,0.3762347683263199,0.4469302126497428
926,133,2,PX-002,fracture to access recursion,0.591510706205939,0.4149200385933493,0.4296310671696701,0.5437157854964838,0.2823692195363803,0.3762347683263199,0.4469302126497428
927,133,3,PX-003,negation to lock formation,0.6002856145941712,0.4149200385933493,0.4296273376827364,0.5437157854964838,0.2823692195363803,0.3762347683263199,0.4469302126497428
928,133,4,PX-004,lagged temporal recursion,0.6002856145941712,0.4149200385933493,0.4296273376827364,0.5379639236248778,0.29781159835126797,0.3762347683263199,0.4469302126497428
929,133,5,PX-005,false signal injection,0.6002856145941712,0.4149200385933493,0.4296273376827364,0.5379639236248778,0.3227633853412024,0.3762347683263199,0.4469302126497428
930,133,6,PX-006,signal to unstable utterance,0.6002856145941712,0.4149200385933493,0.4296273376827364,0.5379639236248778,0.3227633853412024,0.3762273204384077,0.4529096525564521
931,133,7,PX-007,silence feedback reset,0.564955332009224,0.3982311000567413,0.4296273376827364,0.5379639236248778,0.28237429336995246,0.3762273204384077,0.4469117737369465
932,134,1,PX-001,amplify identity fracture,0.591524776776334,0.3928918750382341,0.4296273376827364,0.5379639236248778,0.28237429336995246,0.3762273204384077,0.4469117737369465
933,134,2,PX-002,fracture to access recursion,0.591524776776334,0.41492817858091713,0.4296273376827364,0.5437152772531478,0.28237429336995246,0.3762273204384077,0.4469117737369465
934,134,3,PX-003,negation to lock formation,0.6002993381697447,0.41492817858091713,0.4296251471098962,0.5437152772531478,0.28237429336995246,0.3762273204384077,0.4469117737369465
935,134,4,PX-004,lagged temporal recursion,0.6002993381697447,0.41492817858091713,0.4296251471098962,0.5379646703304823,0.297816584437469,0.3762273204384077,0.4469117737369465
936,134,5,PX-005,false signal injection,0.6002993381697447,0.41492817858091713,0.4296251471098962,0.5379646703304823,0.322767962451559,0.3762273204384077,0.4469117737369465
937,134,6,PX-006,signal to unstable utterance,0.6002993381697447,0.41492817858091713,0.4296251471098962,0.5379646703304823,0.322767962451559,0.3762215057291061,0.4528912521911284
938,134,7,PX-007,silence feedback reset,0.5649692083582508,0.3982395352525177,0.4296251471098962,0.5379646703304823,0.28237980451243505,0.3762215057291061,0.44689510109853314
939,135,1,PX-001,amplify identity fracture,0.5915385543369814,0.3929003963314745,0.4296251471098962,0.5379646703304823,0.28237980451243505,0.3762215057291061,0.44689510109853314
940,135,2,PX-002,fracture to access recursion,0.5915385543369814,0.41493689278951695,0.4296251471098962,0.5437161354520438,0.28237980451243505,0.3762215057291061,0.44689510109853314
941,135,3,PX-003,negation to lock formation,0.6003128032776457,0.41493689278951695,0.429624339522266,0.5437161354520438,0.28237980451243505,0.3762215057291061,0.44689510109853314
942,135,4,PX-004,lagged temporal recursion,0.6003128032776457,0.41493689278951695,0.429624339522266,0.5379666226416262,0.29782203302866983,0.3762215057291061,0.44689510109853314
943,135,5,PX-005,false signal injection,0.6003128032776457,0.41493689278951695,0.429624339522266,0.5379666226416262,0.3227730899441061,0.3762215057291061,0.44689510109853314
944,135,6,PX-006,signal to unstable utterance,0.6003128032776457,0.41493689278951695,0.429624339522266,0.5379666226416262,0.3227730899441061,0.37621719823087724,0.45287464067694555
945,135,7,PX-007,silence feedback reset,0.564982710107915,0.3982484563361621,0.429624339522266,0.5379666226416262,0.28238563927076205,0.37621719823087724,0.4468801760609007
946,136,1,PX-001,amplify identity fracture,0.5915519173395171,0.39290937612765753,0.429624339522266,0.5379666226416262,0.28238563927076205,0.37621719823087724,0.4468801760609007
947,136,2,PX-002,fracture to access recursion,0.5915519173395171,0.41494601517123153,0.429624339522266,0.5437181899059551,0.28238563927076205,0.37621719823087724,0.4468801760609007
948,136,3,PX-003,negation to lock formation,0.600325887847505,0.41494601517123153,0.4296247616508545,0.5437181899059551,0.28238563927076205,0.37621719823087724,0.4468801760609007
949,136,4,PX-004,lagged temporal recursion,0.600325887847505,0.41494601517123153,0.4296247616508545,0.5379696168746,0.2978278281789708,0.37621719823087724,0.4468801760609007
950,136,5,PX-005,false signal injection,0.600325887847505,0.41494601517123153,0.4296247616508545,0.5379696168746,0.3227786451823796,0.37621719823087724,0.4468801760609007
951,136,6,PX-006,signal to unstable utterance,0.600325887847505,0.41494601517123153,0.4296247616508545,0.5379696168746,0.3227786451823796,0.37621426971098204,0.45285979600068366
952,136,7,PX-007,silence feedback reset,0.5649957284035102,0.39825770529027926,0.4296247616508545,0.5379696168746,0.28239169362971933,0.37621426971098204,0.4468669623623118
953,137,1,PX-001,amplify identity fracture,0.5915647631952202,0.3929186589602657,0.4296247616508545,0.5379696168746,0.28239169362971933,0.37621426971098204,0.4468669623623118
954,137,2,PX-002,fracture to access recursion,0.5915647631952202,0.4149553945520874,0.4296247616508545,0.5437212768723456,0.28239169362971933,0.37621426971098204,0.4468669623623118
955,137,3,PX-003,negation to lock formation,0.6003384884452263,0.4149553945520874,0.429626264307833,0.5437212768723456,0.28239169362971933,0.37621426971098204,0.4468669623623118
956,137,4,PX-004,lagged temporal recursion,0.6003384884452263,0.4149553945520874,0.429626264307833,0.5379734967731824,0.2978338636253794,0.37621426971098204,0.4468669623623118
957,137,5,PX-005,false signal injection,0.6003384884452263,0.4149553945520874,0.429626264307833,0.5379734967731824,0.32278451508084915,0.37621426971098204,0.4468669623623118
958,137,6,PX-006,signal to unstable utterance,0.6003384884452263,0.4149553945520874,0.429626264307833,0.5379734967731824,0.32278451508084915,0.3762125913878369,0.45284667873480533
959,137,7,PX-007,silence feedback reset,0.5650081726390087,0.3982671389365267,0.429626264307833,0.5379734967731824,0.2823978732929476,0.3762125913878369,0.44685540862836887
960,138,1,PX-001,amplify identity fracture,0.5915770072104745,0.3929281041831447,0.429626264307833,0.5379734967731824,0.2823978732929476,0.3762125913878369,0.44685540862836887
961,138,2,PX-002,fracture to access recursion,0.5915770072104745,0.41496489459573127,0.429626264307833,0.5437252401495409,0.2823978732929476,0.3762125913878369,0.44685540862836887
962,138,3,PX-003,negation to lock formation,0.6003505192559992,0.41496489459573127,0.42962870359485916,0.5437252401495409,0.2823978732929476,0.3762125913878369,0.44685540862836887
963,138,4,PX-004,lagged temporal recursion,0.6003505192559992,0.41496489459573127,0.42962870359485916,0.5379781144047187,0.29784004285369464,0.3762125913878369,0.44685540862836887
964,138,5,PX-005,false signal injection,0.6003505192559992,0.41496489459573127,0.42962870359485916,0.5379781144047187,0.3227905962633888,0.3762125913878369,0.44685540862836887
965,138,6,PX-006,signal to unstable utterance,0.6003505192559992,0.41496489459573127,0.42962870359485916,0.5379781144047187,0.3227905962633888,0.37621203545214016,0.452835234528359
966,138,7,PX-007,silence feedback reset,0.5650199693408672,0.3982766288131663,0.42962870359485916,0.5379781144047187,0.2824040936095484,0.37621203545214016,0.4468454507277759
967,139,1,PX-001,amplify identity fracture,0.5915885814448794,0.39293758582167554,0.42962870359485916,0.5379781144047187,0.2824040936095484,0.37621203545214016,0.4468454507277759
968,139,2,PX-002,fracture to access recursion,0.5915885814448794,0.4149743936039106,0.42962870359485916,0.5437299319589177,0.2824040936095484,0.37621203545214016,0.4468454507277759
969,139,3,PX-003,negation to lock formation,0.6003619109874782,0.4149743936039106,0.4296319419098096,0.5437299319589177,0.2824040936095484,0.37621203545214016,0.4468454507277759
970,139,4,PX-004,lagged temporal recursion,0.6003619109874782,0.4149743936039106,0.4296319419098096,0.5379833308568629,0.2978462790467158,0.37621203545214016,0.4468454507277759
971,139,5,PX-005,false signal injection,0.6003619109874782,0.4149743936039106,0.4296319419098096,0.5379833308568629,0.32279679509362236,0.37621203545214016,0.4468454507277759
972,139,6,PX-006,signal to unstable utterance,0.6003619109874782,0.4149743936039106,0.4296319419098096,0.5379833308568629,0.32279679509362236,0.37621247639850997,0.4528253964742383
973,139,7,PX-007,silence feedback reset,0.565031060989062,0.3982860609008675,0.4296319419098096,0.5379833308568629,0.2824102794004462,0.37621247639850997,0.44683701399582887
974,140,1,PX-001,amplify identity fracture,0.5915994335139378,0.3929469922757943,0.4296319419098096,0.5379833308568629,0.2824102794004462,0.37621247639850997,0.44683701399582887
975,140,2,PX-002,fracture to access recursion,0.5915994335139378,0.41498378417509385,0.4296319419098096,0.5437352136282526,0.2824102794004462,0.37621247639850997,0.44683701399582887
976,140,3,PX-003,negation to lock formation,0.6003726097148391,0.41498378417509385,0.42963584876421157,0.5437352136282526,0.2824102794004462,0.37621247639850997,0.44683701399582887
977,140,4,PX-004,lagged temporal recursion,0.6003726097148391,0.41498378417509385,0.42963584876421157,0.5379890167505071,0.29785249492907123,0.37621247639850997,0.44683701399582887
978,140,5,PX-005,false signal injection,0.6003726097148391,0.41498378417509385,0.42963584876421157,0.5379890167505071,0.3228030275917499,0.37621247639850997,0.44683701399582887
979,140,6,PX-006,signal to unstable utterance,0.6003726097148391,0.41498378417509385,0.42963584876421157,0.5379890167505071,0.3228030275917499,0.3762137921748299,0.4528170873405646
980,140,7,PX-007,silence feedback reset,0.5650414047960002,0.39829533521759597,0.42963584876421157,0.5379890167505071,0.28241636469814196,0.3762137921748299,0.44683001531603933
