index,cycle,phase_index,step_id,operator_name,identity_split,access_recursion,contradiction_lock,temporal_feedback,false_signal,utterance_instability,silence_gain
0,0,0,initial,initial,0.2,0.11,0.08,0.13,0.12,0.07,0.06
1,1,1,PX-001,amplify identity fracture,0.36944,0.109802,0.08,0.13,0.12,0.07,0.06
2,1,2,PX-002,fracture to access recursion,0.36944,0.15409880399999998,0.08,0.1340219787844,0.12,0.07,0.06
3,1,3,PX-003,negation to lock formation,0.3743960863982013,0.15409880399999998,0.11228310432,0.1340219787844,0.12,0.07,0.06
4,1,4,PX-004,lagged temporal recursion,0.3743960863982013,0.15409880399999998,0.11228310432,0.17118996841979822,0.13054530205465956,0.07,0.06
5,1,5,PX-005,false signal injection,0.3743960863982013,0.15409880399999998,0.11228310432,0.17118996841979822,0.14062329960264452,0.07,0.06
6,1,6,PX-006,signal to unstable utterance,0.3743960863982013,0.15409880399999998,0.11228310432,0.17118996841979822,0.14062329960264452,0.08693596058839669,0.06
7,1,7,PX-007,silence feedback reset,0.37025738192159224,0.15332853678658365,0.11228310432,0.17118996841979822,0.13881581796686965,0.08693596058839669,0.07140754534680913
8,2,1,PX-001,amplify identity fracture,0.5035501614574932,0.1530000723532772,0.11228310432,0.17118996841979822,0.13881581796686965,0.08693596058839669,0.07140754534680913
9,2,2,PX-002,fracture to access recursion,0.5035501614574932,0.21222259641561933,0.11228310432,0.17646673492491607,0.13881581796686965,0.08693596058839669,0.07140754534680913
10,2,3,PX-003,negation to lock formation,0.508891543299641,0.21222259641561933,0.1537022453503986,0.17646673492491607,0.13881581796686965,0.08693596058839669,0.07140754534680913
11,2,4,PX-004,lagged temporal recursion,0.508891543299641,0.21222259641561933,0.1537022453503986,0.22910898912095135,0.1526271705843491,0.08693596058839669,0.07140754534680913
12,2,5,PX-005,false signal injection,0.508891543299641,0.21222259641561933,0.1537022453503986,0.22910898912095135,0.17030653051217592,0.08693596058839669,0.07140754534680913
13,2,6,PX-006,signal to unstable utterance,0.508891543299641,0.21222259641561933,0.1537022453503986,0.22910898912095135,0.17030653051217592,0.10945648879126385,0.07140754534680913
14,2,7,PX-007,silence feedback reset,0.5004663905095803,0.21090435621223316,0.1537022453503986,0.22910898912095135,0.16758628128476805,0.10945648879126385,0.0887370300033275
15,3,1,PX-001,amplify identity fracture,0.6061055490339847,0.21034290542668205,0.1537022453503986,0.22910898912095135,0.16758628128476805,0.10945648879126385,0.0887370300033275
16,3,2,PX-002,fracture to access recursion,0.6061055490339847,0.2770897349979623,0.1537022453503986,0.23551716869845496,0.16758628128476805,0.10945648879126385,0.0887370300033275
17,3,3,PX-003,negation to lock formation,0.6116442313435858,0.2770897349979623,0.20087623169164012,0.23551716869845496,0.16758628128476805,0.10945648879126385,0.0887370300033275
18,3,4,PX-004,lagged temporal recursion,0.6116442313435858,0.2770897349979623,0.20087623169164012,0.2935698100569687,0.18469228889521125,0.10945648879126385,0.0887370300033275
19,3,5,PX-005,false signal injection,0.6116442313435858,0.2770897349979623,0.20087623169164012,0.2935698100569687,0.2090638647336227,0.10945648879126385,0.0887370300033275
20,3,6,PX-006,signal to unstable utterance,0.6116442313435858,0.2770897349979623,0.20087623169164012,0.2935698100569687,0.2090638647336227,0.13811055661767413,0.08962393199273724
21,3,7,PX-007,silence feedback reset,0.5977684229328986,0.274905202864994,0.20087623169164012,0.2935698100569687,0.20482556721891174,0.13811055661767413,0.11262633709537018
22,4,1,PX-001,amplify identity fracture,0.682610138898401,0.27397635588357966,0.20087623169164012,0.2935698100569687,0.20482556721891174,0.13811055661767413,0.11262633709537018
23,4,2,PX-002,fracture to access recursion,0.682610138898401,0.34290792879960036,0.20087623169164012,0.3008370254552149,0.20482556721891174,0.13811055661767413,0.11262633709537018
24,4,3,PX-003,negation to lock formation,0.6881887544500466,0.34290792879960036,0.25109342687899955,0.3008370254552149,0.20482556721891174,0.13811055661767413,0.11262633709537018
25,4,4,PX-004,lagged temporal recursion,0.6881887544500466,0.34290792879960036,0.25109342687899955,0.3582304076263797,0.22476546350215884,0.13811055661767413,0.11262633709537018
26,4,5,PX-005,false signal injection,0.6881887544500466,0.34290792879960036,0.25109342687899955,0.3582304076263797,0.25417674456870076,0.13811055661767413,0.11262633709537018
27,4,6,PX-006,signal to unstable utterance,0.6881887544500466,0.34290792879960036,0.25109342687899955,0.3582304076263797,0.25417674456870076,0.17246791534952693,0.11714852624732619
28,4,7,PX-007,silence feedback reset,0.6673584062683775,0.33944175343085187,0.25109342687899955,0.3582304076263797,0.24757006440260176,0.17246791534952693,0.14440258396900407
29,5,1,PX-001,amplify identity fracture,0.7370081888552059,0.3379712654417803,0.25109342687899955,0.3582304076263797,0.24757006440260176,0.17246791534952693,0.14440258396900407
30,5,2,PX-002,fracture to access recursion,0.7370081888552059,0.4053564687157318,0.25109342687899955,0.36603477129719086,0.24757006440260176,0.17246791534952693,0.14440258396900407
31,5,3,PX-003,negation to lock formation,0.7425683103780708,0.4053564687157318,0.3020257821859228,0.36603477129719086,0.24757006440260176,0.17246791534952693,0.14440258396900407
32,5,4,PX-004,lagged temporal recursion,0.7425683103780708,0.4053564687157318,0.3020257821859228,0.4191639447920249,0.2696474694015248,0.17246791534952693,0.14440258396900407
33,5,5,PX-005,false signal injection,0.7425683103780708,0.4053564687157318,0.3020257821859228,0.4191639447920249,0.30236445169228354,0.17246791534952693,0.14440258396900407
34,5,6,PX-006,signal to unstable utterance,0.7425683103780708,0.4053564687157318,0.3020257821859228,0.4191639447920249,0.30236445169228354,0.2113860758263998,0.15275862991036052
35,5,7,PX-007,silence feedback reset,0.7134820461061339,0.4001724938851943,0.3020257821859228,0.4191639447920249,0.2924211418588472,0.2113860758263998,0.18269545204995113
36,6,1,PX-001,amplify identity fracture,0.7727123246002463,0.39797920304514495,0.3020257821859228,0.4191639447920249,0.2924211418588472,0.2113860758263998,0.18269545204995113
37,6,2,PX-002,fracture to access recursion,0.7727123246002463,0.4613993053431688,0.3020257821859228,0.4272038653637617,0.2924211418588472,0.2113860758263998,0.18269545204995113
38,6,3,PX-003,negation to lock formation,0.7783073187355551,0.4613993053431688,0.3516622162054823,0.4272038653637617,0.2924211418588472,0.2113860758263998,0.18269545204995113
39,6,4,PX-004,lagged temporal recursion,0.7783073187355551,0.4613993053431688,0.3516622162054823,0.47404937208005904,0.3159010537967729,0.2113860758263998,0.18269545204995113
40,6,5,PX-005,false signal injection,0.7783073187355551,0.4613993053431688,0.3516622162054823,0.47404937208005904,0.35043503148330557,0.2113860758263998,0.18269545204995113
41,6,6,PX-006,signal to unstable utterance,0.7783073187355551,0.4613993053431688,0.3516622162054823,0.47404937208005904,0.35043503148330557,0.25328484023179804,0.19478680332372036
42,6,7,PX-007,silence feedback reset,0.740139227722856,0.4541064091870844,0.3516622162054823,0.47404937208005904,0.3361919134723857,0.25328484023179804,0.22580058009345727
43,7,1,PX-001,amplify identity fracture,0.7928714509772683,0.4510302844685264,0.3516622162054823,0.47404937208005904,0.3361919134723857,0.25328484023179804,0.22580058009345727
44,7,2,PX-002,fracture to access recursion,0.7928714509772683,0.5091216108845568,0.3516622162054823,0.4820825570080294,0.3361919134723857,0.25328484023179804,0.22580058009345727
45,7,3,PX-003,negation to lock formation,0.7986466642284324,0.5091216108845568,0.3983180823429034,0.4820825570080294,0.3361919134723857,0.25328484023179804,0.22580058009345727
46,7,4,PX-004,lagged temporal recursion,0.7986466642284324,0.5091216108845568,0.3983180823429034,0.5216584945424265,0.3604315923682016,0.25328484023179804,0.22580058009345727
47,7,5,PX-005,false signal injection,0.7986466642284324,0.5091216108845568,0.3983180823429034,0.5216584945424265,0.39566520992364174,0.25328484023179804,0.22580058009345727
48,7,6,PX-006,signal to unstable utterance,0.7986466642284324,0.5091216108845568,0.3983180823429034,0.5216584945424265,0.39566520992364174,0.2963968820022404,0.2412595044359043
49,7,7,PX-007,silence feedback reset,0.7511800738076908,0.4994345028063119,0.3983180823429034,0.5216584945424265,0.37630656547490615,0.2963968820022404,0.27181572202406457
50,8,1,PX-001,amplify identity fracture,0.8004652016724266,0.49536187830679107,0.3983180823429034,0.5216584945424265,0.37630656547490615,0.2963968820022404,0.27181572202406457
51,8,2,PX-002,fracture to access recursion,0.8004652016724266,0.5475804907417152,0.3983180823429034,0.5295164088314442,0.37630656547490615,0.2963968820022404,0.27181572202406457
52,8,3,PX-003,negation to lock formation,0.8066202305704222,0.5475804907417152,0.44066992321173043,0.5295164088314442,0.37630656547490615,0.2963968820022404,0.27181572202406457
53,8,4,PX-004,lagged temporal recursion,0.8066202305704222,0.5475804907417152,0.44066992321173043,0.5615201559717191,0.4008217158992209,0.2963968820022404,0.27181572202406457
54,8,5,PX-005,false signal injection,0.8066202305704222,0.5475804907417152,0.44066992321173043,0.5615201559717191,0.4360138344181794,0.2963968820022404,0.27181572202406457
55,8,6,PX-006,signal to unstable utterance,0.8066202305704222,0.5475804907417152,0.44066992321173043,0.5615201559717191,0.4360138344181794,0.33898038104605477,0.29007686937004346
56,8,7,PX-007,silence feedback reset,0.7502490614009005,0.5353605168212879,0.44066992321173043,0.5615201559717191,0.4109932731983681,0.33898038104605477,0.318804374804592
57,9,1,PX-001,amplify identity fracture,0.7982937179096578,0.5302402585754797,0.44066992321173043,0.5615201559717191,0.4109932731983681,0.33898038104605477,0.318804374804592
58,9,2,PX-002,fracture to access recursion,0.7982937179096578,0.5766443368335374,0.44066992321173043,0.5691055635379559,0.4109932731983681,0.33898038104605477,0.318804374804592
59,9,3,PX-003,negation to lock formation,0.8050397553376252,0.5766443368335374,0.47778364787624017,0.5691055635379559,0.4109932731983681,0.33898038104605477,0.318804374804592
60,9,4,PX-004,lagged temporal recursion,0.8050397553376252,0.5766443368335374,0.47778364787624017,0.5936896504814081,0.43547137704199224,0.33898038104605477,0.318804374804592
61,9,5,PX-005,false signal injection,0.8050397553376252,0.5766443368335374,0.47778364787624017,0.5936896504814081,0.47019666904742635,0.33898038104605477,0.318804374804592
62,9,6,PX-006,signal to unstable utterance,0.8050397553376252,0.5766443368335374,0.47778364787624017,0.5936896504814081,0.47019666904742635,0.3794833142707883,0.33919800787345344
63,9,7,PX-007,silence feedback reset,0.7406667524475956,0.5619128733360382,0.47778364787624017,0.5936896504814081,0.43930852058549547,0.3794833142707883,0.36495542415507093
64,10,1,PX-001,amplify identity fracture,0.7889225452469261,0.5557606788052418,0.47778364787624017,0.5936896504814081,0.43930852058549547,0.3794833142707883,0.36495542415507093
65,10,2,PX-002,fracture to access recursion,0.7889225452469261,0.5968149096639298,0.47778364787624017,0.6009644127177118,0.43930852058549547,0.3794833142707883,0.36495542415507093
66,10,3,PX-003,negation to lock formation,0.7964449969351208,0.5968149096639298,0.5091192504256506,0.6009644127177118,0.43930852058549547,0.3794833142707883,0.36495542415507093
67,10,4,PX-004,lagged temporal recursion,0.7964449969351208,0.5968149096639298,0.5091192504256506,0.618582434445021,0.4635868936071118,0.3794833142707883,0.36495542415507093
68,10,5,PX-005,false signal injection,0.7964449969351208,0.5968149096639298,0.5091192504256506,0.618582434445021,0.4976498864165506,0.3794833142707883,0.36495542415507093
69,10,6,PX-006,signal to unstable utterance,0.7964449969351208,0.5968149096639298,0.5091192504256506,0.618582434445021,0.4976498864165506,0.416653690515882,0.3867999687120359
70,10,7,PX-007,silence feedback reset,0.7253198109968562,0.5797400937741245,0.5091192504256506,0.618582434445021,0.4610386210117799,0.416653690515882,0.4087128812185503
71,11,1,PX-001,amplify identity fracture,0.7746235121475507,0.5726316764515944,0.5091192504256506,0.618582434445021,0.4610386210117799,0.416653690515882,0.4087128812185503
72,11,2,PX-002,fracture to access recursion,0.7746235121475507,0.6090407532576214,0.5091192504256506,0.6255513996879598,0.4610386210117799,0.416653690515882,0.4087128812185503
73,11,3,PX-003,negation to lock formation,0.7830560816858525,0.6090407532576214,0.5345068612368506,0.6255513996879598,0.4610386210117799,0.416653690515882,0.4087128812185503
74,11,4,PX-004,lagged temporal recursion,0.7830560816858525,0.6090407532576214,0.5345068612368506,0.6368496240909131,0.48506523562435166,0.416653690515882,0.4087128812185503
75,11,5,PX-005,false signal injection,0.7830560816858525,0.6090407532576214,0.5345068612368506,0.6368496240909131,0.5184153632670458,0.416653690515882,0.4087128812185503
76,11,6,PX-006,signal to unstable utterance,0.7830560816858525,0.6090407532576214,0.5345068612368506,0.6368496240909131,0.5184153632670458,0.4495959170367019,0.43138963509362394
77,11,7,PX-007,silence feedback reset,0.7065970421399872,0.5899045615918872,0.5345068612368506,0.6368496240909131,0.47653007712162915,0.4495959170367019,0.4488602202580518
78,12,1,PX-001,amplify identity fracture,0.7573331509662234,0.5819610208484662,0.5345068612368506,0.6368496240909131,0.47653007712162915,0.4495959170367019,0.4488602202580518
79,12,2,PX-002,fracture to access recursion,0.7573331509662234,0.6145374716447805,0.5345068612368506,0.6435447095060537,0.47653007712162915,0.4495959170367019,0.4488602202580518
80,12,3,PX-003,negation to lock formation,0.7667454236748713,0.6145374716447805,0.5540972705186171,0.6435447095060537,0.47653007712162915,0.4495959170367019,0.4488602202580518
81,12,4,PX-004,lagged temporal recursion,0.7667454236748713,0.6145374716447805,0.5540972705186171,0.6492827662868885,0.5003216770932408,0.4495959170367019,0.4488602202580518
82,12,5,PX-005,false signal injection,0.7667454236748713,0.6145374716447805,0.5540972705186171,0.6492827662868885,0.5329843835241211,0.4495959170367019,0.4488602202580518
83,12,6,PX-006,signal to unstable utterance,0.7667454236748713,0.6145374716447805,0.5540972705186171,0.6492827662868885,0.5329843835241211,0.477779390032102,0.4718612270285816
84,12,7,PX-007,silence feedback reset,0.6863794864874455,0.5936930487082182,0.5540972705186171,0.6492827662868885,0.4864974973734572,0.477779390032102,0.48455543276365365
85,13,1,PX-001,amplify identity fracture,0.7386358957527289,0.5850627329438507,0.5540972705186171,0.6492827662868885,0.4864974973734572,0.477779390032102,0.48455543276365365
86,13,2,PX-002,fracture to access recursion,0.7386358957527289,0.6146302188522925,0.5540972705186171,0.6557496085902593,0.4864974973734572,0.477779390032102,0.48455543276365365
87,13,3,PX-003,negation to lock formation,0.7490331299725969,0.6146302188522925,0.5682950145524274,0.6557496085902593,0.4864974973734572,0.477779390032102,0.48455543276365365
88,13,4,PX-004,lagged temporal recursion,0.7490331299725969,0.6146302188522925,0.5682950145524274,0.6567405262388253,0.5101041506394509,0.477779390032102,0.48455543276365365
89,13,5,PX-005,false signal injection,0.7490331299725969,0.6146302188522925,0.5682950145524274,0.6567405262388253,0.5421335929498836,0.477779390032102,0.48455543276365365
90,13,6,PX-006,signal to unstable utterance,0.7490331299725969,0.6146302188522925,0.5682950145524274,0.6567405262388253,0.5421335929498836,0.501009864147818,0.5075036350275842
91,13,7,PX-007,silence feedback reset,0.6660743970660966,0.5924589245867853,0.5682950145524274,0.6567405262388253,0.4918463389385763,0.501009864147818,0.5153224906724753
92,14,1,PX-001,amplify identity fracture,0.7197709155012505,0.5832997023276093,0.5682950145524274,0.6567405262388253,0.4918463389385763,0.501009864147818,0.5153224906724753
93,14,2,PX-002,fracture to access recursion,0.7197709155012505,0.6106289242890466,0.5682950145524274,0.6630286511352695,0.4918463389385763,0.501009864147818,0.5153224906724753
94,14,3,PX-003,negation to lock formation,0.731102783736223,0.6106289242890466,0.5776839053581547,0.6630286511352695,0.4918463389385763,0.501009864147818,0.5153224906724753
95,14,4,PX-004,lagged temporal recursion,0.731102783736223,0.6106289242890466,0.5776839053581547,0.6600926468953221,0.5153263335997472,0.501009864147818,0.5153224906724753
96,14,5,PX-005,false signal injection,0.731102783736223,0.6106289242890466,0.5776839053581547,0.6600926468953221,0.5467785399116873,0.501009864147818,0.5153224906724753
97,14,6,PX-006,signal to unstable utterance,0.731102783736223,0.6106289242890466,0.5776839053581547,0.6600926468953221,0.5467785399116873,0.519376271693949,0.5379691212591785
98,14,7,PX-007,silence feedback reset,0.6466763004632016,0.5875039504272159,0.5776839053581547,0.6600926468953221,0.49353219458455294,0.519376271693949,0.541010679832038
99,15,1,PX-001,amplify identity fracture,0.7016575739393582,0.5779685730784768,0.5776839053581547,0.6600926468953221,0.49353219458455294,0.519376271693949,0.541010679832038
100,15,2,PX-002,fracture to access recursion,0.7016575739393582,0.6037402619748437,0.5776839053581547,0.6662491195276399,0.49353219458455294,0.519376271693949,0.541010679832038
101,15,3,PX-003,negation to lock formation,0.7138319712452507,0.6037402619748437,0.582954170512098,0.6662491195276399,0.49353219458455294,0.519376271693949,0.541010679832038
102,15,4,PX-004,lagged temporal recursion,0.7138319712452507,0.6037402619748437,0.582954170512098,0.6601780629869916,0.5169373200166639,0.519376271693949,0.541010679832038
103,15,5,PX-005,false signal injection,0.7138319712452507,0.6037402619748437,0.582954170512098,0.6601780629869916,0.5478590313019924,0.519376271693949,0.541010679832038
104,15,6,PX-006,signal to unstable utterance,0.7138319712452507,0.6037402619748437,0.582954170512098,0.6601780629869916,0.5478590313019924,0.5331853704578778,0.5632176133226134
105,15,7,PX-007,silence feedback reset,0.6288393303613029,0.580000317988972,0.582954170512098,0.6601780629869916,0.49246374116065195,0.5331853704578778,0.5617350345853773
106,16,1,PX-001,amplify identity fracture,0.6849333217832578,0.5702261230284201,0.582954170512098,0.6601780629869916,0.49246374116065195,0.5331853704578778,0.5617350345853773
107,16,2,PX-002,fracture to access recursion,0.6849333217832578,0.5950145400755532,0.582954170512098,0.6662440327937729,0.49246374116065195,0.5331853704578778,0.5617350345853773
108,16,3,PX-003,negation to lock formation,0.6978317315577272,0.5950145400755532,0.5848380978307515,0.6662440327937729,0.49246374116065195,0.5331853704578778,0.5617350345853773
109,16,4,PX-004,lagged temporal recursion,0.6978317315577272,0.5950145400755532,0.5848380978307515,0.6577749326399315,0.5158328651535782,0.5331853704578778,0.5617350345853773
110,16,5,PX-005,false signal injection,0.6978317315577272,0.5950145400755532,0.5848380978307515,0.6577749326399315,0.5462602797440366,0.5331853704578778,0.5617350345853773
111,16,6,PX-006,signal to unstable utterance,0.6978317315577272,0.5950145400755532,0.5848380978307515,0.6577749326399315,0.5462602797440366,0.5428945159567327,0.5834498986760571
112,16,7,PX-007,silence feedback reset,0.6129493153539952,0.5709481727979476,0.5848380978307515,0.6577749326399315,0.48944605962269105,0.5428945159567327,0.5778098242427504
113,17,1,PX-001,amplify identity fracture,0.6699980565322141,0.5610511888966646,0.5848380978307515,0.6577749326399315,0.48944605962269105,0.5428945159567327,0.5778098242427504
114,17,2,PX-002,fracture to access recursion,0.6699980565322141,0.585321799274178,0.5848380978307515,0.6637842864054492,0.48944605962269105,0.5428945159567327,0.5778098242427504
115,17,3,PX-003,negation to lock formation,0.6834898810463282,0.585321799274178,0.5840582275856978,0.6637842864054492,0.48944605962269105,0.5428945159567327,0.5778098242427504
116,17,4,PX-004,lagged temporal recursion,0.6834898810463282,0.585321799274178,0.5840582275856978,0.6535808074950409,0.5128042375862014,0.5428945159567327,0.5778098242427504
117,17,5,PX-005,false signal injection,0.6834898810463282,0.585321799274178,0.5840582275856978,0.6535808074950409,0.5427665810525608,0.5428945159567327,0.5778098242427504
118,17,6,PX-006,signal to unstable utterance,0.6834898810463282,0.585321799274178,0.5840582275856978,0.6535808074950409,0.5427665810525608,0.5490498824654516,0.5990400734662477
119,17,7,PX-007,silence feedback reset,0.5991888087990461,0.5611609521787374,0.5840582275856978,0.6535808074950409,0.4851556329229349,0.5490498824654516,0.5896841001553339
120,18,1,PX-001,amplify identity fracture,0.6570599386199502,0.5512337214449026,0.5840582275856978,0.6535808074950409,0.4851556329229349,0.5490498824654516,0.5896841001553339
121,18,2,PX-002,fracture to access recursion,0.6570599386199502,0.5753496953507193,0.5840582275856978,0.659560172801182,0.4851556329229349,0.5490498824654516,0.5896841001553339
122,18,3,PX-003,negation to lock formation,0.6710142599800705,0.5753496953507193,0.5812894743166187,0.659560172801182,0.4851556329229349,0.5490498824654516,0.5896841001553339
123,18,4,PX-004,lagged temporal recursion,0.6710142599800705,0.5753496953507193,0.5812894743166187,0.6482013488792172,0.5085162298470903,0.5490498824654516,0.5896841001553339
124,18,5,PX-005,false signal injection,0.6710142599800705,0.5753496953507193,0.5812894743166187,0.6482013488792172,0.5380405489308641,0.5490498824654516,0.5896841001553339
125,18,6,PX-006,signal to unstable utterance,0.6710142599800705,0.5753496953507193,0.5812894743166187,0.6482013488792172,0.5380405489308641,0.5522344212129385,0.6104740397335794
126,18,7,PX-007,silence feedback reset,0.5875920167176605,0.551270190390258,0.5812894743166187,0.6482013488792172,0.4801370058238635,0.5522344212129385,0.5978849572465648
127,19,1,PX-001,amplify identity fracture,0.6461789421343669,0.5413823057638745,0.5812894743166187,0.6482013488792172,0.4801370058238635,0.5522344212129385,0.5978849572465648
128,19,2,PX-002,fracture to access recursion,0.6461789421343669,0.5656157751234561,0.5812894743166187,0.6541708348814492,0.4801370058238635,0.5522344212129385,0.5978849572465648
129,19,3,PX-003,negation to lock formation,0.6604731068360867,0.5656157751234561,0.5771345383271651,0.6541708348814492,0.4801370058238635,0.5522344212129385,0.5978849572465648
130,19,4,PX-004,lagged temporal recursion,0.6604731068360867,0.5656157751234561,0.5771345383271651,0.6421460506995094,0.5035049636269154,0.5522344212129385,0.5978849572465648
131,19,5,PX-005,false signal injection,0.6604731068360867,0.5656157751234561,0.5771345383271651,0.6421460506995094,0.5326200863993641,0.5522344212129385,0.5978849572465648
132,19,6,PX-006,signal to unstable utterance,0.6604731068360867,0.5656157751234561,0.5771345383271651,0.6421460506995094,0.5326200863993641,0.5530272885580364,0.6182976335934909
133,19,7,PX-007,silence feedback reset,0.5780890863566924,0.5417422728166977,0.5771345383271651,0.6421460506995094,0.474812261580197,0.5530272885580364,0.6029712181900345
134,20,1,PX-001,amplify identity fracture,0.6373057663437617,0.5319426228711381,0.5771345383271651,0.6421460506995094,0.474812261580197,0.5530272885580364,0.6029712181900345
135,20,2,PX-002,fracture to access recursion,0.6373057663437617,0.5564878601823517,0.5771345383271651,0.6481202920546304,0.474812261580197,0.5530272885580364,0.6029712181900345
136,20,3,PX-003,negation to lock formation,0.6518308544892436,0.5564878601823517,0.5721107201771504,0.6481202920546304,0.474812261580197,0.5530272885580364,0.6029712181900345
137,20,4,PX-004,lagged temporal recursion,0.6518308544892436,0.5564878601823517,0.5721107201771504,0.6358294604493431,0.4981873501249822,0.5530272885580364,0.6029712181900345
138,20,5,PX-005,false signal injection,0.6518308544892436,0.5564878601823517,0.5721107201771504,0.6358294604493431,0.5269261826611404,0.5530272885580364,0.6029712181900345
139,20,6,PX-006,signal to unstable utterance,0.6518308544892436,0.5564878601823517,0.5721107201771504,0.6358294604493431,0.5269261826611404,0.5519746374163691,0.6230755473398093
140,20,7,PX-007,silence feedback reset,0.5705406269367695,0.5329011969737691,0.5721107201771504,0.6358294604493431,0.4694966800048313,0.5519746374163691,0.6054980811994111
141,21,1,PX-001,amplify identity fracture,0.6303149317300586,0.5232210774066746,0.5721107201771504,0.6358294604493431,0.4694966800048313,0.5519746374163691,0.6054980811994111
142,21,2,PX-002,fracture to access recursion,0.6303149317300586,0.5482077995505747,0.5721107201771504,0.6418186943537895,0.4694966800048313,0.5519746374163691,0.6054980811994111
143,21,3,PX-003,negation to lock formation,0.6449785635364597,0.5482077995505747,0.5666457002374714,0.6418186943537895,0.4694966800048313,0.5519746374163691,0.6054980811994111
144,21,4,PX-004,lagged temporal recursion,0.6449785635364597,0.5482077995505747,0.5666457002374714,0.6295764631150693,0.4928761482759665,0.5519746374163691,0.6054980811994111
145,21,5,PX-005,false signal injection,0.6449785635364597,0.5482077995505747,0.5666457002374714,0.6295764631150693,0.5212762747822345,0.5519746374163691,0.6054980811994111
146,21,6,PX-006,signal to unstable utterance,0.6449785635364597,0.5482077995505747,0.5666457002374714,0.6295764631150693,0.5212762747822345,0.5495705424444143,0.6253606472873942
147,21,7,PX-007,silence feedback reset,0.5647639554899894,0.5249531347670772,0.5666457002374714,0.6295764631150693,0.4644162168905781,0.5495705424444143,0.6059919198148161
148,22,1,PX-001,amplify identity fracture,0.6250318056076847,0.515409614028568,0.5666457002374714,0.6295764631150693,0.4644162168905781,0.5495705424444143,0.6059919198148161
149,22,2,PX-002,fracture to access recursion,0.6250318056076847,0.5409153940352404,0.5666457002374714,0.6355874969174905,0.4644162168905781,0.5495705424444143,0.6059919198148161
150,22,3,PX-003,negation to lock formation,0.6397589013182504,0.5409153940352404,0.5610798055031585,0.6355874969174905,0.4644162168905781,0.5495705424444143,0.6059919198148161
151,22,4,PX-004,lagged temporal recursion,0.6397589013182504,0.5409153940352404,0.5610798055031585,0.6236303281251833,0.487796657218512,0.5495705424444143,0.6059919198148161
152,22,5,PX-005,false signal injection,0.6397589013182504,0.5409153940352404,0.5610798055031585,0.6236303281251833,0.5158996202191826,0.5495705424444143,0.6059919198148161
153,22,6,PX-006,signal to unstable utterance,0.6397589013182504,0.5409153940352404,0.5610798055031585,0.6236303281251833,0.5158996202191826,0.5462462935694412,0.6256724481764354
154,22,7,PX-007,silence feedback reset,0.5605526895991196,0.5180101359198276,0.5610798055031585,0.6236303281251833,0.4597243044818618,0.5462462935694412,0.6049337413680764
155,23,1,PX-001,amplify identity fracture,0.6212539116998228,0.5086092816321706,0.5610798055031585,0.6236303281251833,0.4597243044818618,0.5462462935694412,0.6049337413680764
156,23,2,PX-002,fracture to access recursion,0.6212539116998228,0.5346705877655238,0.5610798055031585,0.6296673419355361,0.4597243044818618,0.5462462935694412,0.6049337413680764
157,23,3,PX-003,negation to lock formation,0.6359860282002838,0.5346705877655238,0.5556725564981772,0.6296673419355361,0.4597243044818618,0.5462462935694412,0.6049337413680764
158,23,4,PX-004,lagged temporal recursion,0.6359860282002838,0.5346705877655238,0.5556725564981772,0.6181624050761922,0.48310277311606115,0.5462462935694412,0.6049337413680764
159,23,5,PX-005,false signal injection,0.6359860282002838,0.5346705877655238,0.5556725564981772,0.6181624050761922,0.5109525422820369,0.5462462935694412,0.6049337413680764
160,23,6,PX-006,signal to unstable utterance,0.6359860282002838,0.5346705877655238,0.5556725564981772,0.6181624050761922,0.5109525422820369,0.5423661703156409,0.6244831765792334
161,23,7,PX-007,silence feedback reset,0.5576911712815775,0.5121115140224253,0.5556725564981772,0.6181624050761922,0.4555167831442087,0.5423661703156409,0.6027495983856039
162,24,1,PX-001,amplify identity fracture,0.6187672082269265,0.5028512637402555,0.5556725564981772,0.6181624050761922,0.4555167831442087,0.5423661703156409,0.6027495983856039
163,24,2,PX-002,fracture to access recursion,0.6187672082269265,0.5294729816492825,0.5556725564981772,0.6242275857728953,0.4555167831442087,0.5423661703156409,0.6027495983856039
164,24,3,PX-003,negation to lock formation,0.6334609947379227,0.5294729816492825,0.550611700780248,0.6242275857728953,0.4555167831442087,0.5423661703156409,0.6027495983856039
165,24,4,PX-004,lagged temporal recursion,0.6334609947379227,0.5294729816492825,0.550611700780248,0.6132825648481999,0.478891327606717,0.5423661703156409,0.6027495983856039
166,24,5,PX-005,false signal injection,0.6334609947379227,0.5294729816492825,0.550611700780248,0.6132825648481999,0.506532432978182,0.5423661703156409,0.6027495983856039
167,24,6,PX-006,signal to unstable utterance,0.6334609947379227,0.5294729816492825,0.550611700780248,0.6132825648481999,0.506532432978182,0.5382279392847131,0.6222098439253323
168,24,7,PX-007,silence feedback reset,0.555964954787563,0.5072422949124601,0.550611700780248,0.6132825648481999,0.45184458942232814,0.5382279392847131,0.599806317044191
169,25,1,PX-001,amplify identity fracture,0.6173581389327927,0.4981148809296455,0.550611700780248,0.6132825648481999,0.45184458942232814,0.5382279392847131,0.599806317044191
170,25,2,PX-002,fracture to access recursion,0.6173581389327927,0.5252783632993215,0.550611700780248,0.6193765938900754,0.45184458942232814,0.5382279392847131,0.599806317044191
171,25,3,PX-003,negation to lock formation,0.6319833370924515,0.5252783632993215,0.5460233799253439,0.6193765938900754,0.45184458942232814,0.5382279392847131,0.599806317044191
172,25,4,PX-004,lagged temporal recursion,0.6319833370924515,0.5252783632993215,0.5460233799253439,0.609049693860475,0.47521436137234874,0.5382279392847131,0.599806317044191
173,25,5,PX-005,false signal injection,0.6319833370924515,0.5252783632993215,0.5460233799253439,0.609049693860475,0.5026900574530233,0.5382279392847131,0.599806317044191
174,25,6,PX-006,signal to unstable utterance,0.6319833370924515,0.5252783632993215,0.5460233799253439,0.609049693860475,0.5026900574530233,0.5340665731060542,0.6192109038502683
175,25,7,PX-007,silence feedback reset,0.5551683181858638,0.503348633430098,0.5460233799253439,0.609049693860475,0.4487242685124554,0.5340665731060542,0.5964111167779124
176,26,1,PX-001,amplify identity fracture,0.6168222462637352,0.4943425518123175,0.5460233799253439,0.609049693860475,0.4487242685124554,0.5340665731060542,0.5964111167779124
177,26,2,PX-002,fracture to access recursion,0.6168222462637352,0.5220123291613736,0.5460233799253439,0.6151721202573024,0.4487242685124554,0.5340665731060542,0.5964111167779124
178,26,3,PX-003,negation to lock formation,0.6313595402109294,0.5220123291613736,0.5419824762582665,0.6151721202573024,0.4487242685124554,0.5340665731060542,0.5964111167779124
179,26,4,PX-004,lagged temporal recursion,0.6313595402109294,0.5220123291613736,0.5419824762582665,0.6054817421695828,0.47208938583463766,0.5340665731060542,0.5964111167779124
180,26,5,PX-005,false signal injection,0.6313595402109294,0.5220123291613736,0.5419824762582665,0.6054817421695828,0.4994400850084135,0.5340665731060542,0.5964111167779124
181,26,6,PX-006,signal to unstable utterance,0.6313595402109294,0.5220123291613736,0.5419824762582665,0.6054817421695828,0.4994400850084135,0.5300599853642399,0.6157862883037122
182,26,7,PX-007,silence feedback reset,0.5551095134381452,0.5003503957416577,0.5419824762582665,0.6054817421695828,0.44614657592666873,0.5300599853642399,0.592813951745884
183,27,1,PX-001,amplify identity fracture,0.6169700493242599,0.49145195488094084,0.5419824762582665,0.6054817421695828,0.44614657592666873,0.5300599853642399,0.592813951745884
184,27,2,PX-002,fracture to access recursion,0.6169700493242599,0.519581269622143,0.5419824762582665,0.6116312710883621,0.44614657592666873,0.5300599853642399,0.592813951745884
185,27,3,PX-003,negation to lock formation,0.6314089669503543,0.519581269622143,0.5385225135461282,0.6116312710883621,0.44614657592666873,0.5300599853642399,0.592813951745884
186,27,4,PX-004,lagged temporal recursion,0.6314089669503543,0.519581269622143,0.5385225135461282,0.6025649906027211,0.46950786375571096,0.5300599853642399,0.592813951745884
187,27,5,PX-005,false signal injection,0.6314089669503543,0.519581269622143,0.5385225135461282,0.6025649906027211,0.4967699622976992,0.5300599853642399,0.592813951745884
188,27,6,PX-006,signal to unstable utterance,0.6314089669503543,0.519581269622143,0.5385225135461282,0.6025649906027211,0.4967699622976992,0.5263358611315421,0.6121798437149494
189,27,7,PX-007,silence feedback reset,0.5556142728070635,0.49815123584915705,0.5385225135461282,0.6025649906027211,0.4440834850312871,0.5263358611315421,0.5892116546786285
190,28,1,PX-001,amplify identity fracture,0.6176307765858482,0.4893457404305105,0.5385225135461282,0.6025649906027211,0.4440834850312871,0.5263358611315421,0.5892116546786285
191,28,2,PX-002,fracture to access recursion,0.6176307765858482,0.5178810621289248,0.5385225135461282,0.6087397125465375,0.4440834850312871,0.5263358611315421,0.5892116546786285
192,28,3,PX-003,negation to lock formation,0.6319677609121745,0.5178810621289248,0.5356447361947423,0.6087397125465375,0.4440834850312871,0.5263358611315421,0.5892116546786285
193,28,4,PX-004,lagged temporal recursion,0.6319677609121745,0.5178810621289248,0.5356447361947423,0.6002623347888906,0.4674421871968847,0.5263358611315421,0.5892116546786285
194,28,5,PX-005,false signal injection,0.6319677609121745,0.5178810621289248,0.5356447361947423,0.6002623347888906,0.4946473181570433,0.5263358611315421,0.5892116546786285
195,28,6,PX-006,signal to unstable utterance,0.6319677609121745,0.5178810621289248,0.5356447361947423,0.6002623347888906,0.4946473181570433,0.5229789109448473,0.6085833934674159
196,28,7,PX-007,silence feedback reset,0.5565279442967523,0.49664652855019426,0.5356447361947423,0.6002623347888906,0.44249389491199753,0.5229789109448473,0.585753181336901
197,29,1,PX-001,amplify identity fracture,0.6186544320929052,0.4879191600272481,0.5356447361947423,0.6002623347888906,0.44249389491199753,0.5229789109448473,0.585753181336901
198,29,2,PX-002,fracture to access recursion,0.6186544320929052,0.5168038215359707,0.5356447361947423,0.6064599133786797,0.44249389491199753,0.5229789109448473,0.585753181336901
199,29,3,PX-003,negation to lock formation,0.6328911421125297,0.5168038215359707,0.533326171391274,0.6064599133786797,0.44249389491199753,0.5229789109448473,0.585753181336901
200,29,4,PX-004,lagged temporal recursion,0.6328911421125297,0.5168038215359707,0.533326171391274,0.5985204861255753,0.46585141266446484,0.5229789109448473,0.585753181336901
201,29,5,PX-005,false signal injection,0.6328911421125297,0.5168038215359707,0.533326171391274,0.5985204861255753,0.493026099419417,0.5229789109448473,0.585753181336901
202,29,6,PX-006,signal to unstable utterance,0.6328911421125297,0.5168038215359707,0.533326171391274,0.5985204861255753,0.493026099419417,0.5200380782829968,0.605141825307245
203,29,7,PX-007,silence feedback reset,0.5577165295652778,0.4957295021681448,0.533326171391274,0.5985204861255753,0.4413282810841721,0.5200380782829968,0.5825454315718535
204,30,1,PX-001,amplify identity fracture,0.6199125776237239,0.48706595346464154,0.533326171391274,0.5985204861255753,0.4413282810841721,0.5200380782829968,0.5825454315718535
205,30,2,PX-002,fracture to access recursion,0.6199125776237239,0.5162430263287497,0.533326171391274,0.6047383161031211,0.4413282810841721,0.5200380782829968,0.5825454315718535
206,30,3,PX-003,negation to lock formation,0.6340544379242241,0.5162430263287497,0.5315266010602999,0.6047383161031211,0.4413282810841721,0.5200380782829968,0.5825454315718535
207,30,4,PX-004,lagged temporal recursion,0.6340544379242241,0.5162430263287497,0.5315266010602999,0.597276065255429,0.4646859683072194,0.5200380782829968,0.5825454315718535
208,30,5,PX-005,false signal injection,0.6340544379242241,0.5162430263287497,0.5315266010602999,0.597276065255429,0.49185161728412113,0.5200380782829968,0.5825454315718535
209,30,6,PX-006,signal to unstable utterance,0.6340544379242241,0.5162430263287497,0.5315266010602999,0.597276065255429,0.49185161728412113,0.5175333875497609,0.6019587415379835
210,30,7,PX-007,silence feedback reset,0.559066834593281,0.49529587270084185,0.5315266010602999,0.597276065255429,0.44053247506655635,0.5175333875497609,0.579659262334893
211,31,1,PX-001,amplify identity fracture,0.6212981361584423,0.48668278749462324,0.5315266010602999,0.597276065255429,0.44053247506655635,0.5175333875497609,0.579659262334893
212,31,2,PX-002,fracture to access recursion,0.6212981361584423,0.5160972963211475,0.5315266010602999,0.6035114072719936,0.44053247506655635,0.5175333875497609,0.579659262334893
213,31,3,PX-003,negation to lock formation,0.6353531299917307,0.5160972963211475,0.5301944494095197,0.6035114072719936,0.44053247506655635,0.5175333875497609,0.579659262334893
214,31,4,PX-004,lagged temporal recursion,0.6353531299917307,0.5160972963211475,0.5301944494095197,0.5964606172977283,0.46389149923614476,0.5175333875497609,0.579659262334893
215,31,5,PX-005,false signal injection,0.6353531299917307,0.5160972963211475,0.5301944494095197,0.5964606172977283,0.49106465467947485,0.5175333875497609,0.579659262334893
216,31,6,PX-006,signal to unstable utterance,0.6353531299917307,0.5160972963211475,0.5301944494095197,0.5964606172977283,0.49106465467947485,0.5154622368981818,0.5991023200548719
217,31,7,PX-007,silence feedback reset,0.5604859058086255,0.4952472344212312,0.5301944494095197,0.5964606172977283,0.4400507101166915,0.5154622368981818,0.5771354147073777
218,32,1,PX-001,amplify identity fracture,0.6227244630050551,0.4866724928806198,0.5301944494095197,0.5964606172977283,0.4400507101166915,0.5154622368981818,0.5771354147073777
219,32,2,PX-002,fracture to access recursion,0.6227244630050551,0.516273054345688,0.5301944494095197,0.6027107125874225,0.4400507101166915,0.5154622368981818,0.5771354147073777
220,32,3,PX-003,negation to lock formation,0.6367021499522203,0.516273054345688,0.5292716397486297,0.6027107125874225,0.4400507101166915,0.5154622368981818,0.5771354147073777
221,32,4,PX-004,lagged temporal recursion,0.6367021499522203,0.516273054345688,0.5292716397486297,0.5960046145568433,0.46341197536487105,0.5154622368981818,0.5771354147073777
222,32,5,PX-005,false signal injection,0.6367021499522203,0.516273054345688,0.5292716397486297,0.5960046145568433,0.49060475724458336,0.5154622368981818,0.5771354147073777
223,32,6,PX-006,signal to unstable utterance,0.6367021499522203,0.516273054345688,0.5292716397486297,0.5960046145568433,0.49060475724458336,0.5138050253777092,0.5966111210541261
224,32,7,PX-007,silence feedback reset,0.5618999028712973,0.4954934195905622,0.5292716397486297,0.5960046145568433,0.43982803400829407,0.5138050253777092,0.5749901579687305
225,33,1,PX-001,amplify identity fracture,0.6241238865472288,0.4869463044024769,0.5292716397486297,0.5960046145568433,0.43982803400829407,0.5138050253777092,0.5749901579687305
226,33,2,PX-002,fracture to access recursion,0.6241238865472288,0.516686267179589,0.5292716397486297,0.6022667805867153,0.43982803400829407,0.5138050253777092,0.5749901579687305
227,33,3,PX-003,negation to lock formation,0.6380346198839868,0.516686267179589,0.5286975012277675,0.6022667805867153,0.43982803400829407,0.5138050253777092,0.5749901579687305
228,33,4,PX-004,lagged temporal recursion,0.6380346198839868,0.516686267179589,0.5286975012277675,0.5958405357762303,0.4631921555123266,0.5138050253777092,0.5749901579687305
229,33,5,PX-005,false signal injection,0.6380346198839868,0.516686267179589,0.5286975012277675,0.5958405357762303,0.4904128086495439,0.5138050253777092,0.5749901579687305
230,33,6,PX-006,signal to unstable utterance,0.6380346198839868,0.516686267179589,0.5286975012277675,0.5958405357762303,0.4904128086495439,0.5125300642459931,0.5944996430300187
231,33,7,PX-007,silence feedback reset,0.5632525463399621,0.4959540053983551,0.5286975012277675,0.5958405357762303,0.43981216573349485,0.5125300642459931,0.5732205152655948
232,34,1,PX-001,amplify identity fracture,0.6254458867354392,0.4874252750826807,0.5286975012277675,0.5958405357762303,0.43981216573349485,0.5125300642459931,0.5732205152655948
233,34,2,PX-002,fracture to access recursion,0.6254458867354392,0.5172634311610421,0.5286975012277675,0.6021122431122482,0.43981216573349485,0.5125300642459931,0.5732205152655948
234,34,3,PX-003,negation to lock formation,0.6393002041730708,0.5172634311610421,0.5284118196235014,0.6021122431122482,0.43981216573349485,0.5125300642459931,0.5732205152655948
235,34,4,PX-004,lagged temporal recursion,0.6393002041730708,0.5172634311610421,0.5284118196235014,0.5959051244995011,0.463179481812013,0.5125300642459931,0.5732205152655948
236,34,5,PX-005,false signal injection,0.6393002041730708,0.5172634311610421,0.5284118196235014,0.5959051244995011,0.4904329759660135,0.5125300642459931,0.5732205152655948
237,34,6,PX-006,signal to unstable utterance,0.6393002041730708,0.5172634311610421,0.5284118196235014,0.5959051244995011,0.4904329759660135,0.5115977643106224,0.5927634869329894
238,34,7,PX-007,silence feedback reset,0.5645032685520105,0.4965591198128365,0.5284118196235014,0.5959051244995011,0.43995485936616513,0.5115977643106224,0.5718089827828022
239,35,1,PX-001,amplify identity fracture,0.6266550525116762,0.48804101085708546,0.5284118196235014,0.5959051244995011,0.43995485936616513,0.5115977643106224,0.5718089827828022
240,35,2,PX-002,fracture to access recursion,0.6266550525116762,0.5179419450736572,0.5284118196235014,0.6021840550738319,0.43995485936616513,0.5115977643106224,0.5718089827828022
241,35,3,PX-003,negation to lock formation,0.640463215096938,0.5179419450736572,0.528357131469981,0.6021840550738319,0.43995485936616513,0.5115977643106224,0.5718089827828022
242,35,4,PX-004,lagged temporal recursion,0.640463215096938,0.5179419450736572,0.528357131469981,0.5961409352651053,0.46332546774113437,0.5115977643106224,0.5718089827828022
243,35,5,PX-005,false signal injection,0.640463215096938,0.5179419450736572,0.528357131469981,0.5961409352651053,0.4906141017899127,0.5115977643106224,0.5718089827828022
244,35,6,PX-006,signal to unstable utterance,0.640463215096938,0.5179419450736572,0.528357131469981,0.5961409352651053,0.4906141017899127,0.5109641200064198,0.5913840324710586
245,35,7,PX-007,silence feedback reset,0.5656251858696586,0.49724967833474476,0.528357131469981,0.5961409352651053,0.44021283213300677,0.5109641200064198,0.5707276913319954
246,36,1,PX-001,amplify identity fracture,0.6277289365766096,0.48873585350679777,0.528357131469981,0.5961409352651053,0.44021283213300677,0.5109641200064198,0.5707276913319954
247,36,2,PX-002,fracture to access recursion,0.6277289365766096,0.5186699953283936,0.528357131469981,0.6024250226416866,0.44021283213300677,0.5109641200064198,0.5707276913319954
248,36,3,PX-003,negation to lock formation,0.6415005927968072,0.5186699953283936,0.5284803610402263,0.6024250226416866,0.44021283213300677,0.5109641200064198,0.5707276913319954
249,36,4,PX-004,lagged temporal recursion,0.6415005927968072,0.5186699953283936,0.5284803610402263,0.5964972770958088,0.4635866386300153,0.5109641200064198,0.5707276913319954
250,36,5,PX-005,false signal injection,0.6415005927968072,0.5186699953283936,0.5284803610402263,0.5964972770958088,0.4909106150945472,0.5109641200064198,0.5707276913319954
251,36,6,PX-006,signal to unstable utterance,0.6415005927968072,0.5186699953283936,0.5284803610402263,0.5964972770958088,0.4909106150945472,0.5105835304247098,0.5903325678215676
252,36,7,PX-007,silence feedback reset,0.5666029983005946,0.4979771687266954,0.5284803610402263,0.5964972770958088,0.4405483120947232,0.5105835304247098,0.569941988659907
253,37,1,PX-001,amplify identity fracture,0.6286559054695021,0.48946262579115574,0.5284803610402263,0.5964972770958088,0.4405483120947232,0.5105835304247098,0.569941988659907
254,37,2,PX-002,fracture to access recursion,0.6286559054695021,0.5194060644499096,0.5284803610402263,0.6027847299347634,0.4405483120947232,0.5105835304247098,0.569941988659907
255,37,3,PX-003,negation to lock formation,0.64239986018428,0.5194060644499096,0.5287338969517028,0.6027847299347634,0.4405483120947232,0.5105835304247098,0.569941988659907
256,37,4,PX-004,lagged temporal recursion,0.64239986018428,0.5194060644499096,0.5287338969517028,0.5969306604700609,0.46392508268409033,0.5105835304247098,0.569941988659907
257,37,5,PX-005,false signal injection,0.64239986018428,0.5194060644499096,0.5287338969517028,0.5969306604700609,0.4912830305023739,0.5105835304247098,0.569941988659907
258,37,6,PX-006,signal to unstable utterance,0.64239986018428,0.5194060644499096,0.5287338969517028,0.5969306604700609,0.4912830305023739,0.5104110104154084,0.5895738449756421
259,37,7,PX-007,silence feedback reset,0.5674309080034731,0.49870308872009755,0.5287338969517028,0.5969306604700609,0.44092926124942133,0.5104110104154084,0.5694134442835213
260,38,1,PX-001,amplify identity fracture,0.6294330638650362,0.49018404141740934,0.5287338969517028,0.5969306604700609,0.44092926124942133,0.5104110104154084,0.5694134442835213
261,38,2,PX-002,fracture to access recursion,0.6294330638650362,0.5201181618017271,0.5287338969517028,0.6032199709887094,0.44092926124942133,0.5104110104154084,0.5694134442835213
262,38,3,PX-003,negation to lock formation,0.6431571341306641,0.5201181618017271,0.5290762006365889,0.6032199709887094,0.44092926124942133,0.5104110104154084,0.5694134442835213
263,38,4,PX-004,lagged temporal recursion,0.6431571341306641,0.5201181618017271,0.5290762006365889,0.5974048477629812,0.4643086711194632,0.5104110104154084,0.5694134442835213
264,38,5,PX-005,false signal injection,0.6431571341306641,0.5201181618017271,0.5290762006365889,0.5974048477629812,0.4916981041897055,0.5104110104154084,0.5694134442835213
265,38,6,PX-006,signal to unstable utterance,0.6431571341306641,0.5201181618017271,0.5290762006365889,0.5974048477629812,0.4916981041897055,0.51040385301473,0.5890690584656281
266,38,7,PX-007,silence feedback reset,0.5681106317985058,0.4993981309473688,0.5290762006365889,0.5974048477629812,0.44132933046395173,0.51040385301473,0.5691022973533171
267,39,1,PX-001,amplify identity fracture,0.6300643139595153,0.49087187223888573,0.5290762006365889,0.5974048477629812,0.44132933046395173,0.51040385301473,0.5691022973533171
268,39,2,PX-002,fracture to access recursion,0.6300643139595153,0.5207828642115737,0.5290762006365889,0.6036947874579719,0.44132933046395173,0.51040385301473,0.5691022973533171
269,39,3,PX-003,negation to lock formation,0.6437752559477343,0.5207828642115737,0.5294720331746108,0.6036947874579719,0.44132933046395173,0.51040385301473,0.5691022973533171
270,39,4,PX-004,lagged temporal recursion,0.6437752559477343,0.5207828642115737,0.5294720331746108,0.5978905988730601,0.46471100634667223,0.51040385301473,0.5691022973533171
271,39,5,PX-005,false signal injection,0.6437752559477343,0.5207828642115737,0.5294720331746108,0.5978905988730601,0.4921287127816079,0.51040385301473,0.5691022973533171
272,39,6,PX-006,signal to unstable utterance,0.6437752559477343,0.5207828642115737,0.5294720331746108,0.5978905988730601,0.4921287127816079,0.5105228090037438,0.5887782658578422
273,39,7,PX-007,silence feedback reset,0.5686495654442478,0.5000411988825307,0.5294720331746108,0.5978905988730601,0.4417276022079604,0.5105228090037438,0.5689693825644667
274,40,1,PX-001,amplify identity fracture,0.6305585938932755,0.49150595491698107,0.5294720331746108,0.5978905988730601,0.4417276022079604,0.5105228090037438,0.5689693825644667
275,40,2,PX-002,fracture to access recursion,0.6305585938932755,0.5213842430022269,0.5294720331746108,0.6041802040443796,0.4417276022079604,0.5105228090037438,0.5689693825644667
276,40,3,PX-003,negation to lock formation,0.6442620869187643,0.5213842430022269,0.5298923803409812,0.6041802040443796,0.4417276022079604,0.5105228090037438,0.5689693825644667
277,40,4,PX-004,lagged temporal recursion,0.6442620869187643,0.5213842430022269,0.5298923803409812,0.5983651941034472,0.4651111562246806,0.5105228090037438,0.5689693825644667
278,40,5,PX-005,false signal injection,0.6442620869187643,0.5213842430022269,0.5298923803409812,0.5983651941034472,0.4925535186223984,0.5105228090037438,0.5689693825644667
279,40,6,PX-006,signal to unstable utterance,0.6442620869187643,0.5213842430022269,0.5298923803409812,0.5983651941034472,0.4925535186223984,0.5107328511471276,0.5886622844734192
280,40,7,PX-007,silence feedback reset,0.5690591401819926,0.500618326868282,0.5298923803409812,0.5983651941034472,0.4421081750047678,0.5107328511471276,0.5689775798793621
281,41,1,PX-001,amplify identity fracture,0.630928323619089,0.49207310874633886,0.5298923803409812,0.5983651941034472,0.4421081750047678,0.5107328511471276,0.5689775798793621
282,41,2,PX-002,fracture to access recursion,0.630928323619089,0.5219127426262641,0.5298923803409812,0.6046537437958364,0.4421081750047678,0.5107328511471276,0.5689775798793621
283,41,3,PX-003,negation to lock formation,0.644628998841129,0.5219127426262641,0.5303141483591554,0.6046537437958364,0.4421081750047678,0.5107328511471276,0.5689775798793621
284,41,4,PX-004,lagged temporal recursion,0.644628998841129,0.5219127426262641,0.5303141483591554,0.5988118059293004,0.46549322979146895,0.5107328511471276,0.5689775798793621
285,41,5,PX-005,false signal injection,0.644628998841129,0.5219127426262641,0.5303141483591554,0.5988118059293004,0.49295648041982837,0.5107328511471276,0.5689775798793621
286,41,6,PX-006,signal to unstable utterance,0.644628998841129,0.5219127426262641,0.5303141483591554,0.5988118059293004,0.49295648041982837,0.5110035901198369,0.5886841106179346
287,41,7,PX-007,silence feedback reset,0.5693533958788688,0.5011215662407065,0.5303141483591554,0.5988118059293004,0.4424596397032048,0.5110035901198369,0.5690928411009443
288,42,1,PX-001,amplify identity fracture,0.6311880728157163,0.4925660253646401,0.5303141483591554,0.5988118059293004,0.4424596397032048,0.5110035901198369,0.5690928411009443
289,42,2,PX-002,fracture to access recursion,0.6311880728157163,0.5223640646909025,0.5303141483591554,0.6050987948021236,0.4424596397032048,0.5110035901198369,0.5690928411009443
290,42,3,PX-003,negation to lock formation,0.6448895755594349,0.5223640646909025,0.530719694929744,0.6050987948021236,0.4424596397032048,0.5110035901198369,0.5690928411009443
291,42,4,PX-004,lagged temporal recursion,0.6448895755594349,0.5223640646909025,0.530719694929744,0.599218780552562,0.4658458455396165,0.5110035901198369,0.5690928411009443
292,42,5,PX-005,false signal injection,0.6448895755594349,0.5223640646909025,0.530719694929744,0.599218780552562,0.49332626250247974,0.5110035901198369,0.5690928411009443
293,42,6,PX-006,signal to unstable utterance,0.6448895755594349,0.5223640646909025,0.530719694929744,0.599218780552562,0.49332626250247974,0.5113094066987194,0.5888099154731878
294,42,7,PX-007,silence feedback reset,0.5695477807952414,0.5015478882994899,0.530719694929744,0.599218780552562,0.442774492339434,0.5113094066987194,0.5692848504514084
295,43,1,PX-001,amplify identity fracture,0.631353453648757,0.4929821798619461,0.530719694929744,0.599218780552562,0.442774492339434,0.5113094066987194,0.5692848504514084
296,43,2,PX-002,fracture to access recursion,0.631353453648757,0.5227380998855177,0.530719694929744,0.6055038889462746,0.442774492339434,0.5113094066987194,0.5692848504514084
297,43,3,PX-003,negation to lock formation,0.645058529579614,0.5227380998855177,0.5310962518165021,0.6055038889462746,0.442774492339434,0.5113094066987194,0.5692848504514084
298,43,4,PX-004,lagged temporal recursion,0.645058529579614,0.5227380998855177,0.5310962518165021,0.599578879541881,0.4661615375269035,0.5113094066987194,0.5692848504514084
299,43,5,PX-005,false signal injection,0.645058529579614,0.5227380998855177,0.5310962518165021,0.599578879541881,0.49365558908216933,0.5113094066987194,0.5692848504514084
300,43,6,PX-006,signal to unstable utterance,0.645058529579614,0.5227380998855177,0.5310962518165021,0.599578879541881,0.49365558908216933,0.5116293608239043,0.5890096761177366
301,43,7,PX-007,silence feedback reset,0.5696581760632423,0.5018981437409721,0.5310962518165021,0.599578879541881,0.44304852192498423,0.5116293608239043,0.569527377616047
302,44,1,PX-001,amplify identity fracture,0.6314402315743896,0.49332280173191734,0.5310962518165021,0.599578879541881,0.44304852192498423,0.5116293608239043,0.569527377616047
303,44,2,PX-002,fracture to access recursion,0.6314402315743896,0.5230379395247924,0.5310962518165021,0.6058619426754798,0.44304852192498423,0.5116293608239043,0.569527377616047
304,44,3,PX-003,negation to lock formation,0.6451508282115038,0.5230379395247924,0.5314352868224749,0.6058619426754798,0.44304852192498423,0.5116293608239043,0.569527377616047
305,44,4,PX-004,lagged temporal recursion,0.6451508282115038,0.5230379395247924,0.5314352868224749,0.599888521721593,0.46643613784469967,0.5116293608239043,0.569527377616047
306,44,5,PX-005,false signal injection,0.6451508282115038,0.5230379395247924,0.5314352868224749,0.599888521721593,0.49394058238926314,0.5116293608239043,0.569527377616047
307,44,6,PX-006,signal to unstable utterance,0.6451508282115038,0.5230379395247924,0.5314352868224749,0.599888521721593,0.49394058238926314,0.5119469329584937,0.5892575013571051
308,44,7,PX-007,silence feedback reset,0.5697001336181973,0.5021761075589024,0.5314352868224749,0.599888521721593,0.44328020447551036,0.5119469329584937,0.5697983806147183
309,45,1,PX-001,amplify identity fracture,0.6314636400099901,0.49359193357278847,0.5314352868224749,0.599888521721593,0.44328020447551036,0.5119469329584937,0.5697983806147183
310,45,2,PX-002,fracture to access recursion,0.6314636400099901,0.523268988435572,0.5314352868224749,0.6061694995765992,0.44328020447551036,0.5119469329584937,0.5697983806147183
311,45,3,PX-003,negation to lock formation,0.6451810163054503,0.523268988435572,0.5317318446187668,0.6061694995765992,0.44328020447551036,0.5119469329584937,0.5697983806147183
312,45,4,PX-004,lagged temporal recursion,0.6451810163054503,0.523268988435572,0.5317318446187668,0.6001470560776724,0.4666681667196034,0.5119469329584937,0.5697983806147183
313,45,5,PX-005,false signal injection,0.6451810163054503,0.523268988435572,0.5317318446187668,0.6001470560776724,0.4941801158007035,0.5119469329584937,0.5697983806147183
314,45,6,PX-006,signal to unstable utterance,0.6451810163054503,0.523268988435572,0.5317318446187668,0.6001470560776724,0.4941801158007035,0.5122496471338661,0.5895317106794913
315,45,7,PX-007,silence feedback reset,0.5696883095625108,0.5023876286840988,0.5317318446187668,0.6001470560776724,0.4434701274810959,0.5122496471338661,0.570079912816177
316,46,1,PX-001,amplify identity fracture,0.6314378794768128,0.4937955958172941,0.5317318446187668,0.6001470560776724,0.4434701274810959,0.5122496471338661,0.570079912816177
317,46,2,PX-002,fracture to access recursion,0.6314378794768128,0.5234381920320788,0.5317318446187668,0.6064260051390346,0.4434701274810959,0.5122496471338661,0.570079912816177
318,46,3,PX-003,negation to lock formation,0.6451627174195881,0.5234381920320788,0.5319838978294618,0.6064260051390346,0.4434701274810959,0.5122496471338661,0.570079912816177
319,46,4,PX-004,lagged temporal recursion,0.6451627174195881,0.5234381920320788,0.5319838978294618,0.6003560879841012,0.46685825427891764,0.5122496471338661,0.570079912816177
320,46,5,PX-005,false signal injection,0.6451627174195881,0.5234381920320788,0.5319838978294618,0.6003560879841012,0.49437520552965836,0.5122496471338661,0.570079912816177
321,46,6,PX-006,signal to unstable utterance,0.6451627174195881,0.5234381920320788,0.5319838978294618,0.6003560879841012,0.49437520552965836,0.5125286184975744,0.5898147212579511
322,46,7,PX-007,silence feedback reset,0.5696360705702244,0.5025398950633739,0.5319838978294618,0.6003560879841012,0.4436204622367028,0.5125286184975744,0.5703578838867543
323,47,1,PX-001,amplify identity fracture,0.6313757785678555,0.49394106732986337,0.5319838978294618,0.6003560879841012,0.4436204622367028,0.5125286184975744,0.5703578838867543
324,47,2,PX-002,fracture to access recursion,0.6313757785678555,0.5235533828410078,0.5319838978294618,0.6066331356461334,0.4436204622367028,0.5125286184975744,0.5703578838867543
325,47,3,PX-003,negation to lock formation,0.6451082919743797,0.5235533828410078,0.5321917322420362,0.6066331356461334,0.4436204622367028,0.5125286184975744,0.5703578838867543
326,47,4,PX-004,lagged temporal recursion,0.6451082919743797,0.5235533828410078,0.5321917322420362,0.6005188736432387,0.4670086111702061,0.5125286184975744,0.5703578838867543
327,47,5,PX-005,false signal injection,0.6451082919743797,0.5235533828410078,0.5321917322420362,0.6005188736432387,0.49452845743817814,0.5125286184975744,0.5703578838867543
328,47,6,PX-006,signal to unstable utterance,0.6451082919743797,0.5235533828410078,0.5321917322420362,0.6005188736432387,0.49452845743817814,0.5127780614003342,0.5900927930429662
329,47,7,PX-007,silence feedback reset,0.5695552486489204,0.502640817652183,0.5321917322420362,0.6005188736432387,0.4437344953183094,0.5127780614003342,0.5706217189310934
330,48,1,PX-001,amplify identity fracture,0.6312885925496572,0.4940362846309745,0.5321917322420362,0.6005188736432387,0.4437344953183094,0.5127780614003342,0.5706217189310934
331,48,2,PX-002,fracture to access recursion,0.6312885925496572,0.5236227455546981,0.5321917322420362,0.606794195768645,0.4437344953183094,0.5127780614003342,0.5706217189310934
332,48,3,PX-003,negation to lock formation,0.645028629350921,0.5236227455546981,0.5323573831777607,0.606794195768645,0.4437344953183094,0.5127780614003342,0.5706217189310934
333,48,4,PX-004,lagged temporal recursion,0.645028629350921,0.5236227455546981,0.5323573831777607,0.6006397913371816,0.46712255908451517,0.5127780614003342,0.5706217189310934
334,48,5,PX-005,false signal injection,0.645028629350921,0.5236227455546981,0.5323573831777607,0.6006397913371816,0.4946435793191898,0.5127780614003342,0.5706217189310934
335,48,6,PX-006,signal to unstable utterance,0.645028629350921,0.5236227455546981,0.5323573831777607,0.6006397913371816,0.4946435793191898,0.5129947873547765,0.5903556761454228
336,48,7,PX-007,silence feedback reset,0.5694560189911192,0.5026985309904978,0.5323573831777607,0.6006397913371816,0.44381622520970687,0.5129947873547765,0.5708639539722264
337,49,1,PX-001,amplify identity fracture,0.6311859152704474,0.4940893568587798,0.5323573831777607,0.6006397913371816,0.44381622520970687,0.5129947873547765,0.5708639539722264
338,49,2,PX-002,fracture to access recursion,0.6311859152704474,0.523654394912161,0.5323573831777607,0.6069135931897612,0.44381622520970687,0.5129947873547765,0.5708639539722264
339,49,3,PX-003,negation to lock formation,0.6449330506676427,0.523654394912161,0.5324841340464834,0.6069135931897612,0.44381622520970687,0.5129947873547765,0.5708639539722264
340,49,4,PX-004,lagged temporal recursion,0.6449330506676427,0.523654394912161,0.5324841340464834,0.6007238929066439,0.46720412697515445,0.5129947873547765,0.5708639539722264
341,49,5,PX-005,false signal injection,0.6449330506676427,0.523654394912161,0.5324841340464834,0.6007238929066439,0.49472496372013985,0.5129947873547765,0.5708639539722264
342,49,6,PX-006,signal to unstable utterance,0.6449330506676427,0.523654394912161,0.5324841340464834,0.6007238929066439,0.49472496372013985,0.513177715813337,0.5905961983590372
343,49,7,PX-007,silence feedback reset,0.5693468763821865,0.5027210036283146,0.5324841340464834,0.6007238929066439,0.44387002575420564,0.513177715813337,0.5710797996114486
344,50,1,PX-001,amplify identity fracture,0.6310756810075734,0.49410818932793893,0.5324841340464834,0.6007238929066439,0.44387002575420564,0.513177715813337,0.5710797996114486
345,50,2,PX-002,fracture to access recursion,0.6310756810075734,0.523656057260555,0.5324841340464834,0.6069963934666094,0.44387002575420564,0.513177715813337,0.5710797996114486
346,50,3,PX-003,negation to lock formation,0.6448292998187689,0.523656057260555,0.5325760829971141,0.6069963934666094,0.44387002575420564,0.513177715813337,0.5710797996114486
347,50,4,PX-004,lagged temporal recursion,0.6448292998187689,0.523656057260555,0.5325760829971141,0.6007765347666623,0.46725771447071396,0.513177715813337,0.5710797996114486
348,50,5,PX-005,false signal injection,0.6448292998187689,0.523656057260555,0.5325760829971141,0.6007765347666623,0.4947773421050631,0.513177715813337,0.5710797996114486
349,50,6,PX-006,signal to unstable utterance,0.6448292998187689,0.523656057260555,0.5325760829971141,0.6007765347666623,0.4947773421050631,0.5133274148346625,0.5908098242016857
350,50,7,PX-007,silence feedback reset,0.5692346873177327,0.5027157485711913,0.5325760829971141,0.6007765347666623,0.44390037473428384,0.5133274148346625,0.5712666985193761
351,51,1,PX-001,amplify identity fracture,0.6309642346450118,0.49410020559179246,0.5325760829971141,0.6007765347666623,0.44390037473428384,0.5133274148346625,0.5712666985193761
352,51,2,PX-002,fracture to access recursion,0.6309642346450118,0.5236348444018672,0.5325760829971141,0.6070479542796332,0.44390037473428384,0.5133274148346625,0.5712666985193761
353,51,3,PX-003,negation to lock formation,0.6447236019849532,0.5236348444018672,0.5326377793802998,0.6070479542796332,0.44390037473428384,0.5133274148346625,0.5712666985193761
354,51,4,PX-004,lagged temporal recursion,0.6447236019849532,0.5236348444018672,0.5326377793802998,0.6008030846566509,0.4672878206508073,0.5133274148346625,0.5712666985193761
355,51,5,PX-005,false signal injection,0.6447236019849532,0.5236348444018672,0.5326377793802998,0.6008030846566509,0.49480550785800703,0.5133274148346625,0.5712666985193761
356,51,6,PX-006,signal to unstable utterance,0.6447236019849532,0.5236348444018672,0.5326377793802998,0.6008030846566509,0.49480550785800703,0.5134456834700097,0.5909942105768871
357,51,7,PX-007,silence feedback reset,0.5691247972934788,0.5026896219797014,0.5326377793802998,0.6008030846566509,0.44391164341499695,0.5134456834700097,0.5714238965811882
358,52,1,PX-001,amplify identity fracture,0.6308564508558132,0.4940721561028244,0.5326377793802998,0.6008030846566509,0.44391164341499695,0.5134456834700097,0.5714238965811882
359,52,2,PX-002,fracture to access recursion,0.6308564508558132,0.5235971071127857,0.5326377793802998,0.6070736351579147,0.44391164341499695,0.5134456834700097,0.5714238965811882
360,52,3,PX-003,negation to lock formation,0.6446207709694701,0.5235971071127857,0.5326739284397155,0.6070736351579147,0.44391164341499695,0.5134456834700097,0.5714238965811882
361,52,4,PX-004,lagged temporal recursion,0.6446207709694701,0.5235971071127857,0.5326739284397155,0.6008086981037852,0.4672988339235326,0.5134456834700097,0.5714238965811882
362,52,5,PX-005,false signal injection,0.6446207709694701,0.5235971071127857,0.5326739284397155,0.6008086981037852,0.49481410324734,0.5134456834700097,0.5714238965811882
363,52,6,PX-006,signal to unstable utterance,0.6446207709694701,0.5235971071127857,0.5326739284397155,0.6008086981037852,0.49481410324734,0.5135351831820651,0.591148778301051
364,52,7,PX-007,silence feedback reset,0.5690211753899727,0.5026486974016876,0.5326739284397155,0.6008086981037852,0.44390794122554444,0.5135351831820651,0.5715520422238847
365,53,1,PX-001,amplify identity fracture,0.6307558855415782,0.4940300007160543,0.5326739284397155,0.6008086981037852,0.44390794122554444,0.5135351831820651,0.5715520422238847
366,53,2,PX-002,fracture to access recursion,0.6307558855415782,0.5235483553549309,0.5326739284397155,0.6070785765911779,0.44390794122554444,0.5135351831820651,0.5715520422238847
367,53,3,PX-003,negation to lock formation,0.6445243491479388,0.5235483553549309,0.5326891601839481,0.6070785765911779,0.44390794122554444,0.5135351831820651,0.5715520422238847
368,53,4,PX-004,lagged temporal recursion,0.6445243491479388,0.5235483553549309,0.5326891601839481,0.6007981571365982,0.46729487711324375,0.5135351831820651,0.5715520422238847
369,53,5,PX-005,false signal injection,0.6445243491479388,0.5235483553549309,0.5326891601839481,0.6007981571365982,0.4948074638912226,0.5135351831820651,0.5715520422238847
370,53,6,PX-006,signal to unstable utterance,0.6445243491479388,0.5235483553549309,0.5326891601839481,0.6007981571365982,0.4948074638912226,0.5135991218387213,0.591274313466666
371,53,7,PX-007,silence feedback reset,0.5689265810644748,0.5025982026535337,0.5326891601839481,0.6007981571365982,0.44389300877653226,0.5135991218387213,0.5716528237995306
372,54,1,PX-001,amplify identity fracture,0.630664945461244,0.4939788522000299,0.5326891601839481,0.6007981571365982,0.44389300877653226,0.5135991218387213,0.5716528237995306
373,54,2,PX-002,fracture to access recursion,0.630664945461244,0.523493232482002,0.5326891601839481,0.6070675410305982,0.44389300877653226,0.5135991218387213,0.5716528237995306
374,54,3,PX-003,negation to lock formation,0.6444367663631092,0.523493232482002,0.5326878566773828,0.6070675410305982,0.44389300877653226,0.5135991218387213,0.5716528237995306
375,54,4,PX-004,lagged temporal recursion,0.6444367663631092,0.523493232482002,0.5326878566773828,0.6007757629970785,0.4672797009137525,0.5135991218387213,0.5716528237995306
376,54,5,PX-005,false signal injection,0.6444367663631092,0.523493232482002,0.5326878566773828,0.6007757629970785,0.49478951336501964,0.5135991218387213,0.5716528237995306
377,54,6,PX-006,signal to unstable utterance,0.6444367663631092,0.523493232482002,0.5326878566773828,0.6007757629970785,0.49478951336501964,0.5136409907934653,0.5913726080092664
378,54,7,PX-007,silence feedback reset,0.5688427408171687,0.5025425069112398,0.5326878566773828,0.6007757629970785,0.44387015198958263,0.5136409907934653,0.5717286509383998
379,55,1,PX-001,amplify identity fracture,0.6305850646170221,0.4939229684257729,0.5326878566773828,0.6007757629970785,0.44387015198958263,0.5136409907934653,0.5717286509383998
380,55,2,PX-002,fracture to access recursion,0.6305850646170221,0.5234355315254359,0.5326878566773828,0.6070448075178823,0.44387015198958263,0.5136409907934653,0.5717286509383998
381,55,3,PX-003,negation to lock formation,0.6443595066070362,0.5234355315254359,0.5326740309253742,0.6070448075178823,0.44387015198958263,0.5136409907934653,0.5717286509383998
382,55,4,PX-004,lagged temporal recursion,0.6443595066070362,0.5234355315254359,0.5326740309253742,0.6007452743423121,0.4672566184574903,0.5136409907934653,0.5717286509383998
383,55,5,PX-005,false signal injection,0.6443595066070362,0.5234355315254359,0.5326740309253742,0.6007452743423121,0.49476370024254457,0.5136409907934653,0.5717286509383998
384,55,6,PX-006,signal to unstable utterance,0.6443595066070362,0.5234355315254359,0.5326740309253742,0.6007452743423121,0.49476370024254457,0.5136643532306135,0.5914461449557903
385,55,7,PX-007,silence feedback reset,0.5687705250005376,0.5024851464533934,0.5326740309253742,0.6007452743423121,0.4438422101262857,0.5136643532306135,0.571782382526985
386,56,1,PX-001,amplify identity fracture,0.6305168784485465,0.4938657818266871,0.5326740309253742,0.6007452743423121,0.4438422101262857,0.5136643532306135,0.571782382526985
387,56,2,PX-002,fracture to access recursion,0.6305168784485465,0.5233782427452733,0.5326740309253742,0.6070141114439861,0.4438422101262857,0.5136643532306135,0.571782382526985
388,56,3,PX-003,negation to lock formation,0.6442932737071564,0.5233782427452733,0.5326512500088929,0.6070141114439861,0.4438422101262857,0.5136643532306135,0.571782382526985
389,56,4,PX-004,lagged temporal recursion,0.6442932737071564,0.5233782427452733,0.5326512500088929,0.6007098825847592,0.4672284737720404,0.5136643532306135,0.571782382526985
390,56,5,PX-005,false signal injection,0.6442932737071564,0.5233782427452733,0.5326512500088929,0.6007098825847592,0.49473296994060745,0.5136643532306135,0.571782382526985
391,56,6,PX-006,signal to unstable utterance,0.6442932737071564,0.5233782427452733,0.5326512500088929,0.6007098825847592,0.49473296994060745,0.5136726802538546,0.59149783065032
392,56,7,PX-007,silence feedback reset,0.5687101174114315,0.5024288786668045,0.5326512500088929,0.6007098825847592,0.44381155083139034,0.5136726802538546,0.5718171013808635
393,57,1,PX-001,amplify identity fracture,0.6304603891444689,0.49380995591532584,0.5326512500088929,0.6007098825847592,0.44381155083139034,0.5136726802538546,0.5718171013808635
394,57,2,PX-002,fracture to access recursion,0.6304603891444689,0.5233236229355834,0.5326512500088929,0.6069786211102027,0.44381155083139034,0.5136726802538546,0.5718171013808635
395,57,3,PX-003,negation to lock formation,0.6442381493997366,0.5233236229355834,0.532622595039674,0.6069786211102027,0.44381155083139034,0.5136726802538546,0.5718171013808635
396,57,4,PX-004,lagged temporal recursion,0.6442381493997366,0.5233236229355834,0.532622595039674,0.6006722164874336,0.46719763722966756,0.5136726802538546,0.5718171013808635
397,57,5,PX-005,false signal injection,0.6442381493997366,0.5233236229355834,0.532622595039674,0.6006722164874336,0.49469976412747496,0.5136726802538546,0.5718171013808635
398,57,6,PX-006,signal to unstable utterance,0.6442381493997366,0.5233236229355834,0.532622595039674,0.6006722164874336,0.49469976412747496,0.5136692300527705,0.5915307737450596
399,57,7,PX-007,silence feedback reset,0.5686611723996517,0.5023757552564537,0.532622595039674,0.6006722164874336,0.44378008585193157,0.5136692300527705,0.5718359337197945
400,58,1,PX-001,amplify identity fracture,0.6304151173705815,0.49375745998389586,0.532622595039674,0.6006722164874336,0.44378008585193157,0.5136692300527705,0.5718359337197945
401,58,2,PX-002,fracture to access recursion,0.6304151173705815,0.5232732783659588,0.532622595039674,0.6069409432400706,0.44378008585193157,0.5136692300527705,0.5718359337197945
402,58,3,PX-003,negation to lock formation,0.644193739091056,0.5232732783659588,0.53259065075723,0.6069409432400706,0.44378008585193157,0.5136692300527705,0.5718359337197945
403,58,4,PX-004,lagged temporal recursion,0.644193739091056,0.5232732783659588,0.53259065075723,0.6006343688126552,0.4671660216458064,0.5136692300527705,0.5718359337197945
404,58,5,PX-005,false signal injection,0.644193739091056,0.5232732783659588,0.53259065075723,0.6006343688126552,0.4946660410623418,0.5136692300527705,0.5718359337197945
405,58,6,PX-006,signal to unstable utterance,0.644193739091056,0.5232732783659588,0.53259065075723,0.6006343688126552,0.4946660410623418,0.5136569648098751,0.5915481088529606
406,58,7,PX-007,silence feedback reset,0.5686229560246331,0.502327206993956,0.53259065075723,0.6006343688126552,0.44374930177745253,0.5136569648098751,0.5718419101449711
407,59,1,PX-001,amplify identity fracture,0.6303802374153783,0.4937096545069997,0.53259065075723,0.6006343688126552,0.44374930177745253,0.5136569648098751,0.5718419101449711
408,59,2,PX-002,fracture to access recursion,0.6303802374153783,0.5232282546379114,0.53259065075723,0.6069031502777109,0.44374930177745253,0.5136569648098751,0.5718419101449711
409,59,3,PX-003,negation to lock formation,0.6441593022531058,0.5232282546379114,0.5325575180819542,0.6069031502777109,0.44374930177745253,0.5136569648098751,0.5718419101449711
410,59,4,PX-004,lagged temporal recursion,0.6441593022531058,0.5232282546379114,0.5325575180819542,0.6005979386402494,0.4671351133678288,0.5136569648098751,0.5718419101449711
411,59,5,PX-005,false signal injection,0.6441593022531058,0.5232282546379114,0.5325575180819542,0.6005979386402494,0.49463331097254787,0.5136569648098751,0.5718419101449711
412,59,6,PX-006,signal to unstable utterance,0.6441593022531058,0.5232282546379114,0.5325575180819542,0.6005979386402494,0.49463331097254787,0.5136384997250879,0.5915528614134282
413,59,7,PX-007,silence feedback reset,0.5685944692916254,0.5022841337157579,0.5325575180819542,0.6005979386402494,0.44372030090052833,0.5136384997250879,0.571837863890575
414,60,1,PX-001,amplify identity fracture,0.6303546941662328,0.4936673811330535,0.5325575180819542,0.6005979386402494,0.44372030090052833,0.5136384997250879,0.571837863890575
415,60,2,PX-002,fracture to access recursion,0.6303546941662328,0.5231891280748113,0.5325575180819542,0.606866823127272,0.44372030090052833,0.5136384997250879,0.571837863890575
416,60,3,PX-003,negation to lock formation,0.6441338657734296,0.5231891280748113,0.532524843593611,0.606866823127272,0.44372030090052833,0.5136384997250879,0.571837863890575
417,60,4,PX-004,lagged temporal recursion,0.6441338657734296,0.5231891280748113,0.532524843593611,0.6005640838563964,0.46710601345055935,0.5136384997250879,0.571837863890575
418,60,5,PX-005,false signal injection,0.6441338657734296,0.5231891280748113,0.532524843593611,0.6005640838563964,0.4946026813816544,0.5136384997250879,0.571837863890575
419,60,6,PX-006,signal to unstable utterance,0.6441338657734296,0.5231891280748113,0.532524843593611,0.6005640838563964,0.4946026813816544,0.5136160785538514,0.5915478494473195
420,60,7,PX-007,silence feedback reset,0.5685745527126395,0.5022469945874691,0.532524843593611,0.6005640838563964,0.4436938480702613,0.5136160785538514,0.5718263615957261
421,61,1,PX-001,amplify identity fracture,0.6303373014638193,0.4936310524413489,0.532524843593611,0.6005640838563964,0.4436938480702613,0.5136160785538514,0.5718263615957261
422,61,2,PX-002,fracture to access recursion,0.6303373014638193,0.523156094502599,0.532524843593611,0.606833103873209,0.4436938480702613,0.5136160785538514,0.5718263615957261
423,61,3,PX-003,negation to lock formation,0.6441163196876528,0.523156094502599,0.5324938606540787,0.606833103873209,0.4436938480702613,0.5136160785538514,0.5718263615957261
424,61,4,PX-004,lagged temporal recursion,0.6441163196876528,0.523156094502599,0.5324938606540787,0.6005335792144123,0.4670794847892767,0.5136160785538514,0.5718263615957261
425,61,5,PX-005,false signal injection,0.6441163196876528,0.523156094502599,0.5324938606540787,0.6005335792144123,0.4945749081228817,0.5136160785538514,0.5718263615957261
426,61,6,PX-006,signal to unstable utterance,0.6441163196876528,0.523156094502599,0.5324938606540787,0.6005335792144123,0.4945749081228817,0.5135915703042401,0.5915356173939311
427,61,7,PX-007,silence feedback reset,0.5685619723863409,0.5022158948457379,0.5324938606540787,0.6005335792144123,0.443670420166173,0.5135915703042401,0.5718096616424768
428,62,1,PX-001,amplify identity fracture,0.6303268222598639,0.4936007378186415,0.5324938606540787,0.6005335792144123,0.443670420166173,0.5135915703042401,0.5718096616424768
429,62,2,PX-002,fracture to access recursion,0.6303268222598639,0.5231290523879956,0.5324938606540787,0.606802753919404,0.443670420166173,0.5135915703042401,0.5718096616424768
430,62,3,PX-003,negation to lock formation,0.6441054955867985,0.5231290523879956,0.5324654376822224,0.606802753919404,0.443670420166173,0.5135915703042401,0.5718096616424768
431,62,4,PX-004,lagged temporal recursion,0.6441054955867985,0.5231290523879956,0.5324654376822224,0.6005068762425402,0.46705600183648655,0.5135915703042401,0.5718096616424768
432,62,5,PX-005,false signal injection,0.6441054955867985,0.5231290523879956,0.5324654376822224,0.6005068762425402,0.4945504485700948,0.5135915703042401,0.5718096616424768
433,62,6,PX-006,signal to unstable utterance,0.6441054955867985,0.5231290523879956,0.5324654376822224,0.6005068762425402,0.4945504485700948,0.5135664821508157,0.5915183970554483
434,62,7,PX-007,silence feedback reset,0.5685554885016475,0.5021906662904172,0.5324654376822224,0.6005068762425402,0.44365025552890053,0.5135664821508157,0.5717896951594367
435,63,1,PX-001,amplify identity fracture,0.6303220316503862,0.49357624285071383,0.5324654376822224,0.6005068762425402,0.44365025552890053,0.5135664821508157,0.5717896951594367
436,63,2,PX-002,fracture to access recursion,0.6303220316503862,0.5231076782663732,0.5324654376822224,0.6067762138561046,0.44365025552890053,0.5135664821508157,0.5717896951594367
437,63,3,PX-003,negation to lock formation,0.6441002286339637,0.5231076782663732,0.5324401298741419,0.6067762138561046,0.44365025552890053,0.5135664821508157,0.5717896951594367
438,63,4,PX-004,lagged temporal recursion,0.6441002286339637,0.5231076782663732,0.5324401298741419,0.600484162091407,0.46703580023859526,0.5135664821508157,0.5717896951594367
439,63,5,PX-005,false signal injection,0.6441002286339637,0.5231076782663732,0.5324401298741419,0.600484162091407,0.49452951436493997,0.5135664821508157,0.5717896951594367
440,63,6,PX-006,signal to unstable utterance,0.6441002286339637,0.5231076782663732,0.5324401298741419,0.600484162091407,0.49452951436493997,0.5135419841414333,0.5914980907532396
441,63,7,PX-007,silence feedback reset,0.5685539076715715,0.5021709397158776,0.5324401298741419,0.600484162091407,0.4436334013293749,0.5135419841414333,0.5717680650345494
442,64,1,PX-001,amplify identity fracture,0.6303217643028909,0.4935571805203397,0.5324401298741419,0.600484162091407,0.4436334013293749,0.5135419841414333,0.5717680650345494
443,64,2,PX-002,fracture to access recursion,0.6303217643028909,0.5230914932079069,0.5324401298741419,0.6067536621777614,0.4436334013293749,0.5135419841414333,0.5717680650345494
444,64,3,PX-003,negation to lock formation,0.644099404573775,0.5230914932079069,0.5324182314115616,0.6067536621777614,0.4436334013293749,0.5135419841414333,0.5717680650345494
445,64,4,PX-004,lagged temporal recursion,0.644099404573775,0.5230914932079069,0.5324182314115616,0.6004654151548298,0.4670189243748075,0.5135419841414333,0.5717680650345494
446,64,5,PX-005,false signal injection,0.644099404573775,0.5230914932079069,0.5324182314115616,0.6004654151548298,0.4945121215956305,0.5135419841414333,0.5717680650345494
447,64,6,PX-006,signal to unstable utterance,0.644099404573775,0.5230914932079069,0.5324182314115616,0.6004654151548298,0.4945121215956305,0.5135189418500821,0.5914762720622729
448,64,7,PX-007,silence feedback reset,0.5685561208274025,0.5021562082387659,0.5324182314115616,0.6004654151548298,0.44361975742906584,0.5135189418500821,0.571746058658015
449,65,1,PX-001,amplify identity fracture,0.6303249480720823,0.4935430332520309,0.5324182314115616,0.6004654151548298,0.44361975742906584,0.5135189418500821,0.571746058658015
450,65,2,PX-002,fracture to access recursion,0.6303249480720823,0.5230799197407716,0.5324182314115616,0.606735070712064,0.44361975742906584,0.5135189418500821,0.571746058658015
451,65,3,PX-003,negation to lock formation,0.6441019934018987,0.5230799197407716,0.5323998258921404,0.606735070712064,0.44361975742906584,0.5135189418500821,0.571746058658015
452,65,4,PX-004,lagged temporal recursion,0.6441019934018987,0.5230799197407716,0.5323998258921404,0.600450455949949,0.4670052713523941,0.5135189418500821,0.571746058658015
453,65,5,PX-005,false signal injection,0.6441019934018987,0.5230799197407716,0.5323998258921404,0.600450455949949,0.494498136979534,0.5135189418500821,0.571746058658015
454,65,6,PX-006,signal to unstable utterance,0.6441019934018987,0.5230799197407716,0.5323998258921404,0.600450455949949,0.494498136979534,0.5134979537258086,0.5914541998795746
455,65,7,PX-007,silence feedback reset,0.5685611285787529,0.502145881104743,0.5323998258921404,0.600450455949949,0.44360911577553286,0.5134979537258086,0.5717246705792418
456,66,1,PX-001,amplify identity fracture,0.6303306257346372,0.493533205451023,0.5323998258921404,0.600450455949949,0.44360911577553286,0.5134979537258086,0.5717246705792418
457,66,2,PX-002,fracture to access recursion,0.6303306257346372,0.5230723291821203,0.5323998258921404,0.6067202552688464,0.44360911577553286,0.5134979537258086,0.5717246705792418
458,66,3,PX-003,negation to lock formation,0.6441070715091084,0.5230723291821203,0.5323848333334099,0.6067202552688464,0.44360911577553286,0.5134979537258086,0.5717246705792418
459,66,4,PX-004,lagged temporal recursion,0.6441070715091084,0.5230723291821203,0.5323848333334099,0.6004389923006668,0.466994630504964,0.5134979537258086,0.5717246705792418
460,66,5,PX-005,false signal injection,0.6441070715091084,0.5230723291821203,0.5323848333334099,0.6004389923006668,0.4944873191134061,0.5134979537258086,0.5717246705792418
461,66,6,PX-006,signal to unstable utterance,0.6441070715091084,0.5230723291821203,0.5323848333334099,0.6004389923006668,0.4944873191134061,0.5134793904750885,0.5914328420530566
462,66,7,PX-007,silence feedback reset,0.5685680560009008,0.5021393280480232,0.5323848333334099,0.6004389923006668,0.4436011947894287,0.5134793904750885,0.5717046317702
463,67,1,PX-001,amplify identity fracture,0.6303379667977503,0.49352706665885226,0.5323848333334099,0.6004389923006668,0.4436011947894287,0.5134793904750885,0.5717046317702
464,67,2,PX-002,fracture to access recursion,0.6303379667977503,0.5230680797331866,0.5323848333334099,0.6067089205716731,0.4436011947894287,0.5134793904750885,0.5717046317702
465,67,3,PX-003,negation to lock formation,0.6441138341519943,0.5230680797331866,0.5323730526390208,0.6067089205716731,0.4436011947894287,0.5134793904750885,0.5717046317702
466,67,4,PX-004,lagged temporal recursion,0.6441138341519943,0.5230680797331866,0.5323730526390208,0.6004306583317769,0.46698671785296053,0.5134793904750885,0.5717046317702
467,67,5,PX-005,false signal injection,0.6441138341519943,0.5230680797331866,0.5323730526390208,0.6004306583317769,0.4944793542817191,0.5134793904750885,0.5717046317702
468,67,6,PX-006,signal to unstable utterance,0.6441138341519943,0.5230680797331866,0.5323730526390208,0.6004306583317769,0.4944793542817191,0.513463434370673,0.5914129053093742
469,67,7,PX-007,silence feedback reset,0.5685761587736584,0.5021359146473515,0.5323730526390208,0.6004306583317769,0.4435956685340347,0.513463434370673,0.5716864427096704
470,68,1,PX-001,amplify identity fracture,0.6303462712745546,0.4935239858033062,0.5323730526390208,0.6004306583317769,0.4435956685340347,0.513463434370673,0.5716864427096704
471,68,2,PX-002,fracture to access recursion,0.6303462712745546,0.5230665459881785,0.5323730526390208,0.606700698994652,0.4435956685340347,0.513463434370673,0.5716864427096704
472,68,3,PX-003,negation to lock formation,0.644121600055195,0.5230665459881785,0.5323641988693972,0.606700698994652,0.4435956685340347,0.513463434370673,0.5716864427096704
473,68,4,PX-004,lagged temporal recursion,0.644121600055195,0.5230665459881785,0.5323641988693972,0.600425047153651,0.46698120532102105,0.513463434370673,0.5716864427096704
474,68,5,PX-005,false signal injection,0.644121600055195,0.5230665459881785,0.5323641988693972,0.600425047153651,0.494473886658368,0.513463434370673,0.5716864427096704
475,68,6,PX-006,signal to unstable utterance,0.644121600055195,0.5230665459881785,0.5323641988693972,0.600425047153651,0.494473886658368,0.5134501168886358,0.5913948687426261
476,68,7,PX-007,silence feedback reset,0.5685848224894368,0.5021350293847344,0.5323641988693972,0.600425047153651,0.4435921907214899,0.5134501168886358,0.5716704080139066
477,69,1,PX-001,amplify identity fracture,0.6303549671952647,0.49352335727094104,0.5323641988693972,0.600425047153651,0.4435921907214899,0.5134501168886358,0.5716704080139066
478,69,2,PX-002,fracture to access recursion,0.6303549671952647,0.5230671407028555,0.5323641988693972,0.6066951829961055,0.4435921907214899,0.5134501168886358,0.5716704080139066
479,69,3,PX-003,negation to lock formation,0.6441298098403345,0.5230671407028555,0.5323579350303107,0.6066951829961055,0.4435921907214899,0.5134501168886358,0.5716704080139066
480,69,4,PX-004,lagged temporal recursion,0.6441298098403345,0.5230671407028555,0.5323579350303107,0.6004217374054392,0.46697774477019693,0.5134501168886358,0.5716704080139066
481,69,5,PX-005,false signal injection,0.6441298098403345,0.5230671407028555,0.5323579350303107,0.6004217374054392,0.4944705430058648,0.5134501168886358,0.5716704080139066
482,69,6,PX-006,signal to unstable utterance,0.6441298098403345,0.5230671407028555,0.5323579350303107,0.6004217374054392,0.4944705430058648,0.5134393535274714,0.5913790186356466
483,69,7,PX-007,silence feedback reset,0.568593556793073,0.5021361032839553,0.5323579350303107,0.6004217374054392,0.44359041380779235,0.5134393535274714,0.571656670820901
484,70,1,PX-001,amplify identity fracture,0.6303636034560935,0.49352461969088673,0.5323579350303107,0.6004217374054392,0.44359041380779235,0.5134393535274714,0.571656670820901
485,70,2,PX-002,fracture to access recursion,0.6303636034560935,0.5230693297832222,0.5323579350303107,0.6066919514257777,0.44359041380779235,0.5134393535274714,0.571656670820901
486,70,3,PX-003,negation to lock formation,0.6441380198240995,0.5230693297832222,0.5323538983868048,0.6066919514257777,0.44359041380779235,0.5134393535274714,0.571656670820901
487,70,4,PX-004,lagged temporal recursion,0.6441380198240995,0.5230693297832222,0.5323538983868048,0.600420314036867,0.46697598710101773,0.5134393535274714,0.571656670820901
488,70,5,PX-005,false signal injection,0.6441380198240995,0.5230693297832222,0.5323538983868048,0.600420314036867,0.4944689521763378,0.5134393535274714,0.571656670820901
489,70,6,PX-006,signal to unstable utterance,0.6441380198240995,0.5230693297832222,0.5323538983868048,0.600420314036867,0.4944689521763378,0.5134309750537014,0.5913654828646878
490,70,7,PX-007,silence feedback reset,0.5686019858301635,0.5021386230998512,0.5323538983868048,0.600420314036867,0.4435900035690397,0.5134309750537014,0.5716452455750907
491,71,1,PX-001,amplify identity fracture,0.6303718394156104,0.49352726840441163,0.5323538983868048,0.600420314036867,0.4435900035690397,0.5134309750537014,0.5716452455750907
492,71,2,PX-002,fracture to access recursion,0.6303718394156104,0.5230726415025962,0.5323538983868048,0.6066905900916925,0.4435900035690397,0.5134309750537014,0.5716452455750907
493,71,3,PX-003,negation to lock formation,0.6441458925486014,0.5230726415025962,0.5323517215329513,0.6066905900916925,0.4435900035690397,0.5134309750537014,0.5716452455750907
494,71,4,PX-004,lagged temporal recursion,0.6441458925486014,0.5230726415025962,0.5323517215329513,0.6004203838543809,0.46697559682366413,0.5134309750537014,0.5716452455750907
495,71,5,PX-005,false signal injection,0.6441458925486014,0.5230726415025962,0.5323517215329513,0.6004203838543809,0.49446875985857547,0.5134309750537014,0.5716452455750907
496,71,6,PX-006,signal to unstable utterance,0.6441458925486014,0.5230726415025962,0.5323517215329513,0.6004203838543809,0.49446875985857547,0.51342475474632,0.5913542635742656
497,71,7,PX-007,silence feedback reset,0.5686098362789097,0.5021421390610932,0.5323517215329513,0.6004203838543809,0.4435906496423021,0.51342475474632,0.5716360482490921
498,72,1,PX-001,amplify identity fracture,0.630379432444218,0.4935308626201263,0.5323517215329513,0.6004203838543809,0.4435906496423021,0.51342475474632,0.5716360482490921
499,72,2,PX-002,fracture to access recursion,0.630379432444218,0.5230766709504819,0.5323517215329513,0.6066907071161746,0.4435906496423021,0.51342475474632,0.5716360482490921
500,72,3,PX-003,negation to lock formation,0.6441531852149964,0.5230766709504819,0.5323510486080032,0.6066907071161746,0.4435906496423021,0.51342475474632,0.5716360482490921
501,72,4,PX-004,lagged temporal recursion,0.6441531852149964,0.5230766709504819,0.5323510486080032,0.6004215864465852,0.4669762625821859,0.51342475474632,0.5716360482490921
502,72,5,PX-005,false signal injection,0.6441531852149964,0.5230766709504819,0.5323510486080032,0.6004215864465852,0.4944696391037286,0.51342475474632,0.5716360482490921
503,72,6,PX-006,signal to unstable utterance,0.6441531852149964,0.5230766709504819,0.5323510486080032,0.6004215864465852,0.4944696391037286,0.5134204314791838,0.5913452671943474
504,72,7,PX-007,silence feedback reset,0.5686169240347986,0.5021462681524242,0.5323510486080032,0.6004215864465852,0.4435920725640868,0.5134204314791838,0.5716289233749303
505,73,1,PX-001,amplify identity fracture,0.6303862244278755,0.49353502823320294,0.5323510486080032,0.6004215864465852,0.4435920725640868,0.5134204314791838,0.5716289233749303
506,73,2,PX-002,fracture to access recursion,0.6303862244278755,0.5230810806719826,0.5323510486080032,0.6066919436978266,0.4435920725640868,0.5134204314791838,0.5716289233749303
507,73,3,PX-003,negation to lock formation,0.6441597369971741,0.5230810806719826,0.5323515471551981,0.6066919436978266,0.4435920725640868,0.5134204314791838,0.5716289233749303
508,73,4,PX-004,lagged temporal recursion,0.6441597369971741,0.5230810806719826,0.5323515471551981,0.6004236011464689,0.46697770416891277,0.5134204314791838,0.5716289233749303
509,73,5,PX-005,false signal injection,0.6441597369971741,0.5230810806719826,0.5323515471551981,0.6004236011464689,0.494471297207822,0.5134204314791838,0.5716289233749303
510,73,6,PX-006,signal to unstable utterance,0.6441597369971741,0.5230810806719826,0.5323515471551981,0.6004236011464689,0.494471297207822,0.5134177286898817,0.5913383312032532
511,73,7,PX-007,silence feedback reset,0.5686231404171048,0.5021506938692255,0.5323515471551981,0.6004236011464689,0.4435940278553883,0.5134177286898817,0.5716236675384078
512,74,1,PX-001,amplify identity fracture,0.6303921280305762,0.49353945723063103,0.5323515471551981,0.6004236011464689,0.4435940278553883,0.5134177286898817,0.5716236675384078
513,74,2,PX-002,fracture to access recursion,0.6303921280305762,0.523085598383282,0.5323515471551981,0.606693980937293,0.4435940278553883,0.5134177286898817,0.5716236675384078
514,74,3,PX-003,negation to lock formation,0.6441654560245835,0.523085598383282,0.5323529161794902,0.606693980937293,0.4435940278553883,0.5134177286898817,0.5716236675384078
515,74,4,PX-004,lagged temporal recursion,0.6441654560245835,0.523085598383282,0.5323529161794902,0.600426150693306,0.46697967658081724,0.5134177286898817,0.5716236675384078
516,74,5,PX-005,false signal injection,0.6441654560245835,0.523085598383282,0.5323529161794902,0.600426150693306,0.4944734795402861,0.5134177286898817,0.5716236675384078
517,74,6,PX-006,signal to unstable utterance,0.6441654560245835,0.523085598383282,0.5323529161794902,0.600426150693306,0.4944734795402861,0.5134163694408836,0.5913332473160268
518,74,7,PX-007,silence feedback reset,0.5686284385780883,0.5021551632987538,0.5323529161794902,0.600426150693306,0.4435963076921289,0.5134163694408836,0.5716200492183449
519,75,1,PX-001,amplify identity fracture,0.6303971133375162,0.49354390452395136,0.5323529161794902,0.600426150693306,0.4435963076921289,0.5134163694408836,0.5716200492183449
520,75,2,PX-002,fracture to access recursion,0.6303971133375162,0.5230900125567841,0.5323529161794902,0.606696543388842,0.4435963076921289,0.5134163694408836,0.5716200492183449
521,75,3,PX-003,negation to lock formation,0.6441703066480593,0.5230900125567841,0.5323548909833269,0.606696543388842,0.4435963076921289,0.5134163694408836,0.5716200492183449
522,75,4,PX-004,lagged temporal recursion,0.6441703066480593,0.5230900125567841,0.5323548909833269,0.6004290022339714,0.4669819716589488,0.5134163694408836,0.5716200492183449
523,75,5,PX-005,false signal injection,0.6441703066480593,0.5230900125567841,0.5323548909833269,0.6004290022339714,0.4944759708920518,0.5134163694408836,0.5716200492183449
524,75,6,PX-006,signal to unstable utterance,0.6441703066480593,0.5230900125567841,0.5323548909833269,0.6004290022339714,0.4944759708920518,0.5134160878899253,0.5913297810014466
525,75,7,PX-007,silence feedback reset,0.5686328206246617,0.5021594822876719,0.5323548909833269,0.6004290022339714,0.4435987406700183,0.5134160878899253,0.5716178250307783
526,76,1,PX-001,amplify identity fracture,0.6304011953364757,0.4935481829551561,0.5323548909833269,0.6004290022339714,0.4435987406700183,0.5134160878899253,0.5716178250307783
527,76,2,PX-002,fracture to access recursion,0.6304011953364757,0.5230941665670583,0.5323548909833269,0.6066993999757951,0.4435987406700183,0.5134160878899253,0.5716178250307783
528,76,3,PX-003,negation to lock formation,0.6441742974440317,0.5230941665670583,0.5323572453532126,0.6066993999757951,0.4435987406700183,0.5134160878899253,0.5716178250307783
529,76,4,PX-004,lagged temporal recursion,0.6441742974440317,0.5230941665670583,0.5323572453532126,0.6004319662595563,0.4669844178218339,0.5134160878899253,0.5716178250307783
530,76,5,PX-005,false signal injection,0.6441742974440317,0.5230941665670583,0.5323572453532126,0.6004319662595563,0.49447859488136103,0.5134160878899253,0.5716178250307783
531,76,6,PX-006,signal to unstable utterance,0.6441742974440317,0.5230941665670583,0.5323572453532126,0.6004319662595563,0.49447859488136103,0.5134166375581337,0.5913276874047629
532,76,7,PX-007,silence feedback reset,0.5686363258111381,0.5021635093523101,0.5323572453532126,0.6004319662595563,0.4436011901293714,0.5134166375581337,0.5716167525714251
533,77,1,PX-001,amplify identity fracture,0.6304044225510558,0.493552157118035,0.5323572453532126,0.6004319662595563,0.4436011901293714,0.5134166375581337,0.5716167525714251
534,77,2,PX-002,fracture to access recursion,0.6304044225510558,0.5230979519824572,0.5323572453532126,0.6067023628633748,0.4436011901293714,0.5134166375581337,0.5716167525714251
535,77,3,PX-003,negation to lock formation,0.6441774702732188,0.5230979519824572,0.5323597916414723,0.6067023628633748,0.4436011901293714,0.5134166375581337,0.5716167525714251
536,77,4,PX-004,lagged temporal recursion,0.6441774702732188,0.5230979519824572,0.5323597916414723,0.6004348940153248,0.46698687835981606,0.5134166375581337,0.5716167525714251
537,77,5,PX-005,false signal injection,0.6441774702732188,0.5230979519824572,0.5323597916414723,0.6004348940153248,0.4944812119064666,0.5134166375581337,0.5716167525714251
538,77,6,PX-006,signal to unstable utterance,0.6441774702732188,0.5230979519824572,0.5323597916414723,0.6004348940153248,0.4944812119064666,0.5134177968228845,0.5913267238824127
539,77,7,PX-007,silence feedback reset,0.5686390200319033,0.5021671488826734,0.5323597916414723,0.6004348940153248,0.44360355145323205,0.5134177968228845,0.5716166001431452
540,78,1,PX-001,amplify identity fracture,0.6304068670170733,0.4935557365322367,0.5323597916414723,0.6004348940153248,0.44360355145323205,0.5134177968228845,0.5716166001431452
541,78,2,PX-002,fracture to access recursion,0.6304068670170733,0.5231013014824365,0.5323597916414723,0.6067052848243514,0.44360355145323205,0.5134177968228845,0.5716166001431452
542,78,3,PX-003,negation to lock formation,0.6441798905909589,0.5231013014824365,0.5323623792437383,0.6067052848243514,0.44360355145323205,0.5134177968228845,0.5716166001431452
543,78,4,PX-004,lagged temporal recursion,0.6441798905909589,0.5231013014824365,0.5323623792437383,0.6004376738559705,0.4669892487047322,0.5134177968228845,0.5716166001431452
544,78,5,PX-005,false signal injection,0.6441798905909589,0.5231013014824365,0.5323623792437383,0.6004376738559705,0.49448371607706126,0.5134177968228845,0.5716166001431452
545,78,6,PX-006,signal to unstable utterance,0.6441798905909589,0.5231013014824365,0.5323623792437383,0.6004376738559705,0.49448371607706126,0.5134193720741391,0.5913266594447573
546,78,7,PX-007,silence feedback reset,0.5686409867346957,0.5021703440883968,0.5323623792437383,0.6004376738559705,0.4436057486954815,0.5134193720741391,0.5716171537144416
547,79,1,PX-001,amplify identity fracture,0.630408615692467,0.4935588686053684,0.5323623792437383,0.6004376738559705,0.4436057486954815,0.5134193720741391,0.5716171537144416
548,79,2,PX-002,fracture to access recursion,0.630408615692467,0.5231041817811307,0.5323623792437383,0.6067080555666146,0.4436057486954815,0.5134193720741391,0.5716171537144416
549,79,3,PX-003,negation to lock formation,0.6441816391077361,0.5231041817811307,0.5323648919187675,0.6067080555666146,0.4436057486954815,0.5134193720741391,0.5716171537144416
550,79,4,PX-004,lagged temporal recursion,0.6441816391077361,0.5231041817811307,0.5323648919187675,0.6004402269484712,0.4669914530323092,0.5134193720741391,0.5716171537144416
551,79,5,PX-005,false signal injection,0.6441816391077361,0.5231041817811307,0.5323648919187675,0.6004402269484712,0.49448603149492937,0.5134193720741391,0.5716171537144416
552,79,6,PX-006,signal to unstable utterance,0.6441816391077361,0.5231041817811307,0.5323648919187675,0.6004402269484712,0.49448603149492937,0.5134211989639519,0.5913272814590494
553,79,7,PX-007,silence feedback reset,0.5686423192879195,0.5021730700382191,0.5323648919187675,0.6004402269484712,0.4436077308378291,0.5134211989639519,0.5716182214859548
554,80,1,PX-001,amplify identity fracture,0.6304097633105564,0.4935615317230174,0.5323648919187675,0.6004402269484712,0.4436077308378291,0.5134211989639519,0.5716182214859548
555,80,2,PX-002,fracture to access recursion,0.6304097633105564,0.5231065868464331,0.5323648919187675,0.6067105974221348,0.4436077308378291,0.5134211989639519,0.5716182214859548
556,80,3,PX-003,negation to lock formation,0.6441828048193937,0.5231065868464331,0.5323672443378488,0.6067105974221348,0.4436077308378291,0.5134211989639519,0.5716182214859548
557,80,4,PX-004,lagged temporal recursion,0.6441828048193937,0.5231065868464331,0.5323672443378488,0.6004425026553402,0.46699344049659636,0.5134211989639519,0.5716182214859548
558,80,5,PX-005,false signal injection,0.6441828048193937,0.5231065868464331,0.5323672443378488,0.6004425026553402,0.4944881081924158,0.5134211989639519,0.5716182214859548
559,80,6,PX-006,signal to unstable utterance,0.6441828048193937,0.5231065868464331,0.5323672443378488,0.6004425026553402,0.4944881081924158,0.5134231421543061,0.5913283999930954
560,80,7,PX-007,silence feedback reset,0.568643114767644,0.5021753270565916,0.5323672443378488,0.6004425026553402,0.4436094679183364,0.5134231421543061,0.5716196364499543
561,81,1,PX-001,amplify identity fracture,0.6304104066248313,0.49356372872000487,0.5323672443378488,0.6004425026553402,0.4436094679183364,0.5134231421543061,0.5716196364499543
562,81,2,PX-002,fracture to access recursion,0.6304104066248313,0.5231085316224797,0.5323672443378488,0.6067128607273817,0.4436094679183364,0.5134231421543061,0.5716196364499543
563,81,3,PX-003,negation to lock formation,0.6441834793655761,0.5231085316224797,0.5323693781900168,0.6067128607273817,0.4436094679183364,0.5134231421543061,0.5716196364499543
564,81,4,PX-004,lagged temporal recursion,0.6441834793655761,0.5231085316224797,0.5323693781900168,0.6004444738645227,0.4669951813392647,0.5134231421543061,0.5716196364499543
565,81,5,PX-005,false signal injection,0.6441834793655761,0.5231085316224797,0.5323693781900168,0.6004444738645227,0.4944899179775335,0.5134231421543061,0.5716196364499543
566,81,6,PX-006,signal to unstable utterance,0.6441834793655761,0.5231085316224797,0.5323693781900168,0.6004444738645227,0.4944899179775335,0.5134250939331468,0.5913298501859493
567,81,7,PX-007,silence feedback reset,0.5686434690797992,0.5021771346632878,0.5323693781900168,0.6004444738645227,0.44361094722135114,0.5134250939331468,0.5716212573181314
568,82,1,PX-001,amplify identity fracture,0.6304106399486681,0.4935654809099085,0.5323693781900168,0.6004444738645227,0.44361094722135114,0.5134250939331468,0.5716212573181314
569,82,2,PX-002,fracture to access recursion,0.6304106399486681,0.5231100463930042,0.5323693781900168,0.606714819158922,0.44361094722135114,0.5134250939331468,0.5716212573181314
570,82,3,PX-003,negation to lock formation,0.6441837526302758,0.5231100463930042,0.5323712581094546,0.606714819158922,0.44361094722135114,0.5134250939331468,0.5716212573181314
571,82,4,PX-004,lagged temporal recursion,0.6441837526302758,0.5231100463930042,0.5323712581094546,0.6004461324706427,0.46699666306364723,0.5134250939331468,0.5716212573181314
572,82,5,PX-005,false signal injection,0.6441837526302758,0.5231100463930042,0.5323712581094546,0.6004461324706427,0.4944914503788272,0.5134250939331468,0.5716212573181314
573,82,6,PX-006,signal to unstable utterance,0.6441837526302758,0.5231100463930042,0.5323712581094546,0.6004461324706427,0.4944914503788272,0.513426972026445,0.591331493020572
574,82,7,PX-007,silence feedback reset,0.5686434732984103,0.5021785261750862,0.5323712581094546,0.6004461324706427,0.4436121696707659,0.513426972026445,0.5716229681702168
575,83,1,PX-001,amplify identity fracture,0.6304105518632734,0.49356682278457975,0.5323712581094546,0.6004461324706427,0.4436121696707659,0.513426972026445,0.5716229681702168
576,83,2,PX-002,fracture to access recursion,0.6304105518632734,0.5231111718637939,0.5323712581094546,0.6067164652266225,0.4436121696707659,0.513426972026445,0.5716229681702168
577,83,3,PX-003,negation to lock formation,0.6441837094679268,0.5231111718637939,0.5323728676350121,0.6067164652266225,0.4436121696707659,0.513426972026445,0.5716229681702168
578,83,4,PX-004,lagged temporal recursion,0.6441837094679268,0.5231111718637939,0.5323728676350121,0.6004474851570705,0.46699788681528903,0.513426972026445,0.5716229681702168
579,83,5,PX-005,false signal injection,0.6441837094679268,0.5231111718637939,0.5323728676350121,0.6004474851570705,0.4944927088327898,0.513426972026445,0.5716229681702168
580,83,6,PX-006,signal to unstable utterance,0.6441837094679268,0.5231111718637939,0.5323728676350121,0.6004474851570705,0.4944927088327898,0.5134287168886819,0.5913332148493059
581,83,7,PX-007,silence feedback reset,0.5686432110792335,0.5021795440328953,0.5323728676350121,0.6004474851570705,0.4436131465261903,0.5134287168886819,0.5716246771441177
582,84,1,PX-001,amplify identity fracture,0.6304102229494646,0.4935677974411098,0.5323728676350121,0.6004474851570705,0.4436131465261903,0.5134287168886819,0.5716246771441177
583,84,2,PX-002,fracture to access recursion,0.6304102229494646,0.5231119549942012,0.5323728676350121,0.6067178060719405,0.4436131465261903,0.5134287168886819,0.5716246771441177
584,84,3,PX-003,negation to lock formation,0.6441834274201218,0.5231119549942012,0.5323742053601977,0.6067178060719405,0.4436131465261903,0.5134287168886819,0.5716246771441177
585,84,4,PX-004,lagged temporal recursion,0.6441834274201218,0.5231119549942012,0.5323742053601977,0.600448549580135,0.4669988640683566,0.5134287168886819,0.5716246771441177
586,84,5,PX-005,false signal injection,0.6441834274201218,0.5231119549942012,0.5323742053601977,0.600448549580135,0.4944937072124786,0.5134287168886819,0.5716246771441177
587,84,6,PX-006,signal to unstable utterance,0.6441834274201218,0.5231119549942012,0.5323742053601977,0.600448549580135,0.4944937072124786,0.5134302887079787,0.5913349259902783
588,84,7,PX-007,silence feedback reset,0.5686427569976218,0.5021802358727036,0.5323742053601977,0.600448549580135,0.44361389644533333,0.5134302887079787,0.5716263144508955
589,85,1,PX-001,amplify identity fracture,0.6304097243913841,0.49356845275004374,0.5323742053601977,0.600448549580135,0.44361389644533333,0.5134302887079787,0.5716263144508955
590,85,2,PX-002,fracture to access recursion,0.6304097243913841,0.5231124455697076,0.5323742053601977,0.6067188596709369,0.44361389644533333,0.5134302887079787,0.5716263144508955
591,85,3,PX-003,negation to lock formation,0.6441829752796175,0.5231124455697076,0.5323752813862643,0.6067188596709369,0.44361389644533333,0.5134302887079787,0.5716263144508955
592,85,4,PX-004,lagged temporal recursion,0.6441829752796175,0.5231124455697076,0.5323752813862643,0.6004493510160183,0.4669996136808945,0.5134302887079787,0.5716263144508955
593,85,5,PX-005,false signal injection,0.6441829752796175,0.5231124455697076,0.5323752813862643,0.6004493510160183,0.49449446675833675,0.5134302887079787,0.5716263144508955
594,85,6,PX-006,signal to unstable utterance,0.6441829752796175,0.5231124455697076,0.5323752813862643,0.6004493510160183,0.49449446675833675,0.5134316643172753,0.5913365586748737
595,85,7,PX-007,silence feedback reset,0.568642175657633,0.5021806513237618,0.5323752813862643,0.6004493510160183,0.44361444294567765,0.5134316643172753,0.5716278299578198
596,86,1,PX-001,amplify identity fracture,0.6304091173007657,0.4935688382448716,0.5323752813862643,0.6004493510160183,0.44361444294567765,0.5134316643172753,0.5716278299578198
597,86,2,PX-002,fracture to access recursion,0.6304091173007657,0.5231126934789895,0.5323752813862643,0.6067196515011569,0.44361444294567765,0.5134316643172753,0.5716278299578198
598,86,3,PX-003,negation to lock formation,0.644182412357775,0.5231126934789895,0.5323761141515955,0.6067196515011569,0.44361444294567765,0.5134316643172753,0.5716278299578198
599,86,4,PX-004,lagged temporal recursion,0.644182412357775,0.5231126934789895,0.5323761141515955,0.6004499194973565,0.46700015935167083,0.5134316643172753,0.5716278299578198
600,86,5,PX-005,false signal injection,0.644182412357775,0.5231126934789895,0.5323761141515955,0.6004499194973565,0.4944950134410816,0.5134316643172753,0.5716278299578198
601,86,6,PX-006,signal to unstable utterance,0.644182412357775,0.5231126934789895,0.5323761141515955,0.6004499194973565,0.4944950134410816,0.5134328341609943,0.591338064586016
602,86,7,PX-007,silence feedback reset,0.5686415214243274,0.5021808394914853,0.5323761141515955,0.6004499194973565,0.44361481227419025,0.5134328341609943,0.5716291905422564
603,87,1,PX-001,amplify identity fracture,0.6304084526169983,0.49356900268795484,0.5323761141515955,0.6004499194973565,0.44361481227419025,0.5134328341609943,0.5716291905422564
604,87,2,PX-002,fracture to access recursion,0.6304084526169983,0.5231127466387299,0.5323761141515955,0.6067202116983004,0.44361481227419025,0.5134328341609943,0.5716291905422564
605,87,3,PX-003,negation to lock formation,0.6441817883171128,0.5231127466387299,0.532376727677606,0.6067202116983004,0.44361481227419025,0.5134328341609943,0.5716291905422564
606,87,4,PX-004,lagged temporal recursion,0.6441817883171128,0.5231127466387299,0.532376727677606,0.6004502874399804,0.46700052748700194,0.5134328341609943,0.5716291905422564
607,87,5,PX-005,false signal injection,0.6441817883171128,0.5231127466387299,0.532376727677606,0.6004502874399804,0.4944953757616112,0.5134328341609943,0.5716291905422564
608,87,6,PX-006,signal to unstable utterance,0.6441817883171128,0.5231127466387299,0.532376727677606,0.6004502874399804,0.4944953757616112,0.5134337994285786,0.5913394121864177
609,87,7,PX-007,silence feedback reset,0.5686408386410257,0.5021808470645921,0.532376727677606,0.6004502874399804,0.44361503167493993,0.5134337994285786,0.57163037738002
610,88,1,PX-001,amplify identity fracture,0.6304077714492232,0.49356899225097556,0.532376727677606,0.6004502874399804,0.44361503167493993,0.5134337994285786,0.57163037738002
611,88,2,PX-002,fracture to access recursion,0.6304077714492232,0.5231126494963773,0.532376727677606,0.6067205727022641,0.44361503167493993,0.5134337994285786,0.57163037738002
612,88,3,PX-003,negation to lock formation,0.6441811434405413,0.5231126494963773,0.5323771492446238,0.6067205727022641,0.44361503167493993,0.5134337994285786,0.57163037738002
613,88,4,PX-004,lagged temporal recursion,0.6441811434405413,0.5231126494963773,0.5323771492446238,0.6004504877399723,0.4670007454670779,0.5134337994285786,0.57163037738002
614,88,5,PX-005,false signal injection,0.6441811434405413,0.5231126494963773,0.5323771492446238,0.6004504877399723,0.49449558297372287,0.5134337994285786,0.57163037738002
615,88,6,PX-006,signal to unstable utterance,0.6441811434405413,0.5231126494963773,0.5323771492446238,0.6004504877399723,0.49449558297372287,0.513434569432757,0.5913405839969037
616,88,7,PX-007,silence feedback reset,0.568640162206467,0.502180716974814,0.5323771492446238,0.6004504877399723,0.44361512803055614,0.513434569432757,0.5716313832953382
617,89,1,PX-001,amplify identity fracture,0.6304071057405574,0.4935688492375573,0.5323771492446238,0.6004504877399723,0.44361512803055614,0.513434569432757,0.5716313832953382
618,89,2,PX-002,fracture to access recursion,0.6304071057405574,0.5231124420340096,0.5323771492446238,0.6067207673721275,0.44361512803055614,0.513434569432757,0.5716313832953382
619,89,3,PX-003,negation to lock formation,0.6441805092216455,0.5231124420340096,0.5323774074903239,0.6067207673721275,0.44361512803055614,0.513434569432757,0.5716313832953382
620,89,4,PX-004,lagged temporal recursion,0.6441805092216455,0.5231124420340096,0.5323774074903239,0.600450552306639,0.4670008402873939,0.513434569432757,0.5716313832953382
621,89,5,PX-005,false signal injection,0.6441805092216455,0.5231124420340096,0.5323774074903239,0.600450552306639,0.4944956637014598,0.513434569432757,0.5716313832953382
622,89,6,PX-006,signal to unstable utterance,0.6441805092216455,0.5231124420340096,0.5323774074903239,0.600450552306639,0.4944956637014598,0.5134351592816975,0.5913415739486302
623,89,7,PX-007,silence feedback reset,0.5686395184019589,0.5021804875319597,0.5323774074903239,0.600450552306639,0.4436151268438555,0.5134351592816975,0.5716322102665958
624,90,1,PX-001,amplify identity fracture,0.6304064791500067,0.49356861127074014,0.5323774074903239,0.600450552306639,0.4436151268438555,0.5134351592816975,0.5716322102665958
625,90,2,PX-002,fracture to access recursion,0.6304064791500067,0.5231121591942586,0.5323774074903239,0.6067208275352715,0.4436151268438555,0.5134351592816975,0.5716322102665958
626,90,3,PX-003,negation to lock formation,0.6441799091748788,0.5231121591942586,0.5323775309076958,0.6067208275352715,0.4436151268438555,0.5134351592816975,0.5716322102665958
627,90,4,PX-004,lagged temporal recursion,0.6441799091748788,0.5231121591942586,0.5323775309076958,0.6004505109873168,0.46700083754131094,0.5134351592816975,0.5716322102665958
628,90,5,PX-005,false signal injection,0.6441799091748788,0.5231121591942586,0.5323775309076958,0.6004505109873168,0.49449564491342246,0.5134351592816975,0.5716322102665958
629,90,6,PX-006,signal to unstable utterance,0.6441799091748788,0.5231121591942586,0.5323775309076958,0.6004505109873168,0.49449564491342246,0.5134355878703559,0.5913423849003342
630,90,7,PX-007,silence feedback reset,0.5686389258746548,0.502180191956059,0.5323775309076958,0.6004505109873168,0.4436150515200399,0.5134355878703559,0.5716328671530774
631,91,1,PX-001,amplify identity fracture,0.6304059080636945,0.4935683108673992,0.5323775309076958,0.6004505109873168,0.4436150515200399,0.5134355878703559,0.5716328671530774
632,91,2,PX-002,fracture to access recursion,0.6304059080636945,0.5231118306508284,0.5323775309076958,0.6067207829263077,0.4436150515200399,0.5134355878703559,0.5716328671530774
633,91,3,PX-003,negation to lock formation,0.6441793597797079,0.5231118306508284,0.5323775467086138,0.6067207829263077,0.4436150515200399,0.5134355878703559,0.5716328671530774
634,91,4,PX-004,lagged temporal recursion,0.6441793597797079,0.5231118306508284,0.5323775467086138,0.6004503908343778,0.4670007607038809,0.5134355878703559,0.5716328671530774
635,91,5,PX-005,false signal injection,0.6441793597797079,0.5231118306508284,0.5323775467086138,0.6004503908343778,0.494495551210729,0.5134355878703559,0.5716328671530774
636,91,6,PX-006,signal to unstable utterance,0.6441793597797079,0.5231118306508284,0.5323775467086138,0.6004503908343778,0.494495551210729,0.5134358761971506,0.5913430263831438
637,91,7,PX-007,silence feedback reset,0.5686383966991556,0.5021798582307374,0.5323775467086138,0.6004503908343778,0.4436149229069956,0.5134358761971506,0.5716333676832285
638,92,1,PX-001,amplify identity fracture,0.6304054026628733,0.49356797532444374,0.5323775467086138,0.6004503908343778,0.4436149229069956,0.5134358761971506,0.5716333676832285
639,92,2,PX-002,fracture to access recursion,0.6304054026628733,0.5231114808505274,0.5323775467086138,0.6067206604660942,0.4436149229069956,0.5134358761971506,0.5716333676832285
640,92,3,PX-003,negation to lock formation,0.6441788714878252,0.5231114808505274,0.5323774800121782,0.6067206604660942,0.4436149229069956,0.5134358761971506,0.5716333676832285
641,92,4,PX-004,lagged temporal recursion,0.6441788714878252,0.5231114808505274,0.5323774800121782,0.6004502156626228,0.46700063067423275,0.5134358761971506,0.5716333676832285
642,92,5,PX-005,false signal injection,0.6441788714878252,0.5231114808505274,0.5323774800121782,0.6004502156626228,0.4944954043827853,0.5134358761971506,0.5716333676832285
643,92,6,PX-006,signal to unstable utterance,0.6441788714878252,0.5231114808505274,0.5323774800121782,0.6004502156626228,0.4944954043827853,0.5134360459972499,0.5913435126111526
644,92,7,PX-007,silence feedback reset,0.5686379374550432,0.5021795092069248,0.5323774800121782,0.6004502156626228,0.44361475905078246,0.5134360459972499,0.5716337287244982
645,93,1,PX-001,amplify identity fracture,0.6304049679912263,0.49356762684681504,0.5323774800121782,0.6004502156626228,0.44361475905078246,0.5134360459972499,0.5716337287244982
646,93,2,PX-002,fracture to access recursion,0.6304049679912263,0.5231111292600675,0.5323774800121782,0.6067204838290331,0.44361475905078246,0.5134360459972499,0.5716337287244982
647,93,3,PX-003,negation to lock formation,0.6441784497369296,0.5231111292600675,0.5323773533134215,0.6067204838290331,0.44361475905078246,0.5134360459972499,0.5716337287244982
648,93,4,PX-004,lagged temporal recursion,0.6441784497369296,0.5231111292600675,0.5323773533134215,0.6004500058457216,0.4670004655334126,0.5134360459972499,0.5716337287244982
649,93,5,PX-005,false signal injection,0.6441784497369296,0.5231111292600675,0.5323773533134215,0.6004500058457216,0.4944952231849937,0.5134360459972499,0.5716337287244982
650,93,6,PX-006,signal to unstable utterance,0.6441784497369296,0.5231111292600675,0.5323773533134215,0.6004500058457216,0.4944952231849937,0.5134361186728372,0.5913438607758863
651,93,7,PX-007,silence feedback reset,0.5686375502722463,0.5021791628926927,0.5323773533134215,0.6004500058457216,0.44361457512483277,0.5134361186728372,0.5716339688384523
652,94,1,PX-001,amplify identity fracture,0.6304046049777605,0.4935672828541231,0.5323773533134215,0.6004500058457216,0.44361457512483277,0.5134361186728372,0.5716339688384523
653,94,2,PX-002,fracture to access recursion,0.6304046049777605,0.5231107907584565,0.5323773533134215,0.6067202732474091,0.44361457512483277,0.5134361186728372,0.5716339688384523
654,94,3,PX-003,negation to lock formation,0.6441780959278356,0.5231107907584565,0.5323771861870843,0.6067202732474091,0.44361457512483277,0.5134361186728372,0.5716339688384523
655,94,4,PX-004,lagged temporal recursion,0.6441780959278356,0.5231107907584565,0.5323771861870843,0.6004497783028264,0.46700028047603803,0.5134361186728372,0.5716339688384523
656,94,5,PX-005,false signal injection,0.6441780959278356,0.5231107907584565,0.5323771861870843,0.6004497783028264,0.49449502329439243,0.5134361186728372,0.5716339688384523
657,94,6,PX-006,signal to unstable utterance,0.6441780959278356,0.5231107907584565,0.5323771861870843,0.6004497783028264,0.49449502329439243,0.5134361144932076,0.5913440896267875
658,94,7,PX-007,silence feedback reset,0.5686372338089699,0.5021788328727375,0.5323771861870843,0.6004497783028264,0.4436143834941723,0.5134361144932076,0.5716341071122347
659,95,1,PX-001,amplify identity fracture,0.6304043113838818,0.49356695641054127,0.5323771861870843,0.6004497783028264,0.4436143834941723,0.5134361144932076,0.5716341071122347
660,95,2,PX-002,fracture to access recursion,0.6304043113838818,0.5231104761239896,0.5323771861870843,0.60672004550405,0.4436143834941723,0.5134361144932076,0.5716341071122347
661,95,3,PX-003,negation to lock formation,0.6441778083335278,0.5231104761239896,0.5323769951823476,0.60672004550405,0.4436143834941723,0.5134361144932076,0.5716341071122347
662,95,4,PX-004,lagged temporal recursion,0.6441778083335278,0.5231104761239896,0.5323769951823476,0.6004495466303719,0.4670000878769532,0.5134361144932076,0.5716341071122347
663,95,5,PX-005,false signal injection,0.6441778083335278,0.5231104761239896,0.5323769951823476,0.6004495466303719,0.49449481740244067,0.5134361144932076,0.5716341071122347
664,95,6,PX-006,signal to unstable utterance,0.6441778083335278,0.5231104761239896,0.5323769951823476,0.6004495466303719,0.49449481740244067,0.5134360520329635,0.5913442183275699
665,95,7,PX-007,silence feedback reset,0.5686369841381474,0.5021785288092209,0.5323769951823476,0.6004495466303719,0.44361419387969186,0.5134360520329635,0.5716341622482346
666,96,1,PX-001,amplify identity fracture,0.6304040826538817,0.49356665673077355,0.5323769951823476,0.6004495466303719,0.44361419387969186,0.5134360520329635,0.5716341622482346
667,96,2,PX-002,fracture to access recursion,0.6304040826538817,0.5231101925731744,0.5323769951823476,0.6067198140685184,0.44361419387969186,0.5134360520329635,0.5716341622482346
668,96,3,PX-003,negation to lock formation,0.6441775829190991,0.5231101925731744,0.532376793867124,0.6067198140685184,0.44361419387969186,0.5134360520329635,0.5716341622482346
669,96,4,PX-004,lagged temporal recursion,0.6441775829190991,0.5231101925731744,0.532376793867124,0.6004493213388801,0.4669998974578186,0.5134360520329635,0.5716341622482346
670,96,5,PX-005,false signal injection,0.6441775829190991,0.5231101925731744,0.532376793867124,0.6004493213388801,0.49449461540829553,0.5134360520329635,0.5716341622482346
671,96,6,PX-006,signal to unstable utterance,0.6441775829190991,0.5231101925731744,0.532376793867124,0.6004493213388801,0.49449461540829553,0.5134359478143874,0.5913442655693929
672,96,7,PX-007,silence feedback reset,0.5686367955278834,0.5021782569839036,0.532376793867124,0.6004493213388801,0.4436140135917573,0.5134359478143874,0.5716341518875454
673,97,1,PX-001,amplify identity fracture,0.6304039126570076,0.4935663897230828,0.532376793867124,0.6004493213388801,0.4436140135917573,0.5134359478143874,0.5716341518875454
674,97,2,PX-002,fracture to access recursion,0.6304039126570076,0.5231099443169981,0.532376793867124,0.6067195893368672,0.4436140135917573,0.5134359478143874,0.5716341518875454
675,97,3,PX-003,negation to lock formation,0.6441774140602062,0.5231099443169981,0.5323765929842753,0.6067195893368672,0.4436140135917573,0.5134359478143874,0.5716341518875454
676,97,4,PX-004,lagged temporal recursion,0.6441774140602062,0.5231099443169981,0.5323765929842753,0.6004491101598942,0.46699971652285577,0.5134359478143874,0.5716341518875454
677,97,5,PX-005,false signal injection,0.6441774140602062,0.5231099443169981,0.5323765929842753,0.6004491101598942,0.4944944246805725,0.5134359478143874,0.5716341518875454
678,97,6,PX-006,signal to unstable utterance,0.6441774140602062,0.5231099443169981,0.5323765929842753,0.6004491101598942,0.4944944246805725,0.5134358161197983,0.5913442489158073
679,97,7,PX-007,silence feedback reset,0.5686366611091982,0.5021780208493994,0.5323765929842753,0.6004491101598942,0.44361384780695506,0.5134358161197983,0.5716340921390414
680,98,1,PX-001,amplify identity fracture,0.6304037943165801,0.4935661585381866,0.5323765929842753,0.6004491101598942,0.44361384780695506,0.5134358161197983,0.5716340921390414
681,98,2,PX-002,fracture to access recursion,0.6304037943165801,0.5231097331075265,0.5323765929842753,0.6067193789403081,0.44361384780695506,0.5134358161197983,0.5716340921390414
682,98,3,PX-003,negation to lock formation,0.6441772951548198,0.5231097331075265,0.5323764006865341,0.6067193789403081,0.44361384780695506,0.5134358161197983,0.5716340921390414
683,98,4,PX-004,lagged temporal recursion,0.6441772951548198,0.5231097331075265,0.5323764006865341,0.6004489183936336,0.4669995502375007,0.5134358161197983,0.5716340921390414
684,98,5,PX-005,false signal injection,0.6441772951548198,0.5231097331075265,0.5323764006865341,0.6004489183936336,0.4944942503604334,0.5134358161197983,0.5716340921390414
685,98,6,PX-006,signal to unstable utterance,0.6441772951548198,0.5231097331075265,0.5323764006865341,0.6004489183936336,0.4944942503604334,0.513435668940904,0.5913441843508986
686,98,7,PX-007,silence feedback reset,0.5686365734306148,0.5021778215647099,0.5323764006865341,0.6004489183936336,0.44361369986626825,0.513435668940904,0.571633997284191
687,99,1,PX-001,amplify identity fracture,0.6304037201273448,0.4935659641000549,0.5323764006865341,0.6004489183936336,0.44361369986626825,0.513435668940904,0.571633997284191
688,99,2,PX-002,fracture to access recursion,0.6304037201273448,0.5231095587546806,0.5323764006865341,0.6067191880936054,0.44361369986626825,0.513435668940904,0.571633997284191
689,99,3,PX-003,negation to lock formation,0.6441772191286719,0.5231095587546806,0.5323762228216294,0.6067191880936054,0.44361369986626825,0.513435668940904,0.571633997284191
690,99,4,PX-004,lagged temporal recursion,0.6441772191286719,0.5231095587546806,0.5323762228216294,0.6004487492733308,0.4669994019282363,0.513435668940904,0.571633997284191
691,99,5,PX-005,false signal injection,0.6441772191286719,0.5231095587546806,0.5323762228216294,0.6004487492733308,0.49449409568364733,0.513435668940904,0.571633997284191
692,99,6,PX-006,signal to unstable utterance,0.6441772191286719,0.5231095587546806,0.5323762228216294,0.6004487492733308,0.49449409568364733,0.5134355160344243,0.5913440860005438
693,99,7,PX-007,silence feedback reset,0.5686365249038897,0.502177658496793,0.5323762228216294,0.6004487492733308,0.4436135715772968,0.5134355160344243,0.5716338796276589
694,100,1,PX-001,amplify identity fracture,0.6304036825665582,0.4935658056011273,0.5323762228216294,0.6004487492733308,0.4436135715772968,0.5134355160344243,0.5716338796276589
695,100,2,PX-002,fracture to access recursion,0.6304036825665582,0.5231094195990925,0.5323762228216294,0.6067190199593624,0.4436135715772968,0.5134355160344243,0.5716338796276589
696,100,3,PX-003,negation to lock formation,0.6441771788390837,0.5231094195990925,0.5323760632438742,0.6067190199593624,0.4436135715772968,0.5134355160344243,0.5716338796276589
697,100,4,PX-004,lagged temporal recursion,0.6441771788390837,0.5231094195990925,0.5323760632438742,0.6004486043272821,0.46699927338621056,0.5134355160344243,0.5716338796276589
698,100,5,PX-005,false signal injection,0.6441771788390837,0.5231094195990925,0.5323760632438742,0.6004486043272821,0.49449396230384535,0.5134355160344243,0.5716338796276589
699,100,6,PX-006,signal to unstable utterance,0.6441771788390837,0.5231094195990925,0.5323760632438742,0.6004486043272821,0.49449396230384535,0.513435365056255,0.591343965996783
700,100,7,PX-007,silence feedback reset,0.568636508148636,0.5021775296756829,0.5323760632438742,0.6004486043272821,0.4436134635071325,0.513435365056255,0.5716337494649281
701,101,1,PX-001,amplify identity fracture,0.6304036744073596,0.4935656809501165,0.5323760632438742,0.6004486043272821,0.4436134635071325,0.513435365056255,0.5716337494649281
702,101,2,PX-002,fracture to access recursion,0.6304036744073596,0.5231093129321254,0.5323760632438742,0.6067188760094249,0.4436134635071325,0.513435365056255,0.5716337494649281
703,101,3,PX-003,negation to lock formation,0.6441771673849095,0.5231093129321254,0.5323759241330738,0.6067188760094249,0.4436134635071325,0.513435365056255,0.5716337494649281
704,101,4,PX-004,lagged temporal recursion,0.6441771673849095,0.5231093129321254,0.5323759241330738,0.6004484837242775,0.4669991651612546,0.513435365056255,0.5716337494649281
705,101,5,PX-005,false signal injection,0.6441771673849095,0.5231093129321254,0.5323759241330738,0.6004484837242775,0.49449385060339734,0.513435365056255,0.5716337494649281
706,101,6,PX-006,signal to unstable utterance,0.6441771673849095,0.5231093129321254,0.5323759241330738,0.6004484837242775,0.49449385060339734,0.5134352217498491,0.5913438344566161
707,101,7,PX-007,silence feedback reset,0.5686365162458841,0.5021774321955808,0.5323759241330738,0.6004484837242775,0.4436133752560895,0.5134352217498491,0.5716336151402516
708,102,1,PX-001,amplify identity fracture,0.6304036889449448,0.4935655871653465,0.5323759241330738,0.6004484837242775,0.4436133752560895,0.5134352217498491,0.5716336151402516
709,102,2,PX-002,fracture to access recursion,0.6304036889449448,0.5231092353584431,0.5323759241330738,0.6067187563692364,0.4436133752560895,0.5134352217498491,0.5716336151402516
710,102,3,PX-003,negation to lock formation,0.6441771783323381,0.5231092353584431,0.5323758063058943,0.6067187563692364,0.4436133752560895,0.5134352217498491,0.5716336151402516
711,102,4,PX-004,lagged temporal recursion,0.6441771783323381,0.5231092353584431,0.5323758063058943,0.6004483865921956,0.4669990768365166,0.5134352217498491,0.5716336151402516
712,102,5,PX-005,false signal injection,0.6441771783323381,0.5231092353584431,0.5323758063058943,0.6004483865921956,0.49449375998209855,0.5134352217498491,0.5716336151402516
713,102,6,PX-006,signal to unstable utterance,0.6441771783323381,0.5231092353584431,0.5323758063058943,0.6004483865921956,0.49449375998209855,0.5134350901680933,0.5913436995486929
714,102,7,PX-007,silence feedback reset,0.5686365429119635,0.5021773625583653,0.5323758063058943,0.6004483865921956,0.4436133057056249,0.5134350901680933,0.5716334831709236
715,103,1,PX-001,amplify identity fracture,0.6304037201471269,0.4935655207105005,0.5323758063058943,0.6004483865921956,0.4436133057056249,0.5134350901680933,0.5716334831709236
716,103,2,PX-002,fracture to access recursion,0.6304037201471269,0.523109183099987,0.5323758063058943,0.6067186601350767,0.4436133057056249,0.5134350901680933,0.5716334831709236
717,103,3,PX-003,negation to lock formation,0.6441772058674183,0.523109183099987,0.5323757095086987,0.6067186601350767,0.4436133057056249,0.5134350901680933,0.5716334831709236
718,103,4,PX-004,lagged temporal recursion,0.6441772058674183,0.523109183099987,0.5323757095086987,0.6004483113030905,0.46699900727706456,0.5134350901680933,0.5716334831709236
719,103,5,PX-005,false signal injection,0.6441772058674183,0.523109183099987,0.5323757095086987,0.6004483113030905,0.4944936891171131,0.5134350901680933,0.5716334831709236
720,103,6,PX-006,signal to unstable utterance,0.6441772058674183,0.523109183099987,0.5323757095086987,0.6004483113030905,0.4944936891171131,0.5134349729115371,0.5913435676241116
721,103,7,PX-007,silence feedback reset,0.5686365826046393,0.502177316959196,0.5323757095086987,0.6004483113030905,0.4436132532364388,0.5134349729115371,0.5716333584168813
722,104,1,PX-001,amplify identity fracture,0.6304037627412008,0.49356547777277104,0.5323757095086987,0.6004483113030905,0.4436132532364388,0.5134349729115371,0.5716333584168813
723,104,2,PX-002,fracture to access recursion,0.6304037627412008,0.5231091522428956,0.5323757095086987,0.6067185856576343,0.4436132532364388,0.5134349729115371,0.5716333584168813
724,104,3,PX-003,negation to lock formation,0.6441772448865869,0.5231091522428956,0.5323756326842538,0.6067185856576343,0.4436132532364388,0.5134349729115371,0.5716333584168813
725,104,4,PX-004,lagged temporal recursion,0.6441772448865869,0.5231091522428956,0.5323756326842538,0.6004482557210815,0.4669989548484743,0.5134349729115371,0.5716333584168813
726,104,5,PX-005,false signal injection,0.6441772448865869,0.5231091522428956,0.5323756326842538,0.6004482557210815,0.494493636190375,0.5134349729115371,0.5716333584168813
727,104,6,PX-006,signal to unstable utterance,0.6441772448865869,0.5231091522428956,0.5323756326842538,0.6004482557210815,0.494493636190375,0.5134348713692702,0.5913434433905985
728,104,7,PX-007,silence feedback reset,0.5686366305733611,0.502177291516334,0.5323756326842538,0.6004482557210815,0.44361321591493236,0.5134348713692702,0.5716332442778136
729,105,1,PX-001,amplify identity fracture,0.6304038122487943,0.4935654544857701,0.5323756326842538,0.6004482557210815,0.44361321591493236,0.5134348713692702,0.5716332442778136
730,105,2,PX-002,fracture to access recursion,0.6304038122487943,0.523109138930881,0.5323756326842538,0.6067185307883238,0.44361321591493236,0.5134348713692702,0.5716332442778136
731,105,3,PX-003,negation to lock formation,0.6441772910363235,0.523109138930881,0.5323755742076015,0.6067185307883238,0.44361321591493236,0.5134348713692702,0.5716332442778136
732,105,4,PX-004,lagged temporal recursion,0.6441772910363235,0.523109138930881,0.5323755742076015,0.6004482174117609,0.46699891760360623,0.5134348713692702,0.5716332442778136
733,105,5,PX-005,false signal injection,0.6441772910363235,0.523109138930881,0.5323755742076015,0.6004482174117609,0.4944935990818916,0.5134348713692702,0.5716332442778136
734,105,6,PX-006,signal to unstable utterance,0.6441772910363235,0.523109138930881,0.5323755742076015,0.6004482174117609,0.4944935990818916,0.5134347859519132,0.5913433301125238
735,105,7,PX-007,silence feedback reset,0.5686366828649425,0.5021772824490939,0.5323755742076015,0.6004482174117609,0.4436131916479362,0.5134347859519132,0.5716331429030871
736,106,1,PX-001,amplify identity fracture,0.6304038649797264,0.49356544710126665,0.5323755742076015,0.6004482174117609,0.4436131916479362,0.5134347859519132,0.5716331429030871
737,106,2,PX-002,fracture to access recursion,0.6304038649797264,0.5231091395099354,0.5323755742076015,0.6067184930871428,0.4436131916479362,0.5134347859519132,0.5716331429030871
738,106,3,PX-003,negation to lock formation,0.6441773407124828,0.5231091395099354,0.532375532088785,0.6067184930871428,0.4436131916479362,0.5134347859519132,0.5716331429030871
739,106,4,PX-004,lagged temporal recursion,0.6441773407124828,0.5231091395099354,0.532375532088785,0.6004481938137297,0.466998893437511,0.5134347859519132,0.5716331429030871
740,106,5,PX-005,false signal injection,0.6441773407124828,0.5231091395099354,0.532375532088785,0.6004481938137297,0.4944935755291707,0.5134347859519132,0.5716331429030871
741,106,6,PX-006,signal to unstable utterance,0.6441773407124828,0.5231091395099354,0.532375532088785,0.6004481938137297,0.4944935755291707,0.5134347163090326,0.5913432298223447
742,106,7,PX-007,silence feedback reset,0.5686367362951095,0.502177286209032,0.532375532088785,0.6004481938137297,0.443613178306948,0.5134347163090326,0.5716330554027951
743,107,1,PX-001,amplify identity fracture,0.6304039179949436,0.49356545211494546,0.532375532088785,0.6004481938137297,0.443613178306948,0.5134347163090326,0.5716330554027951
744,107,2,PX-002,fracture to access recursion,0.6304039179949436,0.5231091506300749,0.532375532088785,0.606718469992734,0.443613178306948,0.5134347163090326,0.5716330554027951
745,107,3,PX-003,negation to lock formation,0.644177391028989,0.5231091506300749,0.5323755041420338,0.606718469992734,0.443613178306948,0.5134347163090326,0.5716330554027951
746,107,4,PX-004,lagged temporal recursion,0.644177391028989,0.5231091506300749,0.5323755041420338,0.6004481823742783,0.46699888021172964,0.5134347163090326,0.5716330554027951
747,107,5,PX-005,false signal injection,0.644177391028989,0.5231091506300749,0.5323755041420338,0.6004481823742783,0.49449356325432947,0.5134347163090326,0.5716330554027951
748,107,6,PX-006,signal to unstable utterance,0.644177391028989,0.5231091506300749,0.5323755041420338,0.6004481823742783,0.49449356325432947,0.5134346615257773,0.5913431435320503
749,107,7,PX-007,silence feedback reset,0.5686367883952591,0.502177299570177,0.5323755041420338,0.6004481823742783,0.44361317382407334,0.5134346615257773,0.5716329820509847
750,108,1,PX-001,amplify identity fracture,0.630403969047457,0.49356546635202864,0.5323755041420338,0.6004481823742783,0.44361317382407334,0.5134346615257773,0.5716329820509847
751,108,2,PX-002,fracture to access recursion,0.630403969047457,0.5231091693102244,0.5323755041420338,0.6067184589567157,0.44361317382407334,0.5134346615257773,0.5716329820509847
752,108,3,PX-003,negation to lock formation,0.6441774397645116,0.5231091693102244,0.5323754881224861,0.6067184589567157,0.44361317382407334,0.5134346615257773,0.5716329820509847
753,108,4,PX-004,lagged temporal recursion,0.6441774397645116,0.5231091693102244,0.5323754881224861,0.6004481806522219,0.4669988758502073,0.5134346615257773,0.5716329820509847
754,108,5,PX-005,false signal injection,0.6441774397645116,0.5231091693102244,0.5323754881224861,0.6004481806522219,0.49449356006139983,0.5134346615257773,0.5716329820509847
755,108,6,PX-006,signal to unstable utterance,0.6441774397645116,0.5231091693102244,0.5323754881224861,0.6004481806522219,0.49449356006139983,0.513434620295627,0.5913430714359188
756,108,7,PX-007,silence feedback reset,0.5686368373425528,0.5021773196844006,0.5323754881224861,0.6004481806522219,0.44361317626250335,0.513434620295627,0.5716329224745824
757,109,1,PX-001,amplify identity fracture,0.6304040165089811,0.4935654870188512,0.5323754881224861,0.6004481806522219,0.44361317626250335,0.513434620295627,0.5716329224745824
758,109,2,PX-002,fracture to access recursion,0.6304040165089811,0.5231091929724058,0.5323754881224861,0.6067184575453122,0.44361317626250335,0.513434620295627,0.5716329224745824
759,109,3,PX-003,negation to lock formation,0.644177485294591,0.5231091929724058,0.5323754818326006,0.6067184575453122,0.44361317626250335,0.513434620295627,0.5716329224745824
760,109,4,PX-004,lagged temporal recursion,0.644177485294591,0.5231091929724058,0.5323754818326006,0.6004481863915286,0.46699887840967597,0.513434620295627,0.5716329224745824
761,109,5,PX-005,false signal injection,0.644177485294591,0.5231091929724058,0.5323754818326006,0.6004481863915286,0.49449356390696825,0.513434620295627,0.5716329224745824
762,109,6,PX-006,signal to unstable utterance,0.644177485294591,0.5231091929724058,0.5323754818326006,0.6004481863915286,0.49449356390696825,0.5134345910678743,0.5913430130983303
763,109,7,PX-007,silence feedback reset,0.5686368818802079,0.5021773441080023,0.5323754818326006,0.6004481863915286,0.4436131838647289,0.5134345910678743,0.5716328758236795
764,110,1,PX-001,amplify identity fracture,0.6304040592887087,0.49356551172642366,0.5323754818326006,0.6004481863915286,0.4436131838647289,0.5134345910678743,0.5716328758236795
765,110,2,PX-002,fracture to access recursion,0.6304040592887087,0.5231092194511708,0.5323754818326006,0.6067184635119395,0.4436131838647289,0.5134345910678743,0.5716328758236795
766,110,3,PX-003,negation to lock formation,0.6441775265154835,0.5231092194511708,0.5323754832011451,0.6067184635119395,0.4436131838647289,0.5134345910678743,0.5716328758236795
767,110,4,PX-004,lagged temporal recursion,0.6441775265154835,0.5231092194511708,0.5323754832011451,0.6004481975697069,0.46699888612772694,0.5134345910678743,0.5716328758236795
768,110,5,PX-005,false signal injection,0.6441775265154835,0.5231092194511708,0.5323754832011451,0.6004481975697069,0.49449357294763047,0.5134345910678743,0.5716328758236795
769,110,6,PX-006,signal to unstable utterance,0.6441775265154835,0.5231092194511708,0.5323754832011451,0.6004481975697069,0.49449357294763047,0.5134345721698284,0.5913429676224996
770,110,7,PX-007,silence feedback reset,0.5686369212336112,0.5021773708053052,0.5323754832011451,0.6004481975697069,0.44361319508184116,0.5134345721698284,0.5716328409206399
771,111,1,PX-001,amplify identity fracture,0.6304040967494446,0.4935655384917204,0.5323754832011451,0.6004481975697069,0.44361319508184116,0.5134345721698284,0.5716328409206399
772,111,2,PX-002,fracture to access recursion,0.6304040967494446,0.5231092469838219,0.5323754832011451,0.6067184748447171,0.44361319508184116,0.5134345721698284,0.5716328409206399
773,111,3,PX-003,negation to lock formation,0.6441775627648418,0.5231092469838219,0.532375490338079,0.6067184748447171,0.44361319508184116,0.5134345721698284,0.5716328409206399
774,111,4,PX-004,lagged temporal recursion,0.6441775627648418,0.5231092469838219,0.532375490338079,0.6004482124250099,0.4669988974519391,0.5134345721698284,0.5716328409206399
775,111,5,PX-005,false signal injection,0.6441775627648418,0.5231092469838219,0.532375490338079,0.6004482124250099,0.4944935855678636,0.5134345721698284,0.5716328409206399
776,111,6,PX-006,signal to unstable utterance,0.6441775627648418,0.5231092469838219,0.532375490338079,0.6004482124250099,0.4944935855678636,0.5134345619047712,0.5913429337977583
777,111,7,PX-007,silence feedback reset,0.5686369550267008,0.5021773981346217,0.532375490338079,0.6004482124250099,0.4436132085872424,0.5134345619047712,0.5716328163869743
778,112,1,PX-001,amplify identity fracture,0.6304041286251787,0.4935655657219744,0.532375490338079,0.6004482124250099,0.4436132085872424,0.5134345619047712,0.5716328163869743
779,112,2,PX-002,fracture to access recursion,0.6304041286251787,0.5231092741864205,0.532375490338079,0.6067184897929571,0.4436132085872424,0.5134345619047712,0.5716328163869743
780,112,3,PX-003,negation to lock formation,0.6441775937432449,0.5231092741864205,0.5323755015688473,0.6067184897929571,0.4436132085872424,0.5134345619047712,0.5716328163869743
781,112,4,PX-004,lagged temporal recursion,0.6441775937432449,0.5231092741864205,0.5323755015688473,0.6004482294664073,0.4669989110534024,0.5134345619047712,0.5716328163869743
782,112,5,PX-005,false signal injection,0.6441775937432449,0.5231092741864205,0.5323755015688473,0.6004482294664073,0.4944936003918581,0.5134345619047712,0.5716328163869743
783,112,6,PX-006,signal to unstable utterance,0.6441775937432449,0.5231092741864205,0.5323755015688473,0.6004482294664073,0.4944936003918581,0.5134345586274456,0.5913429102244714
784,112,7,PX-007,silence feedback reset,0.5686369832019895,0.5021774248213866,0.5323755015688473,0.6004482294664073,0.4436132232779373,0.5134345586274456,0.5716328007480898
785,113,1,PX-001,amplify identity fracture,0.6304041549431386,0.4935655921866932,0.5323755015688473,0.6004482294664073,0.4436132232779373,0.5134345586274456,0.5716328007480898
786,113,2,PX-002,fracture to access recursion,0.6304041549431386,0.5231093000199741,0.5323755015688473,0.6067185068765744,0.4436132232779373,0.5134345586274456,0.5716328007480898
787,113,3,PX-003,negation to lock formation,0.6441776194396029,0.5231093000199741,0.5323755154516079,0.6067185068765744,0.4436132232779373,0.5134345586274456,0.5716328007480898
788,113,4,PX-004,lagged temporal recursion,0.6441776194396029,0.5231093000199741,0.5323755154516079,0.600448247470045,0.46699892582781616,0.5134345586274456,0.5716328007480898
789,113,5,PX-005,false signal injection,0.6441776194396029,0.5231093000199741,0.5323755154516079,0.600448247470045,0.49449361628266436,0.5134345586274456,0.5716328007480898
790,113,6,PX-006,signal to unstable utterance,0.6441776194396029,0.5231093000199741,0.5323755154516079,0.600448247470045,0.49449361628266436,0.5134345607993527,0.5913428954168104
791,113,7,PX-007,silence feedback reset,0.5686370059466465,0.5021774499226354,0.5323755154516079,0.600448247470045,0.44361323826632454,0.5134345607993527,0.5716327925169074
792,114,1,PX-001,amplify identity fracture,0.6304041759524563,0.4935656169814865,0.5323755154516079,0.600448247470045,0.44361323826632454,0.5134345607993527,0.5716327925169074
793,114,2,PX-002,fracture to access recursion,0.6304041759524563,0.5231093237505423,0.5323755154516079,0.6067185248821236,0.44361323826632454,0.5134345607993527,0.5716327925169074
794,114,3,PX-003,negation to lock formation,0.6441776400625729,0.5231093237505423,0.5323755307807678,0.6067185248821236,0.44361323826632454,0.5134345607993527,0.5716327925169074
795,114,4,PX-004,lagged temporal recursion,0.6441776400625729,0.5231093237505423,0.5323755307807678,0.6004482654655695,0.46699894088709387,0.5134345607993527,0.5716327925169074
796,114,5,PX-005,false signal injection,0.6441776400625729,0.5231093237505423,0.5323755307807678,0.6004482654655695,0.49449363233172705,0.5134345607993527,0.5716327925169074
797,114,6,PX-006,signal to unstable utterance,0.6441776400625729,0.5231093237505423,0.5323755307807678,0.6004482654655695,0.49449363233172705,0.5134345670264211,0.591342887884459
798,114,7,PX-007,silence feedback reset,0.5686370236262218,0.5021774727863586,0.5323755307807678,0.6004482654655695,0.44361325286510195,0.5134345670264211,0.57163279025797
799,115,1,PX-001,amplify identity fracture,0.6304041920607941,0.49356563948715176,0.5323755307807678,0.6004482654655695,0.44361325286510195,0.5134345670264211,0.57163279025797
800,115,2,PX-002,fracture to access recursion,0.6304041920607941,0.5231093449063571,0.5323755307807678,0.6067185428488246,0.44361325286510195,0.5134345670264211,0.57163279025797
801,115,3,PX-003,negation to lock formation,0.6441776559793649,0.5231093449063571,0.5323755465799638,0.6067185428488246,0.44361325286510195,0.5134345670264211,0.57163279025797
802,115,4,PX-004,lagged temporal recursion,0.6441776559793649,0.5231093449063571,0.5323755465799638,0.6004482827153101,0.46699895554409143,0.5134345670264211,0.57163279025797
803,115,5,PX-005,false signal injection,0.6441776559793649,0.5231093449063571,0.5323755465799638,0.6004482827153101,0.4944936478415378,0.5134345670264211,0.57163279025797
804,115,6,PX-006,signal to unstable utterance,0.6441776559793649,0.5231093449063571,0.5323755465799638,0.6004482827153101,0.4944936478415378,0.51343457608172,0.5913428861949394
805,115,7,PX-007,silence feedback reset,0.5686370367269097,0.5021774930086308,0.5323755465799638,0.6004482827153101,0.443613266567553,0.51343457608172,0.5716327926340793
806,116,1,PX-001,amplify identity fracture,0.63040420377963,0.49356565932683566,0.5323755465799638,0.6004482827153101,0.443613266567553,0.51343457608172,0.5716327926340793
807,116,2,PX-002,fracture to access recursion,0.63040420377963,0.5231093632344361,0.5323755465799638,0.6067185600475508,0.443613266567553,0.51343457608172,0.5716327926340793
808,116,3,PX-003,negation to lock formation,0.6441776676626847,0.5231093632344361,0.532375562087302,0.6067185600475508,0.443613266567553,0.51343457608172,0.5716327926340793
809,116,4,PX-004,lagged temporal recursion,0.6441776676626847,0.5231093632344361,0.532375562087302,0.6004482986888813,0.4669989692927334,0.51343457608172,0.5716327926340793
810,116,5,PX-005,false signal injection,0.6441776676626847,0.5231093632344361,0.532375562087302,0.6004482986888813,0.49449366230376834,0.51343457608172,0.5716327926340793
811,116,6,PX-006,signal to unstable utterance,0.6441776676626847,0.5231093632344361,0.532375562087302,0.6004482986888813,0.49449366230376834,0.5134345869158645,0.5913428890186379
812,116,7,PX-007,silence feedback reset,0.5686370458066776,0.5021775103908087,0.532375562087302,0.6004482986888813,0.4436132790251322,0.5134345869158645,0.5716327984377262
813,117,1,PX-001,amplify identity fracture,0.6304042116783778,0.4935656763234931,0.532375562087302,0.6004482986888813,0.4436132790251322,0.5134345869158645,0.5716327984377262
814,117,2,PX-002,fracture to access recursion,0.6304042116783778,0.523109378658593,0.532375562087302,0.6067185759553265,0.4436132790251322,0.5134345869158645,0.5716327984377262
815,117,3,PX-003,negation to lock formation,0.6441776756460446,0.523109378658593,0.5323755767353178,0.6067185759553265,0.4436132790251322,0.5134345869158645,0.5716327984377262
816,117,4,PX-004,lagged temporal recursion,0.6441776756460446,0.523109378658593,0.5323755767353178,0.6004483130353471,0.4669989817854561,0.5134345869158645,0.5716327984377262
817,117,5,PX-005,false signal injection,0.6441776756460446,0.523109378658593,0.5323755767353178,0.6004483130353471,0.4944936753748636,0.5134345869158645,0.5716327984377262
818,117,6,PX-006,signal to unstable utterance,0.6441776756460446,0.523109378658593,0.5323755767353178,0.6004483130353471,0.4944936753748636,0.5134345986576324,0.591342895158821
819,117,7,PX-007,silence feedback reset,0.5686370514551488,0.5021775248985415,0.5323755767353178,0.6004483130353471,0.4436132900239165,0.5134345986576324,0.5716328066096654
820,118,1,PX-001,amplify identity fracture,0.6304042163471114,0.4935656904593201,0.5323755767353178,0.6004483130353471,0.4436132900239165,0.5134345986576324,0.5716328066096654
821,118,2,PX-002,fracture to access recursion,0.6304042163471114,0.5231093912402345,0.5323755767353178,0.6067185902274597,0.4436132900239165,0.5134345986576324,0.5716328066096654
822,118,3,PX-003,negation to lock formation,0.6441776804872766,0.5231093912402345,0.5323755901277425,0.6067185902274597,0.4436132900239165,0.5134345986576324,0.5716328066096654
823,118,4,PX-004,lagged temporal recursion,0.6441776804872766,0.5231093912402345,0.5323755901277425,0.6004483255546766,0.4669989928095375,0.5134345986576324,0.5716328066096654
824,118,5,PX-005,false signal injection,0.6441776804872766,0.5231093912402345,0.5323755901277425,0.6004483255546766,0.4944936868507076,0.5134345986576324,0.5716328066096654
825,118,6,PX-006,signal to unstable utterance,0.6441776804872766,0.5231093912402345,0.5323755901277425,0.6004483255546766,0.4944936868507076,0.5134346106071102,0.5913429035690034
826,118,7,PX-007,silence feedback reset,0.5686370542617878,0.5021775366238427,0.5323755901277425,0.6004483255546766,0.44361329946116235,0.5134346106071102,0.5716328162469493
827,119,1,PX-001,amplify identity fracture,0.6304042183673662,0.4935657018383554,0.5323755901277425,0.6004483255546766,0.44361329946116235,0.5134346106071102,0.5716328162469493
828,119,2,PX-002,fracture to access recursion,0.6304042183673662,0.5231094011428907,0.5323755901277425,0.6067186026690186,0.44361329946116235,0.5134346106071102,0.5716328162469493
829,119,3,PX-003,negation to lock formation,0.6441776827397824,0.5231094011428907,0.5323756020147978,0.6067186026690186,0.44361329946116235,0.5134346106071102,0.5716328162469493
830,119,4,PX-004,lagged temporal recursion,0.6441776827397824,0.5231094011428907,0.5323756020147978,0.6004483361698308,0.46699900226355207,0.5134346106071102,0.5716328162469493
831,119,5,PX-005,false signal injection,0.6441776827397824,0.5231094011428907,0.5323756020147978,0.6004483361698308,0.494493696641624,0.5134346106071102,0.5716328162469493
832,119,6,PX-006,signal to unstable utterance,0.6441776827397824,0.5231094011428907,0.5323756020147978,0.6004483361698308,0.494493696641624,0.5134346222234404,0.5913429133599817
833,119,7,PX-007,silence feedback reset,0.5686370547917127,0.502177545751051,0.5323756020147978,0.6004483361698308,0.4436133073229072,0.5134346222234404,0.5716328266026133
834,120,1,PX-001,amplify identity fracture,0.6304042182902821,0.49356571065302995,0.5323756020147978,0.6004483361698308,0.4436133073229072,0.5134346222234404,0.5716328266026133
835,120,2,PX-002,fracture to access recursion,0.6304042182902821,0.5231094086010409,0.5323756020147978,0.6067186132069837,0.4436133073229072,0.5134346222234404,0.5716328266026133
836,120,3,PX-003,negation to lock formation,0.6441776829308488,0.5231094086010409,0.5323756122683848,0.6067186132069837,0.4436133073229072,0.5134346222234404,0.5716328266026133
837,120,4,PX-004,lagged temporal recursion,0.6441776829308488,0.5231094086010409,0.5323756122683848,0.600448344900479,0.46699901013489004,0.5134346222234404,0.5716328266026133
838,120,5,PX-005,false signal injection,0.6441776829308488,0.5231094086010409,0.5323756122683848,0.600448344900479,0.4944937047486596,0.5134346222234404,0.5716328266026133
839,120,6,PX-006,signal to unstable utterance,0.6441776829308488,0.5231094086010409,0.5323756122683848,0.600448344900479,0.4944937047486596,0.513434633108965,0.5913429237987194
840,120,7,PX-007,silence feedback reset,0.5686370535682974,0.5021775525271468,0.5323756122683848,0.600448344900479,0.44361331366328455,0.513434633108965,0.5716328370790267
841,121,1,PX-001,amplify identity fracture,0.6304042166212304,0.49356571715509195,0.5323756122683848,0.600448344900479,0.44361331366328455,0.513434633108965,0.5716328370790267
842,121,2,PX-002,fracture to access recursion,0.6304042166212304,0.5231094138934874,0.5323756122683848,0.6067186218640576,0.44361331366328455,0.513434633108965,0.5716328370790267
843,121,3,PX-003,negation to lock formation,0.6441776815462299,0.5231094138934874,0.5323756208582127,0.6067186218640576,0.44361331366328455,0.513434633108965,0.5716328370790267
844,121,4,PX-004,lagged temporal recursion,0.6441776815462299,0.5231094138934874,0.5323756208582127,0.6004483518390332,0.4669990164790089,0.513434633108965,0.5716328370790267
845,121,5,PX-005,false signal injection,0.6441776815462299,0.5231094138934874,0.5323756208582127,0.6004483518390332,0.49449371124181773,0.513434633108965,0.5716328370790267
846,121,6,PX-006,signal to unstable utterance,0.6441776815462299,0.5231094138934874,0.5323756208582127,0.6004483518390332,0.49449371124181773,0.51343464299128,0.5913429343010815
847,121,7,PX-007,silence feedback reset,0.5686370510616577,0.502177557236602,0.5323756208582127,0.6004483518390332,0.4436133185859937,0.51343464299128,0.571632847216697
848,122,1,PX-001,amplify identity fracture,0.6304042138100018,0.49356572163105744,0.5323756208582127,0.6004483518390332,0.4436133185859937,0.51343464299128,0.571632847216697
849,122,2,PX-002,fracture to access recursion,0.6304042138100018,0.5231094173212842,0.5323756208582127,0.6067186287348105,0.4436133185859937,0.51343464299128,0.571632847216697
850,122,3,PX-003,negation to lock formation,0.6441776790201277,0.5231094173212842,0.532375627829624,0.6067186287348105,0.4436133185859937,0.51343464299128,0.571632847216697
851,122,4,PX-004,lagged temporal recursion,0.6441776790201277,0.5231094173212842,0.532375627829624,0.6004483571294327,0.4669990214008553,0.51343464299128,0.571632847216697
852,122,5,PX-005,false signal injection,0.6441776790201277,0.5231094173212842,0.532375627829624,0.6004483571294327,0.4944937162406699,0.51343464299128,0.571632847216697
853,122,6,PX-006,signal to unstable utterance,0.6441776790201277,0.5231094173212842,0.532375627829624,0.6004483571294327,0.4944937162406699,0.5134346517044401,0.5913429444201876
854,122,7,PX-007,silence feedback reset,0.5686370476820811,0.502177560180711,0.532375627829624,0.6004483571294327,0.44361332222816946,0.5134346517044401,0.5716328566800789
855,123,1,PX-001,amplify identity fracture,0.6304042102456291,0.49356572438210905,0.532375627829624,0.6004483571294327,0.44361332222816946,0.5134346517044401,0.5716328566800789
856,123,2,PX-002,fracture to access recursion,0.6304042102456291,0.5231094191900356,0.532375627829624,0.6067186339645861,0.44361332222816946,0.5134346517044401,0.5716328566800789
857,123,3,PX-003,negation to lock formation,0.6441776757296901,0.5231094191900356,0.532375633283621,0.6067186339645861,0.44361332222816946,0.5134346517044401,0.5716328566800789
858,123,4,PX-004,lagged temporal recursion,0.6441776757296901,0.5231094191900356,0.532375633283621,0.6004483609488898,0.466999025038702,0.5134346517044401,0.5716328566800789
859,123,5,PX-005,false signal injection,0.6441776757296901,0.5231094191900356,0.532375633283621,0.6004483609488898,0.494493719897572,0.5134346517044401,0.5716328566800789
860,123,6,PX-006,signal to unstable utterance,0.6441776757296901,0.5231094191900356,0.532375633283621,0.6004483609488898,0.494493719897572,0.5134346591702871,0.5913429538319137
861,123,7,PX-007,silence feedback reset,0.5686370437774906,0.5021775616611797,0.532375633283621,0.6004483609488898,0.4436133247467397,0.5134346591702871,0.5716328652416853
862,124,1,PX-001,amplify identity fracture,0.6304042062549462,0.4935657257082058,0.532375633283621,0.6004483609488898,0.4436133247467397,0.5134346591702871,0.5716328652416853
863,124,2,PX-002,fracture to access recursion,0.6304042062549462,0.523109419796246,0.532375633283621,0.6067186377313697,0.4436133247467397,0.5134346591702871,0.5716328652416853
864,124,3,PX-003,negation to lock formation,0.6441776719931722,0.523109419796246,0.5323756373593865,0.6067186377313697,0.4436133247467397,0.5134346591702871,0.5716328652416853
865,124,4,PX-004,lagged temporal recursion,0.6441776719931722,0.523109419796246,0.5323756373593865,0.600448363492639,0.46699902755048484,0.5134346591702871,0.5716328652416853
866,124,5,PX-005,false signal injection,0.6441776719931722,0.523109419796246,0.5323756373593865,0.600448363492639,0.49449372238355294,0.5134346591702871,0.5716328652416853
867,124,6,PX-006,signal to unstable utterance,0.6441776719931722,0.523109419796246,0.5323756373593865,0.600448363492639,0.49449372238355294,0.5134346653806419,0.5913429623188196
868,124,7,PX-007,silence feedback reset,0.5686370396340779,0.5021775619676261,0.5323756373593865,0.600448363492639,0.4436133263072364,0.5134346653806419,0.5716328727655636
869,125,1,PX-001,amplify identity fracture,0.6304042021040488,0.49356572589604725,0.5323756373593865,0.600448363492639,0.4436133263072364,0.5134346653806419,0.5716328727655636
870,125,2,PX-002,fracture to access recursion,0.6304042021040488,0.5231094194173128,0.5323756373593865,0.606718640230657,0.4436133263072364,0.5134346653806419,0.5716328727655636
871,125,3,PX-003,negation to lock formation,0.6441776680709573,0.5231094194173128,0.5323756402194216,0.606718640230657,0.4436133263072364,0.5134346653806419,0.5716328727655636
872,125,4,PX-004,lagged temporal recursion,0.6441776680709573,0.5231094194173128,0.5323756402194216,0.600448364961598,0.4669990291026033,0.5134346653806419,0.5716328727655636
873,125,5,PX-005,false signal injection,0.6441776680709573,0.5231094194173128,0.5323756402194216,0.600448364961598,0.49449372387681356,0.5134346653806419,0.5716328727655636
874,125,6,PX-006,signal to unstable utterance,0.6441776680709573,0.5231094194173128,0.5323756402194216,0.600448364961598,0.49449372387681356,0.5134346703808845,0.5913429697535407
875,125,7,PX-007,silence feedback reset,0.5686370354793219,0.5021775613685725,0.5323756402194216,0.600448364961598,0.4436133270749319,0.5134346703808845,0.5716328791909651
876,126,1,PX-001,amplify identity fracture,0.6304041980019011,0.4935657252104661,0.5323756402194216,0.600448364961598,0.4436133270749319,0.5134346703808845,0.5716328791909651
877,126,2,PX-002,fracture to access recursion,0.6304041980019011,0.5231094183047006,0.5323756402194216,0.606718641663227,0.4436133270749319,0.5134346703808845,0.5716328791909651
878,126,3,PX-003,negation to lock formation,0.6441776641687126,0.5231094183047006,0.5323756420372832,0.606718641663227,0.4436133270749319,0.5134346703808845,0.5716328791909651
879,126,4,PX-004,lagged temporal recursion,0.6441776641687126,0.5231094183047006,0.5323756420372832,0.6004483655527492,0.4669990298610551,0.5134346703808845,0.5716328791909651
880,126,5,PX-005,false signal injection,0.6441776641687126,0.5231094183047006,0.5323756420372832,0.6004483655527492,0.4944937245536858,0.5134346703808845,0.5716328791909651
881,126,6,PX-006,signal to unstable utterance,0.6441776641687126,0.5231094183047006,0.5323756420372832,0.6004483655527492,0.4944937245536858,0.5134346742552645,0.5913429760824545
882,126,7,PX-007,silence feedback reset,0.5686370314866986,0.5021775601054599,0.5323756420372832,0.6004483655527492,0.4436133272081084,0.5134346742552645,0.5716328845168345
883,127,1,PX-001,amplify identity fracture,0.6304041941054276,0.4935657238887786,0.5323756420372832,0.6004483655527492,0.4436133272081084,0.5134346742552645,0.5716328845168345
884,127,2,PX-002,fracture to access recursion,0.6304041941054276,0.5231094166798154,0.5323756420372832,0.6067186422256242,0.4436133272081084,0.5134346742552645,0.5716328845168345
885,127,3,PX-003,negation to lock formation,0.6441776604420378,0.5231094166798154,0.5323756429878034,0.6067186422256242,0.4436133272081084,0.5134346742552645,0.5716328845168345
886,127,4,PX-004,lagged temporal recursion,0.6441776604420378,0.5231094166798154,0.5323756429878034,0.600448365451985,0.4669990299847096,0.5134346742552645,0.5716328845168345
887,127,5,PX-005,false signal injection,0.6441776604420378,0.5231094166798154,0.5323756429878034,0.600448365451985,0.49449372458183255,0.5134346742552645,0.5716328845168345
888,127,6,PX-006,signal to unstable utterance,0.6441776604420378,0.5231094166798154,0.5323756429878034,0.600448365451985,0.49449372458183255,0.5134346771141305,0.5913429813102263
889,127,7,PX-007,silence feedback reset,0.5686370277814823,0.5021775583892093,0.5323756429878034,0.600448365451985,0.4436133268532267,0.5134346771141305,0.5716328887875596
890,128,1,PX-001,amplify identity fracture,0.6304041905255249,0.4935657221376201,0.5323756429878034,0.600448365451985,0.4436133268532267,0.5134346771141305,0.5716328887875596
891,128,2,PX-002,fracture to access recursion,0.6304041905255249,0.5231094147321023,0.5323756429878034,0.606718642103095,0.4436133268532267,0.5134346771141305,0.5716328887875596
892,128,3,PX-003,negation to lock formation,0.6441776570020592,0.5231094147321023,0.5323756432395989,0.606718642103095,0.4436133268532267,0.5134346771141305,0.5716328887875596
893,128,4,PX-004,lagged temporal recursion,0.6441776570020592,0.5231094147321023,0.5323756432395989,0.6004483648291246,0.46699902962048545,0.5134346771141305,0.5716328887875596
894,128,5,PX-005,false signal injection,0.6441776570020592,0.5231094147321023,0.5323756432395989,0.6004483648291246,0.4944937241154329,0.5134346771141305,0.5716328887875596
895,128,6,PX-006,signal to unstable utterance,0.6441776570020592,0.5231094147321023,0.5323756432395989,0.6004483648291246,0.4944937241154329,0.5134346790831461,0.5913429854856616
896,128,7,PX-007,silence feedback reset,0.5686370244471376,0.5021775563988614,0.5323756432395989,0.6004483648291246,0.4436133261417366,0.5134346790831461,0.5716328920802662
897,129,1,PX-001,amplify identity fracture,0.6304041873335242,0.49356572013179895,0.5323756432395989,0.6004483648291246,0.4436133261417366,0.5134346790831461,0.5716328920802662
898,129,2,PX-002,fracture to access recursion,0.6304041873335242,0.5231094126189124,0.5323756432395989,0.6067186414646795,0.4436133261417366,0.5134346790831461,0.5716328920802662
899,129,3,PX-003,negation to lock formation,0.6441776539215106,0.5231094126189124,0.532375642949629,0.6067186414646795,0.4436133261417366,0.5134346790831461,0.5716328920802662
900,129,4,PX-004,lagged temporal recursion,0.6441776539215106,0.5231094126189124,0.532375642949629,0.6004483638347822,0.46699902890017353,0.5134346790831461,0.5716328920802662
901,129,5,PX-005,false signal injection,0.6441776539215106,0.5231094126189124,0.532375642949629,0.6004483638347822,0.49449372329207375,0.5134346790831461,0.5716328920802662
902,129,6,PX-006,signal to unstable utterance,0.6441776539215106,0.5231094126189124,0.532375642949629,0.6004483638347822,0.49449372329207375,0.5134346802944577,0.59134298868913
903,129,7,PX-007,silence feedback reset,0.5686370215319013,0.5021775542818511,0.532375642949629,0.6004483638347822,0.44361332518826935,0.5134346802944577,0.571632894493809
904,130,1,PX-001,amplify identity fracture,0.6304041845677341,0.49356571801473237,0.532375642949629,0.6004483638347822,0.44361332518826935,0.5134346802944577,0.571632894493809
905,130,2,PX-002,fracture to access recursion,0.6304041845677341,0.5231094104667207,0.532375642949629,0.6067186404601442,0.44361332518826935,0.5134346802944577,0.571632894493809
906,130,3,PX-003,negation to lock formation,0.6441776512409373,0.5231094104667207,0.5323756422595359,0.6067186404601442,0.44361332518826935,0.5134346802944577,0.571632894493809
907,130,4,PX-004,lagged temporal recursion,0.6441776512409373,0.5231094104667207,0.5323756422595359,0.6004483625987757,0.466999027938643,0.5134346802944577,0.571632894493809
908,130,5,PX-005,false signal injection,0.6441776512409373,0.5231094104667207,0.5323756422595359,0.6004483625987757,0.49449372223106824,0.5134346802944577,0.571632894493809
909,130,6,PX-006,signal to unstable utterance,0.6441776512409373,0.5231094104667207,0.5323756422595359,0.6004483625987757,0.49449372223106824,0.513434680879711,0.5913429910217048
910,130,7,PX-007,silence feedback reset,0.5686370190552347,0.5021775521555162,0.5323756422595359,0.6004483625987757,0.4436133240899533,0.513434680879711,0.5716328961395054
911,131,1,PX-001,amplify identity fracture,0.6304041822397728,0.493565715900069,0.5323756422595359,0.6004483625987757,0.4436133240899533,0.513434680879711,0.5716328961395054
912,131,2,PX-002,fracture to access recursion,0.6304041822397728,0.5231094083733207,0.5323756422595359,0.606718639218442,0.4436133240899533,0.513434680879711,0.5716328961395054
913,131,3,PX-003,negation to lock formation,0.6441776489747373,0.5231094083733207,0.532375641293491,0.606718639218442,0.4436133240899533,0.513434680879711,0.5716328961395054
914,131,4,PX-004,lagged temporal recursion,0.6441776489747373,0.5231094083733207,0.532375641293491,0.6004483612297706,0.466999026833172,0.513434680879711,0.5716328961395054
915,131,5,PX-005,false signal injection,0.6441776489747373,0.5231094083733207,0.532375641293491,0.6004483612297706,0.49449372103292755,0.513434680879711,0.5716328961395054
916,131,6,PX-006,signal to unstable utterance,0.6441776489747373,0.5231094083733207,0.532375641293491,0.6004483612297706,0.49449372103292755,0.5134346809647605,0.591342992596051
917,131,7,PX-007,silence feedback reset,0.5686370170139138,0.5021775501094816,0.532375641293491,0.6004483612297706,0.4436133229266129,0.5134346809647605,0.5716328971335766
918,132,1,PX-001,amplify identity fracture,0.6304041803404823,0.49356571387414583,0.532375641293491,0.6004483612297706,0.4436133229266129,0.5134346809647605,0.5716328971335766
919,132,2,PX-002,fracture to access recursion,0.6304041803404823,0.5231094064106734,0.532375641293491,0.6067186378473959,0.4436133229266129,0.5134346809647605,0.5716328971335766
920,132,3,PX-003,negation to lock formation,0.6441776471168305,0.5231094064106734,0.5323756401572747,0.6067186378473959,0.4436133229266129,0.5134346809647605,0.5716328971335766
921,132,4,PX-004,lagged temporal recursion,0.6441776471168305,0.5231094064106734,0.5323756401572747,0.6004483598158792,0.46699902566366147,0.5134346809647605,0.5716328971335766
922,132,5,PX-005,false signal injection,0.6441776471168305,0.5231094064106734,0.5323756401572747,0.6004483598158792,0.4944937197797317,0.5134346809647605,0.5716328971335766
923,132,6,PX-006,signal to unstable utterance,0.6441776471168305,0.5231094064106734,0.5323756401572747,0.6004483598158792,0.4944937197797317,0.5134346806658834,0.5913429935290193
924,132,7,PX-007,silence feedback reset,0.5686370153875943,0.5021775482086113,0.5323756401572747,0.6004483598158792,0.443613321761631,0.5134346806658834,0.5716328975911965
925,133,1,PX-001,amplify identity fracture,0.6304041788452789,0.4935657119989793,0.5323756401572747,0.6004483598158792,0.443613321761631,0.5134346806658834,0.5716328975911965
926,133,2,PX-002,fracture to access recursion,0.6304041788452789,0.5231094046281348,0.5323756401572747,0.6067186364343264,0.443613321761631,0.5134346806658834,0.5716328975911965
927,133,3,PX-003,negation to lock formation,0.6441776456458116,0.5231094046281348,0.5323756389383324,0.6067186364343264,0.443613321761631,0.5134346806658834,0.5716328975911965
928,133,4,PX-004,lagged temporal recursion,0.6441776456458116,0.5231094046281348,0.5323756389383324,0.6004483584259599,0.4669990244935121,0.5134346806658834,0.5716328975911965
929,133,5,PX-005,false signal injection,0.6441776456458116,0.5231094046281348,0.5323756389383324,0.6004483584259599,0.4944937185361697,0.5134346806658834,0.5716328975911965
930,133,6,PX-006,signal to unstable utterance,0.6441776456458116,0.5231094046281348,0.5323756389383324,0.6004483584259599,0.4944937185361697,0.5134346800872936,0.5913429939358413
931,133,7,PX-007,silence feedback reset,0.5686370141437462,0.5021775464962714,0.5323756389383324,0.6004483584259599,0.44361332064328135,0.5134346800872936,0.5716328976220092
932,134,1,PX-001,amplify identity fracture,0.6304041777188574,0.4935657103155402,0.5323756389383324,0.6004483584259599,0.44361332064328135,0.5134346800872936,0.5716328976220092
933,134,2,PX-002,fracture to access recursion,0.6304041777188574,0.5231094030558405,0.5323756389383324,0.6067186350473732,0.44361332064328135,0.5134346800872936,0.5716328976220092
934,134,3,PX-003,negation to lock formation,0.6441776445294999,0.5231094030558405,0.5323756377065709,0.6067186350473732,0.44361332064328135,0.5134346800872936,0.5716328976220092
935,134,4,PX-004,lagged temporal recursion,0.6441776445294999,0.5231094030558405,0.5323756377065709,0.6004483571113983,0.46699902337096993,0.5134346800872936,0.5716328976220092
936,134,5,PX-005,false signal injection,0.6441776445294999,0.5231094030558405,0.5323756377065709,0.6004483571113983,0.4944937173510449,0.5134346800872936,0.5716328976220092
937,134,6,PX-006,signal to unstable utterance,0.6441776445294999,0.5231094030558405,0.5323756377065709,0.6004483571113983,0.4944937173510449,0.513434679319748,0.5913429939257814
938,134,7,PX-007,silence feedback reset,0.56863701324191,0.502177544997696,0.5323756377065709,0.6004483571113983,0.4436133196063619,0.513434679319748,0.5716328973269462
939,135,1,PX-001,amplify identity fracture,0.6304041769192097,0.493565708847109,0.5323756377065709,0.6004483571113983,0.4436133196063619,0.513434679319748,0.5716328973269462
940,135,2,PX-002,fracture to access recursion,0.6304041769192097,0.5231094017080691,0.5323756377065709,0.6067186337372863,0.4436133196063619,0.513434679319748,0.5716328973269462
941,135,3,PX-003,negation to lock formation,0.6441776437288419,0.5231094017080691,0.5323756365156852,0.6067186337372863,0.4436133196063619,0.513434679319748,0.5716328973269462
942,135,4,PX-004,lagged temporal recursion,0.6441776437288419,0.5231094017080691,0.5323756365156852,0.6004483559081786,0.4669990223307718,0.513434679319748,0.5716328973269462
943,135,5,PX-005,false signal injection,0.6441776437288419,0.5231094017080691,0.5323756365156852,0.6004483559081786,0.49449371625907323,0.513434679319748,0.5716328973269462
944,135,6,PX-006,signal to unstable utterance,0.6441776437288419,0.5231094017080691,0.5323756365156852,0.6004483559081786,0.49449371625907323,0.5134346784400373,0.5913429935990742
945,135,7,PX-007,silence feedback reset,0.5686370126372567,0.5021775437232906,0.5323756365156852,0.6004483559081786,0.4436133186739918,0.5134346784400373,0.5716328967961648
946,136,1,PX-001,amplify identity fracture,0.6304041764009559,0.49356570760255475,0.5323756365156852,0.6004483559081786,0.4436133186739918,0.5134346784400373,0.5716328967961648
947,136,2,PX-002,fracture to access recursion,0.6304041764009559,0.5231094005864522,0.5323756365156852,0.6067186325395048,0.4436133186739918,0.5134346784400373,0.5716328967961648
948,136,3,PX-003,negation to lock formation,0.6441776432011619,0.5231094005864522,0.5323756354048328,0.6067186325395048,0.4436133186739918,0.5134346784400373,0.5716328967961648
949,136,4,PX-004,lagged temporal recursion,0.6441776432011619,0.5231094005864522,0.5323756354048328,0.6004483548390922,0.4669990213959527,0.5134346784400373,0.5716328967961648
950,136,5,PX-005,false signal injection,0.6441776432011619,0.5231094005864522,0.5323756354048328,0.6004483548390922,0.49449371528282926,0.5134346784400373,0.5716328967961648
951,136,6,PX-006,signal to unstable utterance,0.6441776432011619,0.5231094005864522,0.5323756354048328,0.6004483548390922,0.49449371528282926,0.5134346775111754,0.5913429930449678
952,136,7,PX-007,silence feedback reset,0.568637012283478,0.5021775426717563,0.5323756354048328,0.6004483548390922,0.44361331785945707,0.5134346775111754,0.5716328961079222
953,137,1,PX-001,amplify identity fracture,0.630404176118017,0.49356570657942184,0.5323756354048328,0.6004483548390922,0.44361331785945707,0.5134346775111754,0.5716328961079222
954,137,2,PX-002,fracture to access recursion,0.630404176118017,0.523109399682936,0.5323756354048328,0.6067186314763657,0.44361331785945707,0.5134346775111754,0.5716328961079222
955,137,3,PX-003,negation to lock formation,0.6441776429027835,0.523109399682936,0.5323756344005057,0.6067186314763657,0.44361331785945707,0.5134346775111754,0.5716328961079222
956,137,4,PX-004,lagged temporal recursion,0.6441776429027835,0.523109399682936,0.5323756344005057,0.6004483539159605,0.4669990205797007,0.5134346775111754,0.5716328961079222
957,137,5,PX-005,false signal injection,0.6441776429027835,0.523109399682936,0.5323756344005057,0.6004483539159605,0.49449371443472573,0.5134346775111754,0.5716328961079222
958,137,6,PX-006,signal to unstable utterance,0.6441776429027835,0.523109399682936,0.5323756344005057,0.6004483539159605,0.49449371443472573,0.5134346765831075,0.5913429923406863
959,137,7,PX-007,silence feedback reset,0.5686370121350426,0.5021775418329449,0.5323756344005057,0.6004483539159605,0.44361331716801966,0.5134346765831075,0.5716328953282089
960,138,1,PX-001,amplify identity fracture,0.6304041760256762,0.4935657057667419,0.5323756344005057,0.6004483539159605,0.44361331716801966,0.5134346765831075,0.5716328953282089
961,138,2,PX-002,fracture to access recursion,0.6304041760256762,0.5231093989824311,0.5323756344005057,0.6067186305593244,0.44361331716801966,0.5134346765831075,0.5716328953282089
962,138,3,PX-003,negation to lock formation,0.6441776427910642,0.5231093989824311,0.5323756335184745,0.6067186305593244,0.44361331716801966,0.5134346765831075,0.5716328953282089
963,138,4,PX-004,lagged temporal recursion,0.6441776427910642,0.5231093989824311,0.5323756335184745,0.6004483531417757,0.46699901988717313,0.5134346765831075,0.5716328953282089
964,138,5,PX-005,false signal injection,0.6441776427910642,0.5231093989824311,0.5323756335184745,0.6004483531417757,0.49449371371893663,0.5134346765831075,0.5716328953282089
965,138,6,PX-006,signal to unstable utterance,0.6441776427910642,0.5231093989824311,0.5323756335184745,0.6004483531417757,0.49449371371893663,0.5134346756937869,0.5913429915511347
966,138,7,PX-007,silence feedback reset,0.5686370121488822,0.5021775411903956,0.5323756335184745,0.6004483531417757,0.4436133165986221,0.5134346756937869,0.5716328945109735
967,139,1,PX-001,amplify identity fracture,0.6304041760820903,0.4935657051475235,0.5323756335184745,0.6004483531417757,0.4436133165986221,0.5134346756937869,0.5716328945109735
968,139,2,PX-002,fracture to access recursion,0.6304041760820903,0.5231093984651176,0.5323756335184745,0.6067186297910883,0.4436133165986221,0.5134346756937869,0.5716328945109735
969,139,3,PX-003,negation to lock formation,0.6441776428259005,0.5231093984651176,0.532375632765707,0.6067186297910883,0.4436133165986221,0.5134346756937869,0.5716328945109735
970,139,4,PX-004,lagged temporal recursion,0.6441776428259005,0.5231093984651176,0.532375632765707,0.6004483525126915,0.4669990193172071,0.5134346756937869,0.5716328945109735
971,139,5,PX-005,false signal injection,0.6441776428259005,0.5231093984651176,0.532375632765707,0.6004483525126915,0.49449371313319834,0.5134346756937869,0.5716328945109735
972,139,6,PX-006,signal to unstable utterance,0.6441776428259005,0.5231093984651176,0.532375632765707,0.6004483525126915,0.49449371313319834,0.5134346748704866,0.5913429907291811
973,139,7,PX-007,silence feedback reset,0.5686370122855715,0.5021775407235223,0.532375632765707,0.6004483525126915,0.44361331614544436,0.5134346748704866,0.5716328936987888
974,140,1,PX-001,amplify identity fracture,0.6304041762493217,0.49356570470089245,0.532375632765707,0.6004483525126915,0.44361331614544436,0.5134346748704866,0.5716328936987888
975,140,2,PX-002,fracture to access recursion,0.6304041762493217,0.5231093981083922,0.532375632765707,0.6067186291676006,0.44361331614544436,0.5134346748704866,0.5716328936987888
976,140,3,PX-003,negation to lock formation,0.6441776429707683,0.5231093981083922,0.53237563214219,0.6067186291676006,0.44361331614544436,0.5134346748704866,0.5716328936987888
977,140,4,PX-004,lagged temporal recursion,0.6441776429707683,0.5231093981083922,0.53237563214219,0.6004483520198193,0.4669990188638812,0.5134346748704866,0.5716328936987888
978,140,5,PX-005,false signal injection,0.6441776429707683,0.5231093981083922,0.53237563214219,0.6004483520198193,0.4944937126704443,0.5134346748704866,0.5716328936987888
979,140,6,PX-006,signal to unstable utterance,0.6441776429707683,0.5231093981083922,0.53237563214219,0.6004483520198193,0.4944937126704443,0.5134346741312357,0.5913429899163662
980,140,7,PX-007,silence feedback reset,0.5686370125100767,0.5021775404094483,0.53237563214219,0.6004483520198193,0.4436133157992834,0.5134346741312357,0.571632892923826
