index,cycle,phase_index,step_id,operator_name,identity_split,access_recursion,contradiction_lock,temporal_feedback,false_signal,utterance_instability,silence_gain
0,0,0,initial,initial,0.2,0.11,0.08,0.13,0.12,0.07,0.06
1,1,1,PX-001,amplify identity fracture,0.32996000000000003,0.109802,0.08,0.13,0.12,0.07,0.06
2,1,2,PX-002,fracture to access recursion,0.32996000000000003,0.147560916,0.08,0.1338513399076,0.12,0.07,0.06
3,1,3,PX-003,negation to lock formation,0.3350537225615172,0.147560916,0.10860167328,0.1338513399076,0.12,0.07,0.06
4,1,4,PX-004,lagged temporal recursion,0.3350537225615172,0.147560916,0.10860167328,0.16376330163207392,0.13008781938053576,0.07,0.06
5,1,5,PX-005,false signal injection,0.3350537225615172,0.147560916,0.10860167328,0.16376330163207392,0.13750140836844382,0.07,0.06
6,1,6,PX-006,signal to unstable utterance,0.3350537225615172,0.147560916,0.10860167328,0.16376330163207392,0.13750140836844382,0.08591546224726658,0.06
7,1,7,PX-007,silence feedback reset,0.3323119940675746,0.14684879529188075,0.10860167328,0.16376330163207392,0.13579507499868088,0.08591546224726658,0.06894205626327199
8,2,1,PX-001,amplify identity fracture,0.44110309815165866,0.14654507355466453,0.10860167328,0.16376330163207392,0.13579507499868088,0.08591546224726658,0.06894205626327199
9,2,2,PX-002,fracture to access recursion,0.44110309815165866,0.19643273631611194,0.10860167328,0.16869122951812482,0.13579507499868088,0.08591546224726658,0.06894205626327199
10,2,3,PX-003,negation to lock formation,0.44675257452885153,0.19643273631611194,0.14440374445011614,0.16869122951812482,0.13579507499868088,0.08591546224726658,0.06894205626327199
11,2,4,PX-004,lagged temporal recursion,0.44675257452885153,0.19643273631611194,0.14440374445011614,0.21183278570838687,0.14860976056669647,0.08591546224726658,0.06894205626327199
12,2,5,PX-005,false signal injection,0.44675257452885153,0.19643273631611194,0.14440374445011614,0.21183278570838687,0.16149009282155868,0.08591546224726658,0.06894205626327199
13,2,6,PX-006,signal to unstable utterance,0.44675257452885153,0.19643273631611194,0.14440374445011614,0.21183278570838687,0.16149009282155868,0.10602489916383784,0.06894205626327199
14,2,7,PX-007,silence feedback reset,0.44114380971133377,0.1952990605293073,0.14440374445011614,0.21183278570838687,0.1590934939315387,0.10602489916383784,0.08244739999376119
15,3,1,PX-001,amplify identity fracture,0.532575897974088,0.19481600353645132,0.14440374445011614,0.21183278570838687,0.1590934939315387,0.10602489916383784,0.08244739999376119
16,3,2,PX-002,fracture to access recursion,0.532575897974088,0.2518449228271966,0.14440374445011614,0.2177876630461328,0.1590934939315387,0.10602489916383784,0.08244739999376119
17,3,3,PX-003,negation to lock formation,0.5386364998882293,0.2518449228271966,0.18522799096071413,0.2177876630461328,0.1590934939315387,0.10602489916383784,0.08244739999376119
18,3,4,PX-004,lagged temporal recursion,0.5386364998882293,0.2518449228271966,0.18522799096071413,0.266796821054768,0.17479807671517233,0.10602489916383784,0.08244739999376119
19,3,5,PX-005,false signal injection,0.5386364998882293,0.2518449228271966,0.18522799096071413,0.266796821054768,0.19282342496455462,0.10602489916383784,0.08244739999376119
20,3,6,PX-006,signal to unstable utterance,0.5386364998882293,0.2518449228271966,0.18522799096071413,0.266796821054768,0.19282342496455462,0.1309251418034768,0.08254926394581974
21,3,7,PX-007,silence feedback reset,0.5294473112639367,0.25007009430006794,0.18522799096071413,0.266796821054768,0.18932914692874117,0.1309251418034768,0.10067581653052592
22,4,1,PX-001,amplify identity fracture,0.6067887894420134,0.24931481397206218,0.18522799096071413,0.266796821054768,0.18932914692874117,0.1309251418034768,0.10067581653052592
23,4,2,PX-002,fracture to access recursion,0.6067887894420134,0.30963834556601233,0.18522799096071413,0.2736076556335383,0.18932914692874117,0.1309251418034768,0.10067581653052592
24,4,3,PX-003,negation to lock formation,0.6130983997726671,0.30963834556601233,0.2292337756850841,0.2736076556335383,0.18932914692874117,0.1309251418034768,0.10067581653052592
25,4,4,PX-004,lagged temporal recursion,0.6130983997726671,0.30963834556601233,0.2292337756850841,0.32377752254595293,0.20770253695727503,0.1309251418034768,0.10067581653052592
26,4,5,PX-005,false signal injection,0.6130983997726671,0.30963834556601233,0.2292337756850841,0.32377752254595293,0.22998259762281176,0.1309251418034768,0.10067581653052592
27,4,6,PX-006,signal to unstable utterance,0.6130983997726671,0.30963834556601233,0.2292337756850841,0.32377752254595293,0.22998259762281176,0.16053005525861813,0.10397058657253408
28,4,7,PX-007,silence feedback reset,0.5992472493758725,0.30691190209468666,0.2292337756850841,0.32377752254595293,0.22477531440069456,0.16053005525861813,0.12578930550837017
29,5,1,PX-001,amplify identity fracture,0.6652356870577918,0.30575371504418436,0.2292337756850841,0.32377752254595293,0.22477531440069456,0.16053005525861813,0.12578930550837017
30,5,2,PX-002,fracture to access recursion,0.6652356870577918,0.3664446628127516,0.2292337756850841,0.3312114660780645,0.22477531440069456,0.16053005525861813,0.12578930550837017
31,5,3,PX-003,negation to lock formation,0.671673669644831,0.3664446628127516,0.27473412266236297,0.3312114660780645,0.22477531440069456,0.16053005525861813,0.12578930550837017
32,5,4,PX-004,lagged temporal recursion,0.671673669644831,0.3664446628127516,0.27473412266236297,0.3794888923037455,0.24536855540641656,0.16053005525861813,0.12578930550837017
33,5,5,PX-005,false signal injection,0.671673669644831,0.3664446628127516,0.27473412266236297,0.3794888923037455,0.2708375312252223,0.16053005525861813,0.12578930550837017
34,5,6,PX-006,signal to unstable utterance,0.671673669644831,0.3664446628127516,0.27473412266236297,0.3794888923037455,0.2708375312252223,0.19420678676417047,0.13252493666615195
35,5,7,PX-007,silence feedback reset,0.6520601366464414,0.3624176447430224,0.27473412266236297,0.3794888923037455,0.26318405937532136,0.19420678676417047,0.1569918609974595
36,6,1,PX-001,amplify identity fracture,0.7092460952538984,0.36071074612782666,0.27473412266236297,0.3794888923037455,0.26318405937532136,0.19420678676417047,0.1569918609974595
37,6,2,PX-002,fracture to access recursion,0.7092460952538984,0.41963751255683335,0.27473412266236297,0.38730058443617177,0.26318405937532136,0.19420678676417047,0.1569918609974595
38,6,3,PX-003,negation to lock formation,0.7157623072765005,0.41963751255683335,0.3201633465982801,0.38730058443617177,0.26318405937532136,0.19420678676417047,0.1569918609974595
39,6,4,PX-004,lagged temporal recursion,0.7157623072765005,0.41963751255683335,0.3201633465982801,0.43172574688658605,0.2854512282352106,0.19420678676417047,0.1569918609974595
40,6,5,PX-005,false signal injection,0.7157623072765005,0.41963751255683335,0.3201633465982801,0.43172574688658605,0.3130884768298487,0.19420678676417047,0.1569918609974595
41,6,6,PX-006,signal to unstable utterance,0.7157623072765005,0.41963751255683335,0.3201633465982801,0.43172574688658605,0.3130884768298487,0.23093252424913865,0.16720229372931092
42,6,7,PX-007,silence feedback reset,0.6894694178485709,0.413962180686734,0.3201633465982801,0.43172574688658605,0.302200216218595,0.23093252424913865,0.19320524773596653
43,7,1,PX-001,amplify identity fracture,0.7401896818821284,0.411562790716547,0.3201633465982801,0.43172574688658605,0.302200216218595,0.23093252424913865,0.19320524773596653
44,7,2,PX-002,fracture to access recursion,0.7401896818821284,0.4672818982709178,0.3201633465982801,0.43969207503858576,0.302200216218595,0.23093252424913865,0.19320524773596653
45,7,3,PX-003,negation to lock formation,0.7468114290337173,0.4672818982709178,0.36409788712442415,0.43969207503858576,0.302200216218595,0.23093252424913865,0.19320524773596653
46,7,4,PX-004,lagged temporal recursion,0.7468114290337173,0.4672818982709178,0.36409788712442415,0.47905135327235066,0.3255999513699495,0.23093252424913865,0.19320524773596653
47,7,5,PX-005,false signal injection,0.7468114290337173,0.4672818982709178,0.36409788712442415,0.47905135327235066,0.3545446673594635,0.23093252424913865,0.19320524773596653
48,7,6,PX-006,signal to unstable utterance,0.7468114290337173,0.4672818982709178,0.36409788712442415,0.47905135327235066,0.3545446673594635,0.26944915014698023,0.2067060688415181
49,7,7,PX-007,silence feedback reset,0.7132550440585368,0.4596565315231062,0.36409788712442415,0.47905135327235066,0.3396672618215424,0.26944915014698023,0.23312225679212228
50,8,1,PX-001,amplify identity fracture,0.7595767750800894,0.45644184648376906,0.36409788712442415,0.47905135327235066,0.3396672618215424,0.26944915014698023,0.23312225679212228
51,8,2,PX-002,fracture to access recursion,0.7595767750800894,0.5080970428965044,0.36409788712442415,0.4869921272794483,0.3396672618215424,0.26944915014698023,0.23312225679212228
52,8,3,PX-003,negation to lock formation,0.7663978506781345,0.5080970428965044,0.40530168059841326,0.4869921272794483,0.3396672618215424,0.26944915014698023,0.23312225679212228
53,8,4,PX-004,lagged temporal recursion,0.7663978506781345,0.5080970428965044,0.40530168059841326,0.520603724321449,0.36373127961663837,0.26944915014698023,0.23312225679212228
54,8,5,PX-005,false signal injection,0.7663978506781345,0.5080970428965044,0.40530168059841326,0.520603724321449,0.39332605608509535,0.26944915014698023,0.23312225679212228
55,8,6,PX-006,signal to unstable utterance,0.7663978506781345,0.5080970428965044,0.40530168059841326,0.520603724321449,0.39332605608509535,0.30840856560541247,0.24954036377137429
56,8,7,PX-007,silence feedback reset,0.7254066602098416,0.4983056503929157,0.40530168059841326,0.520603724321449,0.37383546655093397,0.30840856560541247,0.27529590601070353
57,9,1,PX-001,amplify identity fracture,0.7690673172355887,0.49419020522806056,0.40530168059841326,0.520603724321449,0.37383546655093397,0.30840856560541247,0.27529590601070353
58,9,2,PX-002,fracture to access recursion,0.7690673172355887,0.5414108856061214,0.40530168059841326,0.528390235186591,0.37383546655093397,0.30840856560541247,0.27529590601070353
59,9,3,PX-003,negation to lock formation,0.7762248923672609,0.5414108856061214,0.44277437080620563,0.528390235186591,0.37383546655093397,0.30840856560541247,0.27529590601070353
60,9,4,PX-004,lagged temporal recursion,0.7762248923672609,0.5414108856061214,0.44277437080620563,0.5559674299626394,0.39820436259861425,0.30840856560541247,0.27529590601070353
61,9,5,PX-005,false signal injection,0.7762248923672609,0.5414108856061214,0.44277437080620563,0.5559674299626394,0.4279925841646355,0.30840856560541247,0.27529590601070353
62,9,6,PX-006,signal to unstable utterance,0.7762248923672609,0.5414108856061214,0.44277437080620563,0.5559674299626394,0.4279925841646355,0.3465010391694149,0.29412380874338495
63,9,7,PX-007,silence feedback reset,0.7280470810314827,0.5293497128468815,0.44277437080620563,0.5559674299626394,0.4034752490153605,0.3465010391694149,0.318247143842047
64,10,1,PX-001,amplify identity fracture,0.7704154706170824,0.5242957918206677,0.44277437080620563,0.5559674299626394,0.4034752490153605,0.3465010391694149,0.318247143842047
65,10,2,PX-002,fracture to access recursion,0.7704154706170824,0.5670928641256969,0.44277437080620563,0.5635216610198668,0.4034752490153605,0.3465010391694149,0.318247143842047
66,10,3,PX-003,negation to lock formation,0.7780618073817891,0.5670928641256969,0.4757872085133675,0.5635216610198668,0.4034752490153605,0.3465010391694149,0.318247143842047
67,10,4,PX-004,lagged temporal recursion,0.7780618073817891,0.5670928641256969,0.4757872085133675,0.5850786289752887,0.4279062208572748,0.3465010391694149,0.318247143842047
68,10,5,PX-005,false signal injection,0.7780618073817891,0.5670928641256969,0.4757872085133675,0.5850786289752887,0.45760239028945393,0.3465010391694149,0.318247143842047
69,10,6,PX-006,signal to unstable utterance,0.7780618073817891,0.5670928641256969,0.4757872085133675,0.5850786289752887,0.45760239028945393,0.3825591672390136,0.3389090958757356
70,10,7,PX-007,silence feedback reset,0.723309007395517,0.5527793985782753,0.4757872085133675,0.5850786289752887,0.4279026012881204,0.3825591672390136,0.3605724779558448
71,11,1,PX-001,amplify identity fracture,0.765382126988382,0.546799887453026,0.4757872085133675,0.5850786289752887,0.4279026012881204,0.3825591672390136,0.3605724779558448
72,11,2,PX-002,fracture to access recursion,0.765382126988382,0.5854622572741147,0.4757872085133675,0.5923662530494307,0.4279026012881204,0.3825591672390136,0.3605724779558448
73,11,3,PX-003,negation to lock formation,0.7736577709894392,0.5854622572741147,0.5038980373142087,0.5923662530494307,0.4279026012881204,0.3825591672390136,0.3605724779558448
74,11,4,PX-004,lagged temporal recursion,0.7736577709894392,0.5854622572741147,0.5038980373142087,0.6081462144242444,0.4522569219997215,0.3825591672390136,0.3605724779558448
75,11,5,PX-005,false signal injection,0.7736577709894392,0.5854622572741147,0.5038980373142087,0.6081462144242444,0.4817048704631709,0.3825591672390136,0.3605724779558448
76,11,6,PX-006,signal to unstable utterance,0.7736577709894392,0.5854622572741147,0.5038980373142087,0.6081462144242444,0.4817048704631709,0.4156318532339165,0.382489382131474
77,11,7,PX-007,silence feedback reset,0.713207515436411,0.5690268761303124,0.5038980373142087,0.6081462144242444,0.4469323333202283,0.4156318532339165,0.40103551728569525
78,12,1,PX-001,amplify identity fracture,0.7556438512186456,0.562180876501761,0.5038980373142087,0.6081462144242444,0.4469323333202283,0.4156318532339165,0.40103551728569525
79,12,2,PX-002,fracture to access recursion,0.7556438512186456,0.597178512877085,0.5038980373142087,0.615166414252306,0.4469323333202283,0.4156318532339165,0.40103551728569525
80,12,3,PX-003,negation to lock formation,0.7646571725845854,0.597178512877085,0.5269428841520754,0.615166414252306,0.4469323333202283,0.4156318532339165,0.40103551728569525
81,12,4,PX-004,lagged temporal recursion,0.7646571725845854,0.597178512877085,0.5269428841520754,0.6255818430517543,0.47115156963799887,0.4156318532339165,0.40103551728569525
82,12,5,PX-005,false signal injection,0.7646571725845854,0.597178512877085,0.5269428841520754,0.6255818430517543,0.5002816739289889,0.4156318532339165,0.40103551728569525
83,12,6,PX-006,signal to unstable utterance,0.7646571725845854,0.597178512877085,0.5269428841520754,0.6255818430517543,0.5002816739289889,0.4450259809759012,0.4236782421341109
84,12,7,PX-007,silence feedback reset,0.6995386674433345,0.5788426118719449,0.5269428841520754,0.6255818430517543,0.46078257922164495,0.4450259809759012,0.4386317278372815
85,13,1,PX-001,amplify identity fracture,0.7427177889856287,0.5712256498222078,0.5269428841520754,0.6255818430517543,0.46078257922164495,0.4450259809759012,0.4386317278372815
86,13,2,PX-002,fracture to access recursion,0.7427177889856287,0.6031252869116531,0.5269428841520754,0.6323564748017846,0.46078257922164495,0.4450259809759012,0.4386317278372815
87,13,3,PX-003,negation to lock formation,0.7525332249992128,0.6031252869116531,0.5450066443650914,0.6323564748017846,0.46078257922164495,0.4450259809759012,0.4386317278372815
88,13,4,PX-004,lagged temporal recursion,0.7525332249992128,0.6031252869116531,0.5450066443650914,0.6379370511611095,0.48486165321586794,0.4450259809759012,0.4386317278372815
89,13,5,PX-005,false signal injection,0.7525332249992128,0.6031252869116531,0.5450066443650914,0.6379370511611095,0.513654271496844,0.4450259809759012,0.4386317278372815
90,13,6,PX-006,signal to unstable utterance,0.7525332249992128,0.6031252869116531,0.5450066443650914,0.6379370511611095,0.513654271496844,0.4703173240624211,0.46155692962079686
91,13,7,PX-007,silence feedback reset,0.6838182635085798,0.583171761331506,0.5450066443650914,0.6379370511611095,0.4699566826623752,0.4703173240624211,0.4726221427231071
92,14,1,PX-001,amplify identity fracture,0.7279119612639691,0.5749031647090228,0.5450066443650914,0.6379370511611095,0.4699566826623752,0.4703173240624211,0.4726221427231071
93,14,2,PX-002,fracture to access recursion,0.7279119612639691,0.6043008037060363,0.5450066443650914,0.6445008990903751,0.4699566826623752,0.4703173240624211,0.4726221427231071
94,14,3,PX-003,negation to lock formation,0.7385469310394893,0.6043008037060363,0.5583786055280598,0.6445008990903751,0.4699566826623752,0.4703173240624211,0.4726221427231071
95,14,4,PX-004,lagged temporal recursion,0.7385469310394893,0.6043008037060363,0.5583786055280598,0.645847934616131,0.49391959938554636,0.4703173240624211,0.4726221427231071
96,14,5,PX-005,false signal injection,0.7385469310394893,0.6043008037060363,0.5583786055280598,0.645847934616131,0.5223782047055089,0.4703173240624211,0.4726221427231071
97,14,6,PX-006,signal to unstable utterance,0.7385469310394893,0.6043008037060363,0.5583786055280598,0.645847934616131,0.5223782047055089,0.49133564837873006,0.4954893931230749
98,14,7,PX-007,silence feedback reset,0.6672607726947214,0.5830429303329576,0.5583786055280598,0.645847934616131,0.47512555600404255,0.49133564837873006,0.5025376492423517
99,15,1,PX-001,amplify identity fracture,0.7123021469572739,0.5742528996244507,0.5583786055280598,0.645847934616131,0.47512555600404255,0.49133564837873006,0.5025376492423517
100,15,2,PX-002,fracture to access recursion,0.7123021469572739,0.6017245752362305,0.5583786055280598,0.6522409946494953,0.47512555600404255,0.49133564837873006,0.5025376492423517
101,15,3,PX-003,negation to lock formation,0.7237309426077719,0.6017245752362305,0.5674999224571292,0.6522409946494953,0.47512555600404255,0.49133564837873006,0.5025376492423517
102,15,4,PX-004,lagged temporal recursion,0.7237309426077719,0.6017245752362305,0.5674999224571292,0.6499883035297,0.49900691346337445,0.49133564837873006,0.5025376492423517
103,15,5,PX-005,false signal injection,0.7237309426077719,0.6017245752362305,0.5674999224571292,0.6499883035297,0.5271413511057075,0.49133564837873006,0.5025376492423517
104,15,6,PX-006,signal to unstable utterance,0.7237309426077719,0.6017245752362305,0.5674999224571292,0.6499883035297,0.5271413511057075,0.5081311448995365,0.5251103702307202
105,15,7,PX-007,silence feedback reset,0.6507900256772626,0.5794781120701609,0.5674999224571292,0.6499883035297,0.477026692482446,0.5081311448995365,0.5281596094581472
106,16,1,PX-001,amplify identity fracture,0.6967314140410535,0.5702964040693452,0.5674999224571292,0.6499883035297,0.477026692482446,0.5081311448995365,0.5281596094581472
107,16,2,PX-002,fracture to access recursion,0.6967314140410535,0.596366200045907,0.5674999224571292,0.6562503578915685,0.477026692482446,0.5081311448995365,0.5281596094581472
108,16,3,PX-003,negation to lock formation,0.7088936040030512,0.596366200045907,0.5729098855929707,0.6562503578915685,0.477026692482446,0.5081311448995365,0.5281596094581472
109,16,4,PX-004,lagged temporal recursion,0.7088936040030512,0.596366200045907,0.5729098855929707,0.651031829439759,0.5008597513223381,0.5081311448995365,0.5281596094581472
110,16,5,PX-005,false signal injection,0.7088936040030512,0.596366200045907,0.5729098855929707,0.651031829439759,0.5286780314844114,0.5081311448995365,0.5281596094581472
111,16,6,PX-006,signal to unstable utterance,0.7088936040030512,0.596366200045907,0.5729098855929707,0.651031829439759,0.5286780314844114,0.5209299889912828,0.5502943964997675
112,16,7,PX-007,silence feedback reset,0.6350703129411464,0.5734276201209783,0.5729098855929707,0.651031829439759,0.4763879599001922,0.5209299889912828,0.5494845262899337
113,17,1,PX-001,amplify identity fracture,0.6818261051928436,0.563974931994866,0.5729098855929707,0.651031829439759,0.4763879599001922,0.5209299889912828,0.5494845262899337
114,17,2,PX-002,fracture to access recursion,0.6818261051928436,0.5890975504719023,0.5729098855929707,0.65719911827385,0.4763879599001922,0.5209299889912828,0.5494845262899337
115,17,3,PX-003,negation to lock formation,0.6946369796555579,0.5890975504719023,0.5751964422958528,0.65719911827385,0.4763879599001922,0.5209299889912828,0.5494845262899337
116,17,4,PX-004,lagged temporal recursion,0.6946369796555579,0.5890975504719023,0.5751964422958528,0.6496230997924808,0.5001984932606733,0.5209299889912828,0.5494845262899337
117,17,5,PX-005,false signal injection,0.6946369796555579,0.5890975504719023,0.5751964422958528,0.6496230997924808,0.5277046074991303,0.5209299889912828,0.5494845262899337
118,17,6,PX-006,signal to unstable utterance,0.6946369796555579,0.5890975504719023,0.5751964422958528,0.6496230997924808,0.5277046074991303,0.5300861497631454,0.5711139264441794
119,17,7,PX-007,silence feedback reset,0.6205473833600865,0.5657294440606078,0.5751964422958528,0.6496230997924808,0.4738774240109401,0.5300861497631454,0.5666804951446561
120,18,1,PX-001,amplify identity fracture,0.6680218814244498,0.5561118088162624,0.5751964422958528,0.6496230997924808,0.4738774240109401,0.5300861497631454,0.5666804951446561
121,18,2,PX-002,fracture to access recursion,0.6680218814244498,0.5806662439790468,0.5751964422958528,0.6557266609510964,0.4738774240109401,0.5300861497631454,0.5666804951446561
122,18,3,PX-003,negation to lock formation,0.6813829442786242,0.5806662439790468,0.5749545400980031,0.6557266609510964,0.4738774240109401,0.5300861497631454,0.5666804951446561
123,18,4,PX-004,lagged temporal recursion,0.6813829442786242,0.5806662439790468,0.5749545400980031,0.6463569685717503,0.49768183354288154,0.5300861497631454,0.5666804951446561
124,18,5,PX-005,false signal injection,0.6813829442786242,0.5806662439790468,0.5749545400980031,0.6463569685717503,0.5248770347276426,0.5300861497631454,0.5666804951446561
125,18,6,PX-006,signal to unstable utterance,0.6813829442786242,0.5806662439790468,0.5749545400980031,0.6463569685717503,0.5248770347276426,0.5360350410580487,0.5877936434980793
126,18,7,PX-007,silence feedback reset,0.6074914710044199,0.5570894906153582,0.5749545400980031,0.6463569685717503,0.4700759119035552,0.5360350410580487,0.5800419187972664
127,19,1,PX-001,amplify identity fracture,0.6555943753372212,0.5473954329030085,0.5749545400980031,0.6463569685717503,0.4700759119035552,0.5360350410580487,0.5800419187972664
128,19,2,PX-002,fracture to access recursion,0.6555943753372212,0.5716863006671811,0.5749545400980031,0.6524221548635686,0.4700759119035552,0.5360350410580487,0.5800419187972664
129,19,3,PX-003,negation to lock formation,0.6694025537353213,0.5716863006671811,0.5727539775071189,0.6524221548635686,0.4700759119035552,0.5360350410580487,0.5800419187972664
130,19,4,PX-004,lagged temporal recursion,0.6694025537353213,0.5716863006671811,0.5727539775071189,0.6417652325211701,0.4938819917966601,0.5360350410580487,0.5800419187972664
131,19,5,PX-005,false signal injection,0.6694025537353213,0.5716863006671811,0.5727539775071189,0.6417652325211701,0.520767458880799,0.5360350410580487,0.5800419187972664
132,19,6,PX-006,signal to unstable utterance,0.6694025537353213,0.5716863006671811,0.5727539775071189,0.6417652325211701,0.520767458880799,0.5392527441988217,0.6006661984589492
133,19,7,PX-007,silence feedback reset,0.5960374109541966,0.5480777727063428,0.5727539775071189,0.6417652325211701,0.46546691186121636,0.5392527441988217,0.5899471174335142
134,20,1,PX-001,amplify identity fracture,0.6446904060076123,0.5383776656422182,0.5727539775071189,0.6417652325211701,0.46546691186121636,0.5392527441988217,0.5899471174335142
135,20,2,PX-002,fracture to access recursion,0.6446904060076123,0.562641214753732,0.5727539775071189,0.6478119618634094,0.46546691186121636,0.5392527441988217,0.5899471174335142
136,20,3,PX-003,negation to lock formation,0.6588452947719093,0.562641214753732,0.5691169055152152,0.6478119618634094,0.46546691186121636,0.5392527441988217,0.5899471174335142
137,20,4,PX-004,lagged temporal recursion,0.6588452947719093,0.562641214753732,0.5691169055152152,0.6363094688786614,0.48927590444003255,0.5392527441988217,0.5899471174335142
138,20,5,PX-005,false signal injection,0.6588452947719093,0.562641214753732,0.5691169055152152,0.6363094688786614,0.5158553956444812,0.5392527441988217,0.5899471174335142
139,20,6,PX-006,signal to unstable utterance,0.6588452947719093,0.562641214753732,0.5691169055152152,0.6363094688786614,0.5158553956444812,0.5402227661131297,0.6101326807622046
140,20,7,PX-007,silence feedback reset,0.5862193519648712,0.5391354647324305,0.5691169055152152,0.6363094688786614,0.4604381401650495,0.5402227661131297,0.5968215979746769
141,21,1,PX-001,amplify identity fracture,0.6353571177300307,0.5294824340448376,0.5691169055152152,0.6363094688786614,0.4604381401650495,0.5402227661131297,0.5968215979746769
142,21,2,PX-002,fracture to access recursion,0.6353571177300307,0.5538949427064038,0.5691169055152152,0.6423528592556108,0.4604381401650495,0.5402227661131297,0.5968215979746769
143,21,3,PX-003,negation to lock formation,0.6497660849626535,0.5538949427064038,0.5645040642396822,0.6423528592556108,0.4604381401650495,0.5402227661131297,0.5968215979746769
144,21,4,PX-004,lagged temporal recursion,0.6497660849626535,0.5538949427064038,0.5645040642396822,0.6303788124731002,0.4842471256771469,0.5402227661131297,0.5968215979746769
145,21,5,PX-005,false signal injection,0.6497660849626535,0.5538949427064038,0.5645040642396822,0.6303788124731002,0.5105288736796122,0.5402227661131297,0.5968215979746769
146,21,6,PX-006,signal to unstable utterance,0.6497660849626535,0.5538949427064038,0.5645040642396822,0.6303788124731002,0.5105288736796122,0.5394108769670849,0.616629472752362
147,21,7,PX-007,silence feedback reset,0.5779992852860356,0.5305883875674566,0.5645040642396822,0.6303788124731002,0.45528991777802647,0.5394108769670849,0.6011081922366072
148,22,1,PX-001,amplify identity fracture,0.6275675946757896,0.5210201567732844,0.5645040642396822,0.6303788124731002,0.45528991777802647,0.5394108769670849,0.6011081922366072
149,22,2,PX-002,fracture to access recursion,0.6275675946757896,0.5457071099170074,0.5645040642396822,0.6364299597733821,0.45528991777802647,0.5394108769670849,0.6011081922366072
150,22,3,PX-003,negation to lock formation,0.6421489110808644,0.5457071099170074,0.5593082586118244,0.6364299597733821,0.45528991777802647,0.5394108769670849,0.6011081922366072
151,22,4,PX-004,lagged temporal recursion,0.6421489110808644,0.5457071099170074,0.5593082586118244,0.6242914922981893,0.4790939686850422,0.5394108769670849,0.6011081922366072
152,22,5,PX-005,false signal injection,0.6421489110808644,0.5457071099170074,0.5593082586118244,0.6242914922981893,0.5050915696480514,0.5394108769670849,0.6011081922366072
153,22,6,PX-006,signal to unstable utterance,0.6421489110808644,0.5457071099170074,0.5593082586118244,0.6242914922981893,0.5050915696480514,0.5372475881159408,0.620601919432309
154,22,7,PX-007,silence feedback reset,0.5712896353803589,0.5226634860036948,0.5593082586118244,0.6242914922981893,0.4502467324759014,0.5372475881159408,0.6032441603758867
155,23,1,PX-001,amplify identity fracture,0.6212423894377449,0.5132046751304918,0.5593082586118244,0.6242914922981893,0.4502467324759014,0.5372475881159408,0.6032441603758867
156,23,2,PX-002,fracture to access recursion,0.6212423894377449,0.5382497116453727,0.5593082586118244,0.6303582421761856,0.4502467324759014,0.5372475881159408,0.6032441603758867
157,23,3,PX-003,negation to lock formation,0.6359267223201183,0.5382497116453727,0.5538533832297081,0.6303582421761856,0.4502467324759014,0.5372475881159408,0.6032441603758867
158,23,4,PX-004,lagged temporal recursion,0.6359267223201183,0.5382497116453727,0.5538533832297081,0.618299057779753,0.4740405673884058,0.5372475881159408,0.6032441603758867
159,23,5,PX-005,false signal injection,0.6359267223201183,0.5382497116453727,0.5538533832297081,0.618299057779753,0.4997729326314203,0.5372475881159408,0.6032441603758867
160,23,6,PX-006,signal to unstable utterance,0.6359267223201183,0.5382497116453727,0.5538533832297081,0.618299057779753,0.4997729326314203,0.5341172590603278,0.6224844662668958
161,23,7,PX-007,silence feedback reset,0.5659706668644158,0.5155059017217423,0.5538533832297081,0.618299057779753,0.44546958444331036,0.5341172590603278,0.6036446714376451
162,24,1,PX-001,amplify identity fracture,0.6162669904977427,0.5061704300016726,0.5538533832297081,0.618299057779753,0.44546958444331036,0.5341172590603278,0.6036446714376451
163,24,2,PX-002,fracture to access recursion,0.6162669904977427,0.5316235040487302,0.5538533832297081,0.6243866935518079,0.44546958444331036,0.5341172590603278,0.6036446714376451
164,24,3,PX-003,negation to lock formation,0.6309976628247095,0.5316235040487302,0.5483973775737608,0.6243866935518079,0.44546958444331036,0.5341172590603278,0.6036446714376451
165,24,4,PX-004,lagged temporal recursion,0.6309976628247095,0.5316235040487302,0.5483973775737608,0.6125923746119332,0.4692486617275394,0.5341172590603278,0.6036446714376451
166,24,5,PX-005,false signal injection,0.6309976628247095,0.5316235040487302,0.5483973775737608,0.6125923746119332,0.49473926009370894,0.5341172590603278,0.6036446714376451
167,24,6,PX-006,signal to unstable utterance,0.6309976628247095,0.5316235040487302,0.5483973775737608,0.6125923746119332,0.49473926009370894,0.5303525769923499,0.6226864967009957
168,24,7,PX-007,silence feedback reset,0.5619036309632133,0.5091951477173233,0.5483973775737608,0.6125923746119332,0.4410677130103157,0.5303525769923499,0.60269173204069
169,25,1,PX-001,amplify identity fracture,0.6125055918505645,0.49998851655158927,0.5483973775737608,0.6125923746119332,0.4410677130103157,0.5303525769923499,0.60269173204069
170,25,2,PX-002,fracture to access recursion,0.6125055918505645,0.5258730326801857,0.5483973775737608,0.6187041912973207,0.4410677130103157,0.5303525769923499,0.60269173204069
171,25,3,PX-003,negation to lock formation,0.6272379897415664,0.5258730326801857,0.5431377139593435,0.6187041912973207,0.4410677130103157,0.5303525769923499,0.60269173204069
172,25,4,PX-004,lagged temporal recursion,0.6272379897415664,0.5258730326801857,0.5431377139593435,0.6073086358853863,0.46482882134379605,0.5303525769923499,0.60269173204069
173,25,5,PX-005,false signal injection,0.6272379897415664,0.5258730326801857,0.5431377139593435,0.6073086358853863,0.49010448640375426,0.5303525769923499,0.60269173204069
174,25,6,PX-006,signal to unstable utterance,0.6272379897415664,0.5258730326801857,0.5431377139593435,0.6073086358853863,0.49010448640375426,0.5262331339491096,0.6215829360595793
175,25,7,PX-007,silence feedback reset,0.5589405487731479,0.5037595840029822,0.5431377139593435,0.6073086358853863,0.4371090197648219,0.5262331339491096,0.6007275331542946
176,26,1,PX-001,amplify identity fracture,0.6098116824801224,0.4946809164369538,0.5431377139593435,0.6073086358853863,0.4371090197648219,0.5262331339491096,0.6007275331542946
177,26,2,PX-002,fracture to access recursion,0.6098116824801224,0.5209997964261815,0.5431377139593435,0.6134463995082473,0.4371090197648219,0.5262331339491096,0.6007275331542946
178,26,3,PX-003,negation to lock formation,0.6245121370539602,0.5209997964261815,0.5382183025027911,0.6134463995082473,0.4371090197648219,0.5262331339491096,0.6007275331542946
179,26,4,PX-004,lagged temporal recursion,0.6245121370539602,0.5209997964261815,0.5382183025027911,0.602538798400091,0.46085047560510267,0.5262331339491096,0.6007275331542946
180,26,5,PX-005,false signal injection,0.6245121370539602,0.5209997964261815,0.5382183025027911,0.602538798400091,0.4859400297664937,0.5262331339491096,0.6007275331542946
181,26,6,PX-006,signal to unstable utterance,0.6245121370539602,0.5209997964261815,0.5382183025027911,0.602538798400091,0.4859400297664937,0.5219869436047695,0.6195086844276207
182,26,7,PX-007,silence feedback reset,0.5569314087541906,0.4991888766014292,0.5382183025027911,0.602538798400091,0.43362896394146233,0.5219869436047695,0.598051229697899
183,27,1,PX-001,amplify identity fracture,0.6080360065326125,0.4902326609563392,0.5382183025027911,0.602538798400091,0.43362896394146233,0.5219869436047695,0.598051229697899
184,27,2,PX-002,fracture to access recursion,0.6080360065326125,0.5169734102351476,0.5382183025027911,0.6087031045849088,0.43362896394146233,0.5219869436047695,0.598051229697899
185,27,3,PX-003,negation to lock formation,0.6226804040124003,0.5169734102351476,0.5337369803588591,0.6087031045849088,0.43362896394146233,0.5219869436047695,0.598051229697899
186,27,4,PX-004,lagged temporal recursion,0.6226804040124003,0.5169734102351476,0.5337369803588591,0.598335004369154,0.45735053708488765,0.5219869436047695,0.598051229697899
187,27,5,PX-005,false signal injection,0.6226804040124003,0.5169734102351476,0.5337369803588591,0.598335004369154,0.4822834300975729,0.5219869436047695,0.598051229697899
188,27,6,PX-006,signal to unstable utterance,0.6226804040124003,0.5169734102351476,0.5337369803588591,0.598335004369154,0.4822834300975729,0.5177939220918034,0.6167560245117505
189,27,7,PX-007,silence feedback reset,0.5557294052322728,0.4954444247430188,0.5337369803588591,0.598335004369154,0.43063796832947265,0.5177939220918034,0.5949182869230099
190,28,1,PX-001,amplify identity fracture,0.6070324078323123,0.48660195629000863,0.5337369803588591,0.598335004369154,0.43063796832947265,0.5177939220918034,0.5949182869230099
191,28,2,PX-002,fracture to access recursion,0.6070324078323123,0.5137408473617111,0.5337369803588591,0.6045255558254818,0.43063796832947265,0.5177939220918034,0.5949182869230099
192,28,3,PX-003,negation to lock formation,0.6216047111733396,0.5137408473617111,0.5297530029546126,0.6045255558254818,0.43063796832947265,0.5177939220918034,0.5949182869230099
193,28,4,PX-004,lagged temporal recursion,0.6216047111733396,0.5137408473617111,0.5297530029546126,0.59471767824657,0.4543406449184519,0.5177939220918034,0.5949182869230099
194,28,5,PX-005,false signal injection,0.6216047111733396,0.5137408473617111,0.5297530029546126,0.59471767824657,0.47914574114648584,0.5177939220918034,0.5949182869230099
195,28,6,PX-006,signal to unstable utterance,0.6216047111733396,0.5137408473617111,0.5297530029546126,0.59471767824657,0.47914574114648584,0.5137905570794271,0.6135742712819506
196,28,7,PX-007,silence feedback reset,0.5551946984454456,0.4924679089245294,0.5297530029546126,0.59471767824657,0.428127499914702,0.5137905570794271,0.5915416733783673
197,29,1,PX-001,amplify identity fracture,0.6066620018402494,0.4837284501966186,0.5297530029546126,0.59471767824657,0.428127499914702,0.5137905570794271,0.5915416733783673
198,29,2,PX-002,fracture to access recursion,0.6066620018402494,0.5112339526352208,0.5297530029546126,0.6009335007450656,0.428127499914702,0.5137905570794271,0.5915416733783673
199,29,3,PX-003,negation to lock formation,0.6211528061952417,0.5112339526352208,0.5262941585967194,0.6009335007450656,0.428127499914702,0.5137905570794271,0.5915416733783673
200,29,4,PX-004,lagged temporal recursion,0.6211528061952417,0.5112339526352208,0.5262941585967194,0.5916820945063767,0.45181317021957673,0.5137905570794271,0.5915416733783673
201,29,5,PX-005,false signal injection,0.6211528061952417,0.5112339526352208,0.5262941585967194,0.5916820945063767,0.47651776112104743,0.5137905570794271,0.5915416733783673
202,29,6,PX-006,signal to unstable utterance,0.6211528061952417,0.5112339526352208,0.5262941585967194,0.5916820945063767,0.47651776112104743,0.510075177913264,0.6101710579176718
203,29,7,PX-007,silence feedback reset,0.5551970514965311,0.49018818761629523,0.5262941585967194,0.5916820945063767,0.4260750307787701,0.510075177913264,0.5880943243986285
204,30,1,PX-001,amplify identity fracture,0.60679603838794,0.48153988088556343,0.5262941585967194,0.5916820945063767,0.4260750307787701,0.510075177913264,0.5880943243986285
205,30,2,PX-002,fracture to access recursion,0.60679603838794,0.5093754591251374,0.5262941585967194,0.5979217081237715,0.4260750307787701,0.510075177913264,0.5880943243986285
206,30,3,PX-003,negation to lock formation,0.6212012345190012,0.5093754591251374,0.5233632827968545,0.5979217081237715,0.4260750307787701,0.510075177913264,0.5880943243986285
207,30,4,PX-004,lagged temporal recursion,0.6212012345190012,0.5093754591251374,0.5233632827968545,0.5892042953053847,0.4497461647721413,0.510075177913264,0.5880943243986285
208,30,5,PX-005,false signal injection,0.6212012345190012,0.5093754591251374,0.5233632827968545,0.5892042953053847,0.47437523656166714,0.510075177913264,0.5880943243986285
209,30,6,PX-006,signal to unstable utterance,0.6212012345190012,0.5093754591251374,0.5233632827968545,0.5892042953053847,0.47437523656166714,0.5067134024430631,0.6067147710235967
210,30,7,PX-007,silence feedback reset,0.555617600981427,0.4885267878149592,0.5233632827968545,0.5892042953053847,0.4244480792004671,0.5067134024430631,0.5847124282067236
211,31,1,PX-001,amplify identity fracture,0.6073177434358833,0.4799573572845397,0.5233632827968545,0.5892042953053847,0.4244480792004671,0.5067134024430631,0.5847124282067236
212,31,2,PX-002,fracture to access recursion,0.6073177434358833,0.5080837400397447,0.5233632827968545,0.5954658538463897,0.4244480792004671,0.5067134024430631,0.5847124282067236
213,31,3,PX-003,negation to lock formation,0.6216373276659388,0.5080837400397447,0.5209440599396971,0.5954658538463897,0.4244480792004671,0.5067134024430631,0.5847124282067236
214,31,4,PX-004,lagged temporal recursion,0.6216373276659388,0.5080837400397447,0.5209440599396971,0.5872462994315754,0.44810743069388537,0.5067134024430631,0.5847124282067236
215,31,5,PX-005,false signal injection,0.6216373276659388,0.5080837400397447,0.5209440599396971,0.5872462994315754,0.4726831837130484,0.5067134024430631,0.5847124282067236
216,31,6,PX-006,signal to unstable utterance,0.6216373276659388,0.5080837400397447,0.5209440599396971,0.5872462994315754,0.4726831837130484,0.5037434682580559,0.603337750295502
217,31,7,PX-007,silence feedback reset,0.5563499453754068,0.4874022200814422,0.5209440599396971,0.5872462994315754,0.42320750348400593,0.5037434682580559,0.5814991936083118
218,32,1,PX-001,amplify identity fracture,0.60812336435453,0.4788995001432344,0.5209440599396971,0.5872462994315754,0.42320750348400593,0.5037434682580559,0.5814991936083118
219,32,2,PX-002,fracture to access recursion,0.60812336435453,0.5072765059307941,0.5209440599396971,0.593527707082606,0.42320750348400593,0.5037434682580559,0.5814991936083118
220,32,3,PX-003,negation to lock formation,0.6223604091855701,0.5072765059307941,0.5190060754557162,0.593527707082606,0.42320750348400593,0.5037434682580559,0.5814991936083118
221,32,4,PX-004,lagged temporal recursion,0.6223604091855701,0.5072765059307941,0.5190060754557162,0.5857605890635387,0.4468578653608706,0.5037434682580559,0.5814991936083118
222,32,5,PX-005,false signal injection,0.6223604091855701,0.5072765059307941,0.5190060754557162,0.5857605890635387,0.4713994602118974,0.5037434682580559,0.5814991936083118
223,32,6,PX-006,signal to unstable utterance,0.6223604091855701,0.5072765059307941,0.5190060754557162,0.5857605890635387,0.4713994602118974,0.5011812581307812,0.6001399523097374
224,32,7,PX-007,silence feedback reset,0.5573006848260544,0.4867333195988858,0.5190060754557162,0.5857605890635387,0.422310186969924,0.5011812581307812,0.5785288437857801
225,33,1,PX-001,amplify identity fracture,0.6091225927684654,0.47828564166029913,0.5190060754557162,0.5857605890635387,0.422310186969924,0.5011812581307812,0.5785288437857801
226,33,2,PX-002,fracture to access recursion,0.6091225927684654,0.5068736273765801,0.5190060754557162,0.5920596000482498,0.422310186969924,0.5011812581307812,0.5785288437857801
227,33,3,PX-003,negation to lock formation,0.6232823766528678,0.5068736273765801,0.5175091299155419,0.5920596000482498,0.422310186969924,0.5011812581307812,0.5785288437857801
228,33,4,PX-004,lagged temporal recursion,0.6232823766528678,0.5068736273765801,0.5175091299155419,0.5846938921484744,0.4459542063363796,0.5011812581307812,0.5785288437857801
229,33,5,PX-005,false signal injection,0.6232823766528678,0.5068736273765801,0.5175091299155419,0.5846938921484744,0.47047770015860785,0.5011812581307812,0.5785288437857801
230,33,6,PX-006,signal to unstable utterance,0.6232823766528678,0.5068736273765801,0.5175091299155419,0.5846938921484744,0.47047770015860785,0.4990249052026693,0.5971928462018935
231,33,7,PX-007,silence feedback reset,0.558389513086557,0.4864417819259128,0.5175091299155419,0.5846938921484744,0.42171122028448954,0.4990249052026693,0.5758506473276244
232,34,1,PX-001,amplify identity fracture,0.6102385011055934,0.4780382474756356,0.5175091299155419,0.5846938921484744,0.42171122028448954,0.4990249052026693,0.5758506473276244
233,34,2,PX-002,fracture to access recursion,0.6102385011055934,0.5067992329936875,0.5175091299155419,0.5910081966559768,0.42171122028448954,0.4990249052026693,0.5758506473276244
234,34,3,PX-003,negation to lock formation,0.624327786797044,0.5067992329936875,0.5164068550865134,0.5910081966559768,0.42171122028448954,0.4990249052026693,0.5758506473276244
235,34,4,PX-004,lagged temporal recursion,0.624327786797044,0.5067992329936875,0.5164068550865134,0.5839902989131496,0.44535127289718224,0.4990249052026693,0.5758506473276244
236,34,5,PX-005,false signal injection,0.624327786797044,0.5067992329936875,0.5164068550865134,0.5839902989131496,0.46986970481856,0.4990249052026693,0.5758506473276244
237,34,6,PX-006,signal to unstable utterance,0.624327786797044,0.5067992329936875,0.5164068550865134,0.5839902989131496,0.46986970481856,0.4972589176276295,0.5945433631886143
238,34,7,PX-007,silence feedback reset,0.5595489421768851,0.4864540314825508,0.5164068550865134,0.5839902989131496,0.4213656600182517,0.4972589176276295,0.573492848749044
239,35,1,PX-001,amplify identity fracture,0.611407101594303,0.4780846942335393,0.5164068550865134,0.5839902989131496,0.4213656600182517,0.4972589176276295,0.573492848749044
240,35,2,PX-002,fracture to access recursion,0.611407101594303,0.5069832058338486,0.5164068550865134,0.5903175968705994,0.4213656600182517,0.4972589176276295,0.573492848749044
241,35,3,PX-003,negation to lock formation,0.6254335480517476,0.5069832058338486,0.5156496872614624,0.5903175968705994,0.4213656600182517,0.4972589176276295,0.573492848749044
242,35,4,PX-004,lagged temporal recursion,0.6254335480517476,0.5069832058338486,0.5156496872614624,0.5835937639378412,0.4450037774872063,0.4972589176276295,0.573492848749044
243,35,5,PX-005,false signal injection,0.6254335480517476,0.5069832058338486,0.5156496872614624,0.5835937639378412,0.46952736297768993,0.4972589176276295,0.573492848749044
244,35,6,PX-006,signal to unstable utterance,0.6254335480517476,0.5069832058338486,0.5156496872614624,0.5835937639378412,0.46952736297768993,0.4958577998752135,0.5922177649075704
245,35,7,PX-007,silence feedback reset,0.5607237287654395,0.4867025351165547,0.5156496872614624,0.5835937639378412,0.4212299228677394,0.4958577998752135,0.5714663997861545
246,36,1,PX-001,amplify identity fracture,0.6125766170625149,0.4783585107512591,0.5156496872614624,0.5835937639378412,0.4212299228677394,0.4958577998752135,0.5714663997861545
247,36,2,PX-002,fracture to access recursion,0.6125766170625149,0.507362179461619,0.5156496872614624,0.5899318272019384,0.4212299228677394,0.4958577998752135,0.5714663997861545
248,36,3,PX-003,negation to lock formation,0.6265483084370755,0.507362179461619,0.5151872598700613,0.5899318272019384,0.4212299228677394,0.4958577998752135,0.5714663997861545
249,36,4,PX-004,lagged temporal recursion,0.6265483084370755,0.507362179461619,0.5151872598700613,0.5834500525654925,0.44486776310257004,0.4958577998752135,0.5714663997861545
250,36,5,PX-005,false signal injection,0.6265483084370755,0.507362179461619,0.5151872598700613,0.5834500525654925,0.46940416078599034,0.4958577998752135,0.5714663997861545
251,36,6,PX-006,signal to unstable utterance,0.6265483084370755,0.507362179461619,0.5151872598700613,0.5834500525654925,0.46940416078599034,0.4947891730110572,0.5902253299016897
252,36,7,PX-007,silence feedback reset,0.5618700647766485,0.48712665305158465,0.5151872598700613,0.5834500525654925,0.4212628604944659,0.4947891730110572,0.5697684226710185
253,37,1,PX-001,amplify identity fracture,0.6137065391145262,0.4788001715090783,0.5151872598700613,0.5834500525654925,0.4212628604944659,0.4947891730110572,0.5697684226710185
254,37,2,PX-002,fracture to access recursion,0.6137065391145262,0.5078801183245736,0.5151872598700613,0.5897967756632265,0.4212628604944659,0.4947891730110572,0.5697684226710185
255,37,3,PX-003,negation to lock formation,0.6276316147057586,0.5078801183245736,0.5149702789359318,0.5897967756632265,0.4212628604944659,0.4947891730110572,0.5697684226710185
256,37,4,PX-004,lagged temporal recursion,0.6276316147057586,0.5078801183245736,0.5149702789359318,0.583508193856817,0.4449017109038173,0.4947891730110572,0.5697684226710185
257,37,5,PX-005,false signal injection,0.6276316147057586,0.5078801183245736,0.5149702789359318,0.583508193856817,0.46945633087423316,0.4947891730110572,0.5697684226710185
258,37,6,PX-006,signal to unstable utterance,0.6276316147057586,0.5078801183245736,0.5149702789359318,0.583508193856817,0.46945633087423316,0.49401641257926476,0.5885617853139322
259,37,7,PX-007,silence feedback reset,0.5629545907443998,0.48767310465860536,0.5149702789359318,0.583508193856817,0.4214265518763273,0.49401641257926476,0.568385359820412
260,38,1,PX-001,amplify identity fracture,0.6147665390613501,0.47935751706662183,0.5149702789359318,0.583508193856817,0.4214265518763273,0.49401641257926476,0.568385359820412
261,38,2,PX-002,fracture to access recursion,0.6147665390613501,0.5084885546942374,0.5149702789359318,0.5898616333532491,0.4214265518763273,0.49401641257926476,0.568385359820412
262,38,3,PX-003,negation to lock formation,0.6286529094239869,0.5084885546942374,0.5149519436418614,0.5898616333532491,0.4214265518763273,0.49401641257926476,0.568385359820412
263,38,4,PX-004,lagged temporal recursion,0.6286529094239869,0.5084885546942374,0.5149519436418614,0.5837215030343387,0.44506735526914304,0.49401641257926476,0.568385359820412
264,38,5,PX-005,false signal injection,0.6286529094239869,0.5084885546942374,0.5149519436418614,0.5837215030343387,0.46964368403818946,0.49401641257926476,0.568385359820412
265,38,6,PX-006,signal to unstable utterance,0.6286529094239869,0.5084885546942374,0.5149519436418614,0.5837215030343387,0.46964368403818946,0.493500832957493,0.5872124335670436
266,38,7,PX-007,silence feedback reset,0.5639532871376857,0.4882961158100869,0.5149519436418614,0.5837215030343387,0.42168684539916623,0.493500832957493,0.5672957827028756
267,39,1,PX-001,amplify identity fracture,0.6157352887989822,0.4799858659938092,0.5149519436418614,0.5837215030343387,0.42168684539916623,0.493500832957493,0.5672957827028756
268,39,2,PX-002,fracture to access recursion,0.6157352887989822,0.509146545435756,0.5149519436418614,0.5900799057944164,0.42168684539916623,0.493500832957493,0.5672957827028756
269,39,3,PX-003,negation to lock formation,0.6295904248413579,0.509146545435756,0.515088971538527,0.5900799057944164,0.42168684539916623,0.493500832957493,0.5672957827028756
270,39,4,PX-004,lagged temporal recursion,0.6295904248413579,0.509146545435756,0.515088971538527,0.5840482352088953,0.44533023981315567,0.493500832957493,0.5672957827028756
271,39,5,PX-005,false signal injection,0.6295904248413579,0.509146545435756,0.515088971538527,0.5840482352088953,0.46993016296583523,0.493500832957493,0.5672957827028756
272,39,6,PX-006,signal to unstable utterance,0.6295904248413579,0.509146545435756,0.515088971538527,0.5840482352088953,0.46993016296583523,0.4932034532458994,0.5861549426176411
273,39,7,PX-007,silence feedback reset,0.564850295172643,0.4889573069034749,0.515088971538527,0.5840482352088953,0.4220136810199269,0.4932034532458994,0.5664728473635384
274,40,1,PX-001,amplify identity fracture,0.6165992415895574,0.4806478757670503,0.515088971538527,0.5840482352088953,0.4220136810199269,0.4932034532458994,0.5664728473635384
275,40,2,PX-002,fracture to access recursion,0.6165992415895574,0.5098204050953122,0.515088971538527,0.5904100561256725,0.4220136810199269,0.4932034532458994,0.5664728473635384
276,40,3,PX-003,negation to lock formation,0.6304300251821353,0.5098204050953122,0.5153422845856642,0.5904100561256725,0.4220136810199269,0.4932034532458994,0.5664728473635384
277,40,4,PX-004,lagged temporal recursion,0.6304300251821353,0.5098204050953122,0.5153422845856642,0.5844519297034698,0.4456600463828346,0.4932034532458994,0.5664728473635384
278,40,5,PX-005,false signal injection,0.6304300251821353,0.5098204050953122,0.5153422845856642,0.5844519297034698,0.47028415539954715,0.4932034532458994,0.5664728473635384
279,40,6,PX-006,signal to unstable utterance,0.6304300251821353,0.5098204050953122,0.5153422845856642,0.5844519297034698,0.47028415539954715,0.4930863832699113,0.5853617840715475
280,40,7,PX-007,silence feedback reset,0.5656367139531252,0.48962537487872493,0.5153422845856642,0.5844519297034698,0.4223812223533196,0.4930863832699113,0.5658863960370452
281,41,1,PX-001,amplify identity fracture,0.6173514157545938,0.4813132047147727,0.5153422845856642,0.5844519297034698,0.4223812223533196,0.4930863832699113,0.5658863960370452
282,41,2,PX-002,fracture to access recursion,0.6173514157545938,0.5104832663522392,0.5153422845856642,0.59081583979101,0.4223812223533196,0.4930863832699113,0.5658863960370452
283,41,3,PX-003,negation to lock formation,0.6311640418786857,0.5104832663522392,0.515677408641917,0.59081583979101,0.4223812223533196,0.4930863832699113,0.5658863960370452
284,41,4,PX-004,lagged temporal recursion,0.6311640418786857,0.5104832663522392,0.515677408641917,0.5849015008505691,0.4460307286508706,0.4930863832699113,0.5658863960370452
285,41,5,PX-005,false signal injection,0.6311640418786857,0.5104832663522392,0.515677408641917,0.5849015008505691,0.47067860293489533,0.4930863832699113,0.5658863960370452
286,41,6,PX-006,signal to unstable utterance,0.6311640418786857,0.5104832663522392,0.515677408641917,0.5849015008505691,0.47067860293489533,0.49311387002545976,0.5848023165289278
287,41,7,PX-007,silence feedback reset,0.5663094150380565,0.49027561780434353,0.515677408641917,0.5849015008505691,0.42276782856176875,0.49311387002545976,0.5655047140020704
288,42,1,PX-001,amplify identity fracture,0.6179902173354566,0.4819580226134845,0.515677408641917,0.5849015008505691,0.42276782856176875,0.49311387002545976,0.5655047140020704
289,42,2,PX-002,fracture to access recursion,0.6179902173354566,0.5111145140579113,0.515677408641917,0.591266386880937,0.42276782856176875,0.49311387002545976,0.5655047140020704
290,42,3,PX-003,negation to lock formation,0.6317901390792018,0.5111145140579113,0.5160646353642679,0.591266386880937,0.42276782856176875,0.49311387002545976,0.5655047140020704
291,42,4,PX-004,lagged temporal recursion,0.6317901390792018,0.5111145140579113,0.5160646353642679,0.5853711269968083,0.4464204818331216,0.49311387002545976,0.5655047140020704
292,42,5,PX-005,false signal injection,0.6317901390792018,0.5111145140579113,0.5160646353642679,0.5853711269968083,0.47109094068992824,0.49311387002545976,0.5655047140020704
293,42,6,PX-006,signal to unstable utterance,0.6317901390792018,0.5111145140579113,0.5160646353642679,0.5853711269968083,0.47109094068992824,0.4932530454259513,0.5844445223055065
294,42,7,PX-007,silence feedback reset,0.5668699088976872,0.4908893462137175,0.5160646353642679,0.5853711269968083,0.42315589580302587,0.4932530454259513,0.5652959586470112
295,43,1,PX-001,amplify identity fracture,0.6185183307644624,0.48256441330699285,0.5160646353642679,0.5853711269968083,0.42315589580302587,0.4932530454259513,0.5652959586470112
296,43,2,PX-002,fracture to access recursion,0.6185183307644624,0.5116991343995739,0.5160646353642679,0.5917360840591924,0.42315589580302587,0.4932530454259513,0.5652959586470112
297,43,3,PX-003,negation to lock formation,0.6323102395174262,0.5116991343995739,0.5164789917542086,0.5917360840591924,0.42315589580302587,0.4932530454259513,0.5652959586470112
298,43,4,PX-004,lagged temporal recursion,0.6323102395174262,0.5116991343995739,0.5164789917542086,0.5858399847952449,0.4468115796892646,0.4932530454259513,0.5652959586470112
299,43,5,PX-005,false signal injection,0.6323102395174262,0.5116991343995739,0.5164789917542086,0.5858399847952449,0.4715029018641853,0.4932530454259513,0.5652959586470112
300,43,6,PX-006,signal to unstable utterance,0.6323102395174262,0.5116991343995739,0.5164789917542086,0.5858399847952449,0.4715029018641853,0.493474415840925,0.5842564143463472
301,43,7,PX-007,silence feedback reset,0.5673232905398171,0.49145322093100696,0.5164789917542086,0.5858399847952449,0.4235315973074861,0.493474415840925,0.5652292838146399
302,44,1,PX-001,amplify identity fracture,0.6189416996335421,0.48311970836815005,0.5164789917542086,0.5858399847952449,0.4235315973074861,0.493474415840925,0.5652292838146399
303,44,2,PX-002,fracture to access recursion,0.6189416996335421,0.5122270159236039,0.5164789917542086,0.5922043032563411,0.4235315973074861,0.493474415840925,0.5652292838146399
304,44,3,PX-003,negation to lock formation,0.6327295336831338,0.5122270159236039,0.5169000587623691,0.5922043032563411,0.4235315973074861,0.493474415840925,0.5652292838146399
305,44,4,PX-004,lagged temporal recursion,0.6327295336831338,0.5122270159236039,0.5169000587623691,0.5862918708649206,0.44719010898912354,0.493474415840925,0.5652292838146399
306,44,5,PX-005,false signal injection,0.6327295336831338,0.5122270159236039,0.5169000587623691,0.5862918708649206,0.4719002194721231,0.493474415840925,0.5652292838146399
307,44,6,PX-006,signal to unstable utterance,0.6327295336831338,0.5122270159236039,0.5169000587623691,0.5862918708649206,0.4719002194721231,0.49375213282382135,0.5842071368508517
308,44,7,PX-007,silence feedback reset,0.5676772842734856,0.49195855244087955,0.5169000587623691,0.5862918708649206,0.42388454973601886,0.49375213282382135,0.5652756869969902
309,45,1,PX-001,amplify identity fracture,0.6192686129424462,0.48361578617972767,0.5169000587623691,0.5862918708649206,0.42388454973601886,0.49375213282382135,0.5652756869969902
310,45,2,PX-002,fracture to access recursion,0.6192686129424462,0.5126922341453602,0.5169000587623691,0.5926550192152314,0.42388454973601886,0.49375213282382135,0.5652756869969902
311,45,3,PX-003,negation to lock formation,0.6330555883893664,0.5126922341453602,0.5173116764053065,0.5926550192152314,0.42388454973601886,0.49375213282382135,0.5652756869969902
312,45,4,PX-004,lagged temporal recursion,0.6330555883893664,0.5126922341453602,0.5173116764053065,0.5867147476971472,0.44754562990924307,0.49375213282382135,0.5652756869969902
313,45,5,PX-005,false signal injection,0.6330555883893664,0.5126922341453602,0.5173116764053065,0.5867147476971472,0.47227225517941573,0.49375213282382135,0.5652756869969902
314,45,6,PX-006,signal to unstable utterance,0.6330555883893664,0.5126922341453602,0.5173116764053065,0.5867147476971472,0.47227225517941573,0.4940640827143833,0.5842677879866399
315,45,7,PX-007,silence feedback reset,0.5679414005316453,0.4924005919040301,0.5173116764053065,0.5867147476971472,0.4242074313007977,0.4940640827143833,0.5654086099642092
316,46,1,PX-001,amplify identity fracture,0.6195089059727517,0.4840483658776098,0.5173116764053065,0.5867147476971472,0.4242074313007977,0.4940640827143833,0.5654086099642092
317,46,2,PX-002,fracture to access recursion,0.6195089059727517,0.5130923463065435,0.5173116764053065,0.593076352691086,0.4242074313007977,0.4940640827143833,0.5654086099642092
318,46,3,PX-003,negation to lock formation,0.6332975645120016,0.5130923463065435,0.5177015687544404,0.593076352691086,0.4242074313007977,0.4940640827143833,0.5654086099642092
319,46,4,PX-004,lagged temporal recursion,0.6332975645120016,0.5130923463065435,0.5177015687544404,0.5871002454314119,0.44787078838885963,0.4940640827143833,0.5654086099642092
320,46,5,PX-005,false signal injection,0.6332975645120016,0.5130923463065435,0.5177015687544404,0.5871002454314119,0.47261158222443833,0.4940640827143833,0.5654086099642092
321,46,6,PX-006,signal to unstable utterance,0.6332975645120016,0.5130923463065435,0.5177015687544404,0.5871002454314119,0.47261158222443833,0.4943918305469001,0.5844119962228168
322,46,7,PX-007,silence feedback reset,0.5681262112322701,0.49277783879123277,0.5177015687544404,0.5871002454314119,0.42449557432934515,0.4943918305469001,0.5656043250455016
323,47,1,PX-001,amplify identity fracture,0.6196732793621489,0.4844163204840259,0.5177015687544404,0.5871002454314119,0.42449557432934515,0.4943918305469001,0.5656043250455016
324,47,2,PX-002,fracture to access recursion,0.6196732793621489,0.5134277176408547,0.5177015687544404,0.5934600707894905,0.42449557432934515,0.4943918305469001,0.5656043250455016
325,47,3,PX-003,negation to lock formation,0.6334655480634332,0.5134277176408547,0.5180609179599626,0.5934600707894905,0.42449557432934515,0.4943918305469001,0.5656043250455016
326,47,4,PX-004,lagged temporal recursion,0.6334655480634332,0.5134277176408547,0.5180609179599626,0.5874431459450411,0.4481609034518336,0.4943918305469001,0.5656043250455016
327,47,5,PX-005,false signal injection,0.6334655480634332,0.5134277176408547,0.5180609179599626,0.5874431459450411,0.47291354599448393,0.4943918305469001,0.5656043250455016
328,47,6,PX-006,signal to unstable utterance,0.6334655480634332,0.5134277176408547,0.5180609179599626,0.5874431459450411,0.47291354599448393,0.49472045097599704,0.584616283422073
329,47,7,PX-007,silence feedback reset,0.5682427445639961,0.49309138495863863,0.5180609179599626,0.5874431459450411,0.4247465517002206,0.49472045097599704,0.5658421396730906
330,48,1,PX-001,amplify identity fracture,0.6197727351907679,0.48472102842905773,0.5180609179599626,0.5874431459450411,0.4247465517002206,0.49472045097599704,0.5658421396730906
331,48,2,PX-002,fracture to access recursion,0.6197727351907679,0.5137008954368263,0.5180609179599626,0.5938010707054401,0.4247465517002206,0.49472045097599704,0.5658421396730906
332,48,3,PX-003,negation to lock formation,0.6335699939857048,0.5137008954368263,0.5183839122357967,0.5938010707054401,0.4247465517002206,0.49472045097599704,0.5658421396730906
333,48,4,PX-004,lagged temporal recursion,0.6335699939857048,0.5137008954368263,0.5183839122357967,0.5877408707232457,0.4484135490815389,0.49472045097599704,0.5658421396730906
334,48,5,PX-005,false signal injection,0.6335699939857048,0.5137008954368263,0.5183839122357967,0.5877408707232457,0.4731758221214193,0.49472045097599704,0.5658421396730906
335,48,6,PX-006,signal to unstable utterance,0.6335699939857048,0.5137008954368263,0.5183839122357967,0.5877408707232457,0.4731758221214193,0.49503827583678034,0.5848602480860571
336,48,7,PX-007,silence feedback reset,0.5683019954828646,0.49334430999545975,0.5183839122357967,0.5877408707232457,0.4249597730901666,0.49503827583678034,0.5661044511141127
337,49,1,PX-001,amplify identity fracture,0.6198181250211416,0.48496577770085225,0.5183839122357967,0.5877408707232457,0.4249597730901666,0.49503827583678034,0.5661044511141127
338,49,2,PX-002,fracture to access recursion,0.6198181250211416,0.5139160424077343,0.5183839122357967,0.5940968681281767,0.4249597730901666,0.49503827583678034,0.5661044511141127
339,49,3,PX-003,negation to lock formation,0.6336212781784747,0.5139160424077343,0.5186672885407289,0.5940968681281767,0.4249597730901666,0.49503827583678034,0.5661044511141127
340,49,4,PX-004,lagged temporal recursion,0.6336212781784747,0.5139160424077343,0.5186672885407289,0.5879929893068613,0.4486281466296352,0.49503827583678034,0.5661044511141127
341,49,5,PX-005,false signal injection,0.6336212781784747,0.5139160424077343,0.5186672885407289,0.5879929893068613,0.47339798815558987,0.49503827583678034,0.5661044511141127
342,49,6,PX-006,signal to unstable utterance,0.6336212781784747,0.5139160424077343,0.5186672885407289,0.5879929893068613,0.47339798815558987,0.49533658459019403,0.5851266012619756
343,49,7,PX-007,silence feedback reset,0.5683145446526836,0.4935411380124917,0.5186672885407289,0.5879929893068613,0.42513610345472,0.49533658459019403,0.5663766817348121
344,50,1,PX-001,amplify identity fracture,0.619819801877353,0.4851552322510776,0.5186672885407289,0.5879929893068613,0.42513610345472,0.49533658459019403,0.5663766817348121
345,50,2,PX-002,fracture to access recursion,0.619819801877353,0.5140784365355813,0.5186672885407289,0.5943471069038261,0.42513610345472,0.49533658459019403,0.5663766817348121
346,50,3,PX-003,negation to lock formation,0.6336293503231044,0.5140784365355813,0.5189098866403663,0.5943471069038261,0.42513610345472,0.49533658459019403,0.5663766817348121
347,50,4,PX-004,lagged temporal recursion,0.6336293503231044,0.5140784365355813,0.5189098866403663,0.5882007608403153,0.4488055801476494,0.49533658459019403,0.5663766817348121
348,50,5,PX-005,false signal injection,0.6336293503231044,0.5140784365355813,0.5189098866403663,0.5882007608403153,0.4735811211507592,0.49533658459019403,0.5663766817348121
349,50,6,PX-006,signal to unstable utterance,0.6336293503231044,0.5140784365355813,0.5189098866403663,0.5882007608403153,0.4735811211507592,0.49560926038180464,0.5854010858158408
350,50,7,PX-007,silence feedback reset,0.568290276026473,0.49368736184637635,0.5189098866403663,0.5882007608403153,0.42527751279716874,0.49560926038180464,0.5666471228626996
351,51,1,PX-001,amplify identity fracture,0.6197873660739929,0.4852949661508586,0.5189098866403663,0.5882007608403153,0.42527751279716874,0.49560926038180464,0.5666471228626996
352,51,2,PX-002,fracture to access recursion,0.6197873660739929,0.5141940407561306,0.5189098866403663,0.5945531022832298,0.42527751279716874,0.49560926038180464,0.5666471228626996
353,51,3,PX-003,negation to lock formation,0.6336034779842482,0.5141940407561306,0.5191122274168618,0.5945531022832298,0.42527751279716874,0.49560926038180464,0.5666471228626996
354,51,4,PX-004,lagged temporal recursion,0.6336034779842482,0.5141940407561306,0.5191122274168618,0.5883667174251204,0.4489478436229839,0.49560926038180464,0.5666471228626996
355,51,5,PX-005,false signal injection,0.6336034779842482,0.5141940407561306,0.5191122274168618,0.5883667174251204,0.4737274299996328,0.49560926038180464,0.5666471228626996
356,51,6,PX-006,signal to unstable utterance,0.6336034779842482,0.5141940407561306,0.5191122274168618,0.5883667174251204,0.4737274299996328,0.49585243087973746,0.5856723072862288
357,51,7,PX-007,silence feedback reset,0.5682381816655769,0.49378903702868787,0.5191122274168618,0.5883667174251204,0.42538676320361835,0.49585243087973746,0.5669067125331257
358,52,1,PX-001,amplify identity fracture,0.6197294935362777,0.48539106743868293,0.5191122274168618,0.5883667174251204,0.42538676320361835,0.49585243087973746,0.5669067125331257
359,52,2,PX-002,fracture to access recursion,0.6197294935362777,0.5142691426595712,0.5191122274168618,0.5947174262847182,0.42538676320361835,0.49585243087973746,0.5669067125331257
360,52,3,PX-003,negation to lock formation,0.6335520711840339,0.5142691426595712,0.5192761247887724,0.5947174262847182,0.42538676320361835,0.49585243087973746,0.5669067125331257
361,52,4,PX-004,lagged temporal recursion,0.6335520711840339,0.5142691426595712,0.5192761247887724,0.5884942946632912,0.4490577260081058,0.49585243087973746,0.5669067125331257
362,52,5,PX-005,false signal injection,0.6335520711840339,0.5142691426595712,0.5192761247887724,0.5884942946632912,0.4738399282142908,0.49585243087973746,0.5669067125331257
363,52,6,PX-006,signal to unstable utterance,0.6335520711840339,0.5142691426595712,0.5192761247887724,0.5884942946632912,0.4738399282142908,0.49606410956627567,0.5859315015694089
364,52,7,PX-007,silence feedback reset,0.5681662416035124,0.4938524448646345,0.5192761247887724,0.5884942946632912,0.4254671364292326,0.49606410956627567,0.5671487693153565
365,53,1,PX-001,amplify identity fracture,0.619653834684586,0.48544981067478377,0.5192761247887724,0.5884942946632912,0.4254671364292326,0.49606410956627567,0.5671487693153565
366,53,2,PX-002,fracture to access recursion,0.619653834684586,0.5143100618196669,0.5192761247887724,0.5948435404058172,0.4254671364292326,0.49606410956627567,0.5671487693153565
367,53,3,PX-003,negation to lock formation,0.6334825760450399,0.5143100618196669,0.5194043374741458,0.5948435404058172,0.4254671364292326,0.49606410956627567,0.5671487693153565
368,53,4,PX-004,lagged temporal recursion,0.6334825760450399,0.5143100618196669,0.5194043374741458,0.5885875119661009,0.44913853723906405,0.49606410956627567,0.5671487693153565
369,53,5,PX-005,false signal injection,0.6334825760450399,0.5143100618196669,0.5194043374741458,0.5885875119661009,0.47392215012334016,0.49606410956627567,0.5671487693153565
370,53,6,PX-006,signal to unstable utterance,0.6334825760450399,0.5143100618196669,0.5194043374741458,0.5885875119661009,0.47392215012334016,0.4962438498360159,0.5861722614512207
371,53,7,PX-007,silence feedback reset,0.5680813664412416,0.49388382159517147,0.5194043374741458,0.5885875119661009,0.42552220306366334,0.4962438498360159,0.5673687011801472
372,54,1,PX-001,amplify identity fracture,0.619566971969593,0.48547739492340125,0.5194043374741458,0.5885875119661009,0.42552220306366334,0.4962438498360159,0.5673687011801472
373,54,2,PX-002,fracture to access recursion,0.619566971969593,0.5143229204198004,0.5194043374741458,0.594935478136384,0.42552220306366334,0.4962438498360159,0.5673687011801472
374,54,3,PX-003,negation to lock formation,0.6334014260674261,0.5143229204198004,0.5195002641165953,0.594935478136384,0.42552220306366334,0.4962438498360159,0.5673687011801472
375,54,4,PX-004,lagged temporal recursion,0.6334014260674261,0.5143229204198004,0.5195002641165953,0.5886507029012971,0.44919387619140677,0.4962438498360159,0.5673687011801472
376,54,5,PX-005,false signal injection,0.6334014260674261,0.5143229204198004,0.5195002641165953,0.5886507029012971,0.4739779111942361,0.4962438498360159,0.5673687011801472
377,54,6,PX-006,signal to unstable utterance,0.6334014260674261,0.5143229204198004,0.5195002641165953,0.5886507029012971,0.4739779111942361,0.49639242118183585,0.586390240666585
378,54,7,PX-007,silence feedback reset,0.5679893907628413,0.4938891488550813,0.5195002641165953,0.5886507029012971,0.42555563249628464,0.49639242118183585,0.5675637051424163
379,55,1,PX-001,amplify identity fracture,0.6194744246135595,0.4854797421974666,0.5195002641165953,0.5886507029012971,0.42555563249628464,0.49639242118183585,0.5675637051424163
380,55,2,PX-002,fracture to access recursion,0.6194744246135595,0.5143134714748983,0.5195002641165953,0.5949975774506848,0.42555563249628464,0.49639242118183585,0.5675637051424163
381,55,3,PX-003,negation to lock formation,0.6333140400207737,0.5143134714748983,0.5195676830153918,0.5949975774506848,0.42555563249628464,0.49639242118183585,0.5675637051424163
382,55,4,PX-004,lagged temporal recursion,0.6333140400207737,0.5143134714748983,0.5195676830153918,0.5886882940336001,0.4492274397268927,0.49639242118183585,0.5675637051424163
383,55,5,PX-005,false signal injection,0.6333140400207737,0.5143134714748983,0.5195676830153918,0.5886882940336001,0.47401111138870355,0.49639242118183585,0.5675637051424163
384,55,6,PX-006,signal to unstable utterance,0.6333140400207737,0.5143134714748983,0.5195676830153918,0.5886882940336001,0.47401111138870355,0.4965115139878994,0.5865828508782047
385,55,7,PX-007,silence feedback reset,0.5678951062459546,0.4938739994377854,0.5195676830153918,0.5886882940336001,0.42557104152873115,0.4965115139878994,0.5677324703078306
386,56,1,PX-001,amplify identity fracture,0.619380689919179,0.48546235026613677,0.5195676830153918,0.5886882940336001,0.42557104152873115,0.4965115139878994,0.5677324703078306
387,56,2,PX-002,fracture to access recursion,0.619380689919179,0.5142869780913052,0.5195676830153918,0.5950342616630513,0.42557104152873115,0.4965115139878994,0.5677324703078306
388,56,3,PX-003,negation to lock formation,0.6332248561759246,0.5142869780913052,0.519610535854835,0.5950342616630513,0.42557104152873115,0.4965115139878994,0.5677324703078306
389,56,4,PX-004,lagged temporal recursion,0.6332248561759246,0.5142869780913052,0.519610535854835,0.588704629342843,0.4492428706243748,0.4965115139878994,0.5677324703078306
390,56,5,PX-005,false signal injection,0.6332248561759246,0.5142869780913052,0.519610535854835,0.588704629342843,0.4740255790996648,0.4965115139878994,0.5677324703078306
391,56,6,PX-006,signal to unstable utterance,0.6332248561759246,0.5142869780913052,0.519610535854835,0.588704629342843,0.4740255790996648,0.49660347703470453,0.5867489638351527
392,56,7,PX-007,silence feedback reset,0.5678023243848397,0.49384343166725,0.519610535854835,0.588704629342843,0.42557187850720873,0.49660347703470453,0.5678748940614609
393,57,1,PX-001,amplify identity fracture,0.6192893115405496,0.48543019307402036,0.519610535854835,0.588704629342843,0.42557187850720873,0.49660347703470453,0.5678748940614609
394,57,2,PX-002,fracture to access recursion,0.6192893115405496,0.5142481367877898,0.519610535854835,0.5950498656837395,0.42557187850720873,0.49660347703470453,0.5678748940614609
395,57,3,PX-003,negation to lock formation,0.6331373935709663,0.5142481367877898,0.5196327533965184,0.5950498656837395,0.42557187850720873,0.49660347703470453,0.5678748940614609
396,57,4,PX-004,lagged temporal recursion,0.6331373935709663,0.5142481367877898,0.5196327533965184,0.5887038363357404,0.44924364122474447,0.49660347703470453,0.5678748940614609
397,57,5,PX-005,false signal injection,0.6331373935709663,0.5142481367877898,0.5196327533965184,0.5887038363357404,0.4740249522596564,0.49660347703470453,0.5678748940614609
398,57,6,PX-006,signal to unstable utterance,0.6331373935709663,0.5142481367877898,0.5196327533965184,0.5887038363357404,0.4740249522596564,0.4966710897727194,0.5868886280829771
399,57,7,PX-007,silence feedback reset,0.5677139599384894,0.4938019253807452,0.5196327533965184,0.5887038363357404,0.42556133922096145,0.4966710897727194,0.5679918185233712
400,58,1,PX-001,amplify identity fracture,0.619202966276743,0.48538766177312465,0.5196327533965184,0.5887038363357404,0.42556133922096145,0.4966710897727194,0.5679918185233712
401,58,2,PX-002,fracture to access recursion,0.619202966276743,0.5142010378407563,0.5196327533965184,0.595048503762223,0.42556133922096145,0.4966710897727194,0.5679918185233712
402,58,3,PX-003,negation to lock formation,0.633054332107421,0.5142010378407563,0.5196381200484308,0.595048503762223,0.42556133922096145,0.4966710897727194,0.5679918185233712
403,58,4,PX-004,lagged temporal recursion,0.633054332107421,0.5142010378407563,0.5196381200484308,0.588689729349562,0.44923296900289705,0.4966710897727194,0.5679918185233712
404,58,5,PX-005,false signal injection,0.633054332107421,0.5142010378407563,0.5196381200484308,0.588689729349562,0.47401259260252615,0.4966710897727194,0.5679918185233712
405,58,6,PX-006,signal to unstable utterance,0.633054332107421,0.5142010378407563,0.5196381200484308,0.588689729349562,0.47401259260252615,0.49671736973854713,0.5870028070053683
406,58,7,PX-007,silence feedback reset,0.56763212747535,0.49375335256325376,0.5196381200484308,0.588689729349562,0.4255423104808028,0.49671736973854713,0.5680847920985173
407,59,1,PX-001,amplify identity fracture,0.6191235621689135,0.4853385394440885,0.5196381200484308,0.588689729349562,0.4255423104808028,0.49671736973854713,0.5680847920985173
408,59,2,PX-002,fracture to access recursion,0.6191235621689135,0.514149155837232,0.5196381200484308,0.5950339742028252,0.4255423104808028,0.49671736973854713,0.5680847920985173
409,59,3,PX-003,negation to lock formation,0.6329776044323898,0.514149155837232,0.5196301735157632,0.5950339742028252,0.4255423104808028,0.49671736973854713,0.5680847920985173
410,59,4,PX-004,lagged temporal recursion,0.6329776044323898,0.514149155837232,0.5196301735157632,0.5886657452250507,0.44921375995387836,0.49671736973854713,0.5680847920985173
411,59,5,PX-005,false signal injection,0.6329776044323898,0.514149155837232,0.5196301735157632,0.5886657452250507,0.4739915287462908,0.49671736973854713,0.5680847920985173
412,59,6,PX-006,signal to unstable utterance,0.6329776044323898,0.514149155837232,0.5196301735157632,0.5886657452250507,0.4739915287462908,0.4967454141562911,0.5870931427147849
413,59,7,PX-007,silence feedback reset,0.5675582446420118,0.4937009759675941,0.5196301735157632,0.5886657452250507,0.4255173371964229,0.4967454141562911,0.568155858983883
414,60,1,PX-001,amplify identity fracture,0.6190523418950855,0.4852860029051326,0.5196301735157632,0.5886657452250507,0.4255173371964229,0.4967454141562911,0.568155858983883
415,60,2,PX-002,fracture to access recursion,0.6190523418950855,0.5140953640472715,0.5196301735157632,0.5950096962286598,0.4255173371964229,0.4967454141562911,0.568155858983883
416,60,3,PX-003,negation to lock formation,0.632908493720281,0.5140953640472715,0.5196121353230825,0.5950096962286598,0.4255173371964229,0.4967454141562911,0.568155858983883
417,60,4,PX-004,lagged temporal recursion,0.632908493720281,0.5140953640472715,0.5196121353230825,0.5886349064482873,0.44918857558971115,0.4967454141562911,0.568155858983883
418,60,5,PX-005,false signal injection,0.632908493720281,0.5140953640472715,0.5196121353230825,0.5886349064482873,0.4739644236890513,0.4967454141562911,0.568155858983883
419,60,6,PX-006,signal to unstable utterance,0.632908493720281,0.5140953640472715,0.5196121353230825,0.5886349064482873,0.4739644236890513,0.49675827376122383,0.5871617483870394
420,60,7,PX-007,silence feedback reset,0.5674931369860327,0.4936474695328482,0.5196121353230825,0.5886349064482873,0.4254886088596965,0.49675827376122383,0.5682073778642667
421,61,1,PX-001,amplify identity fracture,0.6189899866163817,0.4852326455052705,0.5196121353230825,0.5886349064482873,0.4254886088596965,0.49675827376122383,0.5682073778642667
422,61,2,PX-002,fracture to access recursion,0.6189899866163817,0.5140419667980008,0.5196121353230825,0.5949786741011283,0.4254886088596965,0.49675827376122383,0.5682073778642667
423,61,3,PX-003,negation to lock formation,0.6328477325789245,0.5140419667980008,0.519586867827469,0.5949786741011283,0.4254886088596965,0.49675827376122383,0.5682073778642667
424,61,4,PX-004,lagged temporal recursion,0.6328477325789245,0.5140419667980008,0.519586867827469,0.5885998069758315,0.44915961943483845,0.49675827376122383,0.5682073778642667
425,61,5,PX-005,false signal injection,0.6328477325789245,0.5140419667980008,0.519586867827469,0.5885998069758315,0.47393356241836077,0.49675827376122383,0.5682073778642667
426,61,6,PX-006,signal to unstable utterance,0.6328477325789245,0.5140419667980008,0.519586867827469,0.5885998069758315,0.47393356241836077,0.49675885616973114,0.5872110300479103
427,61,7,PX-007,silence feedback reset,0.5674371402781724,0.49359495501519307,0.519586867827469,0.5885998069758315,0.425457961564995,0.49675885616973114,0.5682418697160758
428,62,1,PX-001,amplify identity fracture,0.618936716501832,0.4851805154115854,0.519586867827469,0.5885998069758315,0.425457961564995,0.49675885616973114,0.5682418697160758
429,62,2,PX-002,fracture to access recursion,0.618936716501832,0.5139907446888677,0.519586867827469,0.5949434837231605,0.425457961564995,0.49675885616973114,0.5682418697160758
430,62,3,PX-003,negation to lock formation,0.6327955993374546,0.5139907446888677,0.519556853369332,0.5949434837231605,0.425457961564995,0.49675885616973114,0.5682418697160758
431,62,4,PX-004,lagged temporal recursion,0.6327955993374546,0.5139907446888677,0.519556853369332,0.5885626162174397,0.4491287391337695,0.49675885616973114,0.5682418697160758
432,62,5,PX-005,false signal injection,0.6327955993374546,0.5139907446888677,0.519556853369332,0.5885626162174397,0.4739008555790346,0.49675885616973114,0.5682418697160758
433,62,6,PX-006,signal to unstable utterance,0.6327955993374546,0.5139907446888677,0.519556853369332,0.5885626162174397,0.4739008555790346,0.4967498556610668,0.5872435375515304
434,62,7,PX-007,silence feedback reset,0.5673901972848931,0.49354504991716314,0.519556853369332,0.5885626162174397,0.42542689201448836,0.4967498556610668,0.5682618936228109
435,63,1,PX-001,amplify identity fracture,0.6188923851251315,0.48513116457754035,0.519556853369332,0.5885626162174397,0.42542689201448836,0.4967498556610668,0.5682618936228109
436,63,2,PX-002,fracture to access recursion,0.6188923851251315,0.5139430081858309,0.519556853369332,0.5949062772184792,0.42542689201448836,0.4967498556610668,0.5682618936228109
437,63,3,PX-003,negation to lock formation,0.6327520089065748,0.5139430081858309,0.5195241913867283,0.5949062772184792,0.42542689201448836,0.4967498556610668,0.5682618936228109
438,63,4,PX-004,lagged temporal recursion,0.6327520089065748,0.5139430081858309,0.5195241913867283,0.5885250970140579,0.4490974406028073,0.4967498556610668,0.5682618936228109
439,63,5,PX-005,false signal injection,0.6327520089065748,0.5139430081858309,0.5195241913867283,0.5885250970140579,0.4738678554829295,0.4967498556610668,0.5682618936228109
440,63,6,PX-006,signal to unstable utterance,0.6327520089065748,0.5139430081858309,0.5195241913867283,0.5885250970140579,0.4738678554829295,0.4967337059931954,0.5872618435152338
441,63,7,PX-007,silence feedback reset,0.5673519468262817,0.49349892250102023,0.5195241913867283,0.5885250970140579,0.4253965803313978,0.4967337059931954,0.5682699487571685
442,64,1,PX-001,amplify identity fracture,0.6188565657744092,0.48508570427897907,0.5195241913867283,0.5885250970140579,0.4253965803313978,0.4967337059931954,0.5682699487571685
443,64,2,PX-002,fracture to access recursion,0.6188565657744092,0.5138996558347614,0.5195241913867283,0.5948688013449314,0.4253965803313978,0.4967337059931954,0.5682699487571685
444,64,3,PX-003,negation to lock formation,0.6327165962240158,0.5138996558347614,0.519490609609159,0.5948688013449314,0.4253965803313978,0.4967337059931954,0.5682699487571685
445,64,4,PX-004,lagged temporal recursion,0.6327165962240158,0.5138996558347614,0.519490609609159,0.5884886338792944,0.4490669110338181,0.4967337059931954,0.5682699487571685
446,64,5,PX-005,false signal injection,0.6327165962240158,0.5138996558347614,0.519490609609159,0.5884886338792944,0.4738357811411928,0.4967337059931954,0.5682699487571685
447,64,6,PX-006,signal to unstable utterance,0.6327165962240158,0.5138996558347614,0.519490609609159,0.5884886338792944,0.4738357811411928,0.49671255280778953,0.5872684482629801
448,64,7,PX-007,silence feedback reset,0.5673218037136785,0.4934573503659257,0.519490609609159,0.5884886338792944,0.425367918908568,0.49671255280778953,0.5682684001698987
449,65,1,PX-001,amplify identity fracture,0.6188286284414012,0.48504486379459005,0.519490609609159,0.5884886338792944,0.425367918908568,0.49671255280778953,0.5682684001698987
450,65,2,PX-002,fracture to access recursion,0.6188286284414012,0.513861234013557,0.519490609609159,0.5948324260314561,0.425367918908568,0.49671255280778953,0.5682684001698987
451,65,3,PX-003,negation to lock formation,0.6326887910047362,0.513861234013557,0.519457485812043,0.5948324260314561,0.425367918908568,0.49671255280778953,0.5682684001698987
452,65,4,PX-004,lagged temporal recursion,0.6326887910047362,0.513861234013557,0.519457485812043,0.5884542682396136,0.44903804796356456,0.49671255280778953,0.5682684001698987
453,65,5,PX-005,false signal injection,0.6326887910047362,0.513861234013557,0.519457485812043,0.5884542682396136,0.4738055494259264,0.49671255280778953,0.5682684001698987
454,65,6,PX-006,signal to unstable utterance,0.6326887910047362,0.513861234013557,0.519457485812043,0.5884542682396136,0.4738055494259264,0.4966882422511481,0.5872657083458158
455,65,7,PX-007,silence feedback reset,0.567299028797175,0.4934207797320802,0.519457485812043,0.5884542682396136,0.4253415449311942,0.4966882422511481,0.568259425710403
456,66,1,PX-001,amplify identity fracture,0.6188078068612685,0.48500904946435625,0.519457485812043,0.5884542682396136,0.4253415449311942,0.4966882422511481,0.568259425710403
457,66,2,PX-002,fracture to access recursion,0.6188078068612685,0.5138279957784115,0.519457485812043,0.5947981797952615,0.4253415449311942,0.4966882422511481,0.568259425710403
458,66,3,PX-003,negation to lock formation,0.6326678831077421,0.5138279957784115,0.5194258770228226,0.5947981797952615,0.4253415449311942,0.4966882422511481,0.568259425710403
459,66,4,PX-004,lagged temporal recursion,0.6326678831077421,0.5138279957784115,0.5194258770228226,0.5884227378870686,0.449011492034902,0.4966882422511481,0.568259425710403
460,66,5,PX-005,false signal injection,0.6326678831077421,0.5138279957784115,0.5194258770228226,0.5884227378870686,0.4737778099012401,0.4966882422511481,0.568259425710403
461,66,6,PX-006,signal to unstable utterance,0.6326678831077421,0.5138279957784115,0.5194258770228226,0.5884227378870686,0.4737778099012401,0.49666232261441307,0.5872557859187115
462,66,7,PX-007,silence feedback reset,0.5672827888718214,0.4933893831903649,0.5194258770228226,0.5884227378870686,0.42531787461412085,0.49666232261441307,0.568244981254689
463,67,1,PX-001,amplify identity fracture,0.6187932554646651,0.48497840196629677,0.5194258770228226,0.5884227378870686,0.42531787461412085,0.49666232261441307,0.568244981254689
464,67,2,PX-002,fracture to access recursion,0.6187932554646651,0.5137999569389243,0.5194258770228226,0.5947667892735885,0.42531787461412085,0.49666232261441307,0.568244981254689
465,67,3,PX-003,negation to lock formation,0.6326530783144146,0.5137999569389243,0.519396553498762,0.5947667892735885,0.42531787461412085,0.49666232261441307,0.568244981254689
466,67,4,PX-004,lagged temporal recursion,0.6326530783144146,0.5137999569389243,0.519396553498762,0.5883945183288084,0.44898766147922287,0.49666232261441307,0.568244981254689
467,67,5,PX-005,false signal injection,0.6326530783144146,0.5137999569389243,0.519396553498762,0.5883945183288084,0.4737529812858481,0.49666232261441307,0.568244981254689
468,67,6,PX-006,signal to unstable utterance,0.6326530783144146,0.5137999569389243,0.519396553498762,0.5883945183288084,0.4737529812858481,0.49663605604778066,0.587240616124883
469,67,7,PX-007,silence feedback reset,0.5672722066017069,0.493363114231866,0.519396553498762,0.5883945183288084,0.42529713757355764,0.49663605604778066,0.5682267814004962
470,68,1,PX-001,amplify identity fracture,0.6187840964883589,0.48495285019801504,0.519396553498762,0.5883945183288084,0.42529713757355764,0.49663605604778066,0.5682267814004962
471,68,2,PX-002,fracture to access recursion,0.6187840964883589,0.513776948011319,0.519396553498762,0.594738720573541,0.42529713757355764,0.49663605604778066,0.5682267814004962
472,68,3,PX-003,negation to lock formation,0.6326435446948186,0.513776948011319,0.519370035224918,0.594738720573541,0.42529713757355764,0.49663605604778066,0.5682267814004962
473,68,4,PX-004,lagged temporal recursion,0.6326435446948186,0.513776948011319,0.519370035224918,0.5883698641648923,0.44896678673062906,0.49663605604778066,0.5682267814004962
474,68,5,PX-005,false signal injection,0.6326435446948186,0.513776948011319,0.519370035224918,0.5883698641648923,0.4737312879079504,0.49663605604778066,0.5682267814004962
475,68,6,PX-006,signal to unstable utterance,0.6326435446948186,0.513776948011319,0.519370035224918,0.5883698641648923,0.4737312879079504,0.4966104377033767,0.5872218896396194
476,68,7,PX-007,silence feedback reset,0.5672664009335927,0.4933417573616389,0.519370035224918,0.5883698641648923,0.42527941010194303,0.4966104377033767,0.5682062928775061
477,69,1,PX-001,amplify identity fracture,0.6187794577802945,0.484932160629475,0.519370035224918,0.5883698641648923,0.42527941010194303,0.4966104377033767,0.5682062928775061
478,69,2,PX-002,fracture to access recursion,0.6187794577802945,0.5137586611453315,0.519370035224918,0.5947142205891038,0.42527941010194303,0.4966104377033767,0.5682062928775061
479,69,3,PX-003,negation to lock formation,0.632638450028295,0.5137586611453315,0.5193466290931432,0.5947142205891038,0.42527941010194303,0.4966104377033767,0.5682062928775061
480,69,4,PX-004,lagged temporal recursion,0.632638450028295,0.5137586611453315,0.5193466290931432,0.5883488490394531,0.4489489439329488,0.4966104377033767,0.5682062928775061
481,69,5,PX-005,false signal injection,0.632638450028295,0.5137586611453315,0.5193466290931432,0.5883488490394531,0.4737127948793837,0.4966104377033767,0.5682062928775061
482,69,6,PX-006,signal to unstable utterance,0.632638450028295,0.5137586611453315,0.5193466290931432,0.5883488490394531,0.4737127948793837,0.49658621998824276,0.5872010476265556
483,69,7,PX-007,silence feedback reset,0.5672645186979586,0.4933249730227742,0.5193466290931432,0.5883488490394531,0.42526464642781275,0.49658621998824276,0.5681847380859485
484,70,1,PX-001,amplify identity fracture,0.6187785020409566,0.48491598140512815,0.5193466290931432,0.5883488490394531,0.42526464642781275,0.49658621998824276,0.5681847380859485
485,70,2,PX-002,fracture to access recursion,0.6187785020409566,0.5137446914980719,0.5193466290931432,0.5946933568461046,0.42526464642781275,0.49658621998824276,0.5681847380859485
486,70,3,PX-003,negation to lock formation,0.6326369909533747,0.5137446914980719,0.5193264653081362,0.5946933568461046,0.42526464642781275,0.49658621998824276,0.5681847380859485
487,70,4,PX-004,lagged temporal recursion,0.6326369909533747,0.5137446914980719,0.5193264653081362,0.5883314030828859,0.44893408641560517,0.49658621998824276,0.5681847380859485
488,70,5,PX-005,false signal injection,0.6326369909533747,0.5137446914980719,0.5193264653081362,0.5883314030828859,0.47369744104443323,0.49658621998824276,0.5681847380859485
489,70,6,PX-006,signal to unstable utterance,0.6326369909533747,0.5137446914980719,0.5193264653081362,0.5883314030828859,0.47369744104443323,0.49656393994465536,0.5871792865342023
490,70,7,PX-007,silence feedback reset,0.5672657582468816,0.4933123369109401,0.5193264653081362,0.5883314030828859,0.4252527073171898,0.49656393994465536,0.5681631063963287
491,71,1,PX-001,amplify identity fracture,0.618780448376956,0.4849038808180516,0.5193264653081362,0.5883314030828859,0.4252527073171898,0.49656393994465536,0.5681631063963287
492,71,2,PX-002,fracture to access recursion,0.618780448376956,0.5137345728396615,0.5193264653081362,0.5946760548065474,0.4252527073171898,0.49656393994465536,0.5681631063963287
493,71,3,PX-003,negation to lock formation,0.632638414660721,0.5137345728396615,0.5193095319168881,0.5946760548065474,0.4252527073171898,0.49656393994465536,0.5681631063963287
494,71,4,PX-004,lagged temporal recursion,0.632638414660721,0.5137345728396615,0.5193095319168881,0.5883173470905148,0.44892207349069224,0.49656393994465536,0.5681631063963287
495,71,5,PX-005,false signal injection,0.632638414660721,0.5137345728396615,0.5193095319168881,0.5883173470905148,0.47368506904642055,0.49656393994465536,0.5681631063963287
496,71,6,PX-006,signal to unstable utterance,0.632638414660721,0.5137345728396615,0.5193095319168881,0.5883173470905148,0.47368506904642055,0.49654394810575503,0.5871575703866345
497,71,7,PX-007,silence feedback reset,0.5672693860666861,0.4933033735490273,0.5193095319168881,0.5883173470905148,0.4252433856084903,0.49654394810575503,0.5681421710965594
498,72,1,PX-001,amplify identity fracture,0.618784587116483,0.48489538005930527,0.5193095319168881,0.5883173470905148,0.4252433856084903,0.49654394810575503,0.5681421710965594
499,72,2,PX-002,fracture to access recursion,0.618784587116483,0.5137278074247839,0.5193095319168881,0.594662131889535,0.4252433856084903,0.49654394810575503,0.5681421710965594
500,72,3,PX-003,negation to lock formation,0.6326420340223303,0.5137278074247839,0.5192957066688155,0.594662131889535,0.4252433856084903,0.49654394810575503,0.5681421710965594
501,72,4,PX-004,lagged temporal recursion,0.6326420340223303,0.5137278074247839,0.5192957066688155,0.5883064229645879,0.4489126961606437,0.49654394810575503,0.5681421710965594
502,72,5,PX-005,false signal injection,0.6326420340223303,0.5137278074247839,0.5192957066688155,0.5883064229645879,0.4736754521014619,0.49654394810575503,0.5681421710965594
503,72,6,PX-006,signal to unstable utterance,0.6326420340223303,0.5137278074247839,0.5192957066688155,0.5883064229645879,0.4736754521014619,0.49652643748957015,0.5871366484801545
504,72,7,PX-007,silence feedback reset,0.567274747339802,0.4932975842208407,0.5192957066688155,0.5883064229645879,0.4252364284700026,0.49652643748957015,0.5681225101439237
505,73,1,PX-001,amplify identity fracture,0.6187902888606073,0.48488998036697634,0.5192957066688155,0.5883064229645879,0.4252364284700026,0.49652643748957015,0.5681225101439237
506,73,2,PX-002,fracture to access recursion,0.6187902888606073,0.5137238903568078,0.5192957066688155,0.5946513277454741,0.4252364284700026,0.49652643748957015,0.5681225101439237
507,73,3,PX-003,negation to lock formation,0.632647237081066,0.5137238903568078,0.5192847856832932,0.5946513277454741,0.4252364284700026,0.49652643748957015,0.5681225101439237
508,73,4,PX-004,lagged temporal recursion,0.632647237081066,0.5137238903568078,0.5192847856832932,0.588298320181954,0.44890569952430404,0.49652643748957015,0.5681225101439237
509,73,5,PX-005,false signal injection,0.632647237081066,0.5137238903568078,0.5192847856832932,0.588298320181954,0.4736683172744517,0.49652643748957015,0.5681225101439237
510,73,6,PX-006,signal to unstable utterance,0.632647237081066,0.5137238903568078,0.5192847856832932,0.588298320181954,0.4736683172744517,0.49651147168636084,0.5871170766713671
511,73,7,PX-007,silence feedback reset,0.5672812714250701,0.4932944695375442,0.5192847856832932,0.588298320181954,0.4252315563295342,0.49651147168636084,0.5681045291545975
512,74,1,PX-001,amplify identity fracture,0.6187970087295379,0.4848871848670084,0.5192847856832932,0.588298320181954,0.4252315563295342,0.49651147168636084,0.5681045291545975
513,74,2,PX-002,fracture to access recursion,0.6187970087295379,0.5137223288129258,0.5192847856832932,0.5946433305539236,0.4252315563295342,0.49651147168636084,0.5681045291545975
514,74,3,PX-003,negation to lock formation,0.6326534918165495,0.5137223288129258,0.5192765086290626,0.5946433305539236,0.4252315563295342,0.49651147168636084,0.5681045291545975
515,74,4,PX-004,lagged temporal recursion,0.6326534918165495,0.5137223288129258,0.5192765086290626,0.5882926982413437,0.44890080183089554,0.49651147168636084,0.5681045291545975
516,74,5,PX-005,false signal injection,0.6326534918165495,0.5137223288129258,0.5192765086290626,0.5882926982413437,0.4736633652193996,0.49651147168636084,0.5681045291545975
517,74,6,PX-006,signal to unstable utterance,0.6326534918165495,0.5137223288129258,0.5192765086290626,0.5882926982413437,0.4736633652193996,0.49649901125772194,0.5870992407183809
518,74,7,PX-007,silence feedback reset,0.5672884731882111,0.4932935470369526,0.5192765086290626,0.5882926982413437,0.4252284785525125,0.49649901125772194,0.5680884853323837
519,75,1,PX-001,amplify identity fracture,0.6188042867181166,0.4848865155181387,0.5192765086290626,0.5882926982413437,0.4252284785525125,0.49649901125772194,0.5680884853323837
520,75,2,PX-002,fracture to access recursion,0.6188042867181166,0.5137226565962294,0.5192765086290626,0.5946377993053293,0.4252284785525125,0.49649901125772194,0.5680884853323837
521,75,3,PX-003,negation to lock formation,0.632660347065378,0.5137226565962294,0.5192705803074362,0.5946377993053293,0.4252284785525125,0.49649901125772194,0.5680884853323837
522,75,4,PX-004,lagged temporal recursion,0.632660347065378,0.5137226565962294,0.5192705803074362,0.5882892051948958,0.44889771025898273,0.49649901125772194,0.5680884853323837
523,75,5,PX-005,false signal injection,0.632660347065378,0.5137226565962294,0.5192705803074362,0.5882892051948958,0.473660286477597,0.49649901125772194,0.5680884853323837
524,75,6,PX-006,signal to unstable utterance,0.632660347065378,0.5137226565962294,0.5192705803074362,0.5882892051948958,0.473660286477597,0.49648893789816034,0.5870833804055661
525,75,7,PX-007,silence feedback reset,0.5672959510527473,0.49329436430020984,0.5192705803074362,0.5882892051948958,0.425226906040866,0.49648893789816034,0.5680745112929018
526,76,1,PX-001,amplify identity fracture,0.6188117450081863,0.4848875256525083,0.5192705803074362,0.5882892051948958,0.425226906040866,0.49648893789816034,0.5680745112929018
527,76,2,PX-002,fracture to access recursion,0.6188117450081863,0.5137244445403384,0.5192705803074362,0.5946343821760712,0.425226906040866,0.49648893789816034,0.5680745112929018
528,76,3,PX-003,negation to lock formation,0.6326674304135391,0.5137244445403384,0.5192666886808027,0.5946343821760712,0.425226906040866,0.49648893789816034,0.5680745112929018
529,76,4,PX-004,lagged temporal recursion,0.6326674304135391,0.5137244445403384,0.5192666886808027,0.5882874924822451,0.44889613359426966,0.49648893789816034,0.5680745112929018
530,76,5,PX-005,false signal injection,0.6326674304135391,0.5137244445403384,0.5192666886808027,0.5882874924822451,0.4736587745261439,0.49648893789816034,0.5680745112929018
531,76,6,PX-006,signal to unstable utterance,0.6326674304135391,0.5137244445403384,0.5192666886808027,0.5882874924822451,0.4736587745261439,0.4964810760097542,0.5870696134357917
532,76,7,PX-007,silence feedback reset,0.5673033825636815,0.4932965081193241,0.5192666886808027,0.5882874924822451,0.42522656099390443,0.4964810760097542,0.5680626379740685
533,77,1,PX-001,amplify identity fracture,0.6188190830041639,0.4848898086481543,0.5192666886808027,0.5882874924822451,0.42522656099390443,0.4964810760097542,0.5680626379740685
534,77,2,PX-002,fracture to access recursion,0.6188190830041639,0.5137273073204249,0.5192666886808027,0.5946327312185622,0.42522656099390443,0.4964810760097542,0.5680626379740685
535,77,3,PX-003,negation to lock formation,0.6326744438036899,0.5137273073204249,0.5192645195028895,0.5946327312185622,0.42522656099390443,0.4964810760097542,0.5680626379740685
536,77,4,PX-004,lagged temporal recursion,0.6326744438036899,0.5137273073204249,0.5192645195028895,0.5882872263663695,0.44889579204944136,0.4964810760097542,0.5680626379740685
537,77,5,PX-005,false signal injection,0.6326744438036899,0.5137273073204249,0.5192645195028895,0.5882872263663695,0.473658535839871,0.4964810760097542,0.5680626379740685
538,77,6,PX-006,signal to unstable utterance,0.6326744438036899,0.5137273073204249,0.5192645195028895,0.5882872263663695,0.473658535839871,0.49647521150824203,0.5870579583068803
539,77,7,PX-007,silence feedback reset,0.5673105181679908,0.4932996102686194,0.5192645195028895,0.5882872263663695,0.4252271841177944,0.49647521150824203,0.5680528160345648
540,78,1,PX-001,amplify identity fracture,0.6188260707681943,0.4848930032857641,0.5192645195028895,0.5882872263663695,0.4252271841177944,0.49647521150824203,0.5680528160345648
541,78,2,PX-002,fracture to access recursion,0.6188260707681943,0.5137309072272456,0.5192645195028895,0.5946325136678451,0.4252271841177944,0.49647521150824203,0.5680528160345648
542,78,3,PX-003,negation to lock formation,0.6326811575155636,0.5137309072272456,0.5192637677912548,0.5946325136678451,0.4252271841177944,0.49647521150824203,0.5680528160345648
543,78,4,PX-004,lagged temporal recursion,0.6326811575155636,0.5137309072272456,0.5192637677912548,0.5882880963229369,0.4488964245149406,0.49647521150824203,0.5680528160345648
544,78,5,PX-005,false signal injection,0.6326811575155636,0.5137309072272456,0.5192637677912548,0.5882880963229369,0.4736592972755342,0.49647521150824203,0.5680528160345648
545,78,6,PX-006,signal to unstable utterance,0.6326811575155636,0.5137309072272456,0.5192637677912548,0.5882880963229369,0.4736592972755342,0.4964711078157878,0.5870483555976516
546,78,7,PX-007,silence feedback reset,0.5673171738227761,0.4933033504292467,0.5192637677912548,0.5882880963229369,0.4252285395957047,0.4964711078157878,0.5680449353270602
547,79,1,PX-001,amplify identity fracture,0.618832541437664,0.4848967963355106,0.5192637677912548,0.5882880963229369,0.4252285395957047,0.4964711078157878,0.5680449353270602
548,79,2,PX-002,fracture to access recursion,0.618832541437664,0.5137349554436175,0.5192637677912548,0.5946334202176712,0.4252285395957047,0.4964711078157878,0.5680449353270602
549,79,3,PX-003,negation to lock formation,0.6326874030891263,0.5137349554436175,0.5192641464395126,0.5946334202176712,0.4252285395957047,0.4964711078157878,0.5680449353270602
550,79,4,PX-004,lagged temporal recursion,0.6326874030891263,0.5137349554436175,0.5192641464395126,0.5882898207635316,0.44889779355519127,0.4964711078157878,0.5680449353270602
551,79,5,PX-005,false signal injection,0.6326874030891263,0.5137349554436175,0.5192641464395126,0.5882898207635316,0.473660811112185,0.4964711078157878,0.5680449353270602
552,79,6,PX-006,signal to unstable utterance,0.6326874030891263,0.5137349554436175,0.5192641464395126,0.5882898207635316,0.473660811112185,0.49646851910380607,0.58704068727147
553,79,7,PX-007,silence feedback reset,0.5673232229480089,0.4933074567937723,0.5192641464395126,0.5882898207635316,0.42523041813976625,0.49646851910380607,0.5680388421915153
554,80,1,PX-001,amplify identity fracture,0.6188383831146559,0.484900922895725,0.5192641464395126,0.5882898207635316,0.42523041813976625,0.49646851910380607,0.5680388421915153
555,80,2,PX-002,fracture to access recursion,0.6188383831146559,0.5137392113306667,0.5192641464395126,0.5946351706468642,0.42523041813976625,0.49646851910380607,0.5680388421915153
556,80,3,PX-003,negation to lock formation,0.6326930656711951,0.5137392113306667,0.5192653923008367,0.5946351706468642,0.42523041813976625,0.49646851910380607,0.5680388421915153
557,80,4,PX-004,lagged temporal recursion,0.6326930656711951,0.5137392113306667,0.5192653923008367,0.5882921504821759,0.44889968847386713,0.49646851910380607,0.5680388421915153
558,80,5,PX-005,false signal injection,0.6326930656711951,0.5137392113306667,0.5192653923008367,0.5882921504821759,0.473662858089556,0.49646851910380607,0.5680388421915153
559,80,6,PX-006,signal to unstable utterance,0.6326930656711951,0.5137392113306667,0.5192653923008367,0.5882921504821759,0.473662858089556,0.49646720093122315,0.5870347937610856
560,80,7,PX-007,silence feedback reset,0.5673285881496213,0.49331170484233006,0.5192653923008367,0.5882921504821759,0.4252326384419421,0.49646720093122315,0.5680343544462723
561,81,1,PX-001,amplify identity fracture,0.6188435306272488,0.484905164968303,0.5192653923008367,0.5882921504821759,0.4252326384419421,0.49646720093122315,0.5680343544462723
562,81,2,PX-002,fracture to access recursion,0.6188435306272488,0.5137434801885178,0.5192653923008367,0.5946375171851424,0.4252326384419421,0.49646720093122315,0.5680343544462723
563,81,3,PX-003,negation to lock formation,0.6326980761802121,0.5137434801885178,0.5192672700892526,0.5946375171851424,0.4252326384419421,0.49646720093122315,0.5680343544462723
564,81,4,PX-004,lagged temporal recursion,0.6326980761802121,0.5137434801885178,0.5192672700892526,0.588294870208003,0.44890192676767365,0.49646720093122315,0.5680343544462723
565,81,5,PX-005,false signal injection,0.6326980761802121,0.5137434801885178,0.5192672700892526,0.588294870208003,0.4736652487806186,0.49646720093122315,0.5680343544462723
566,81,6,PX-006,signal to unstable utterance,0.6326980761802121,0.5137434801885178,0.5192672700892526,0.588294870208003,0.4736652487806186,0.49646691848233687,0.5870304887282292
567,81,7,PX-007,silence feedback reset,0.5673332330527637,0.4933159147370391,0.5192672700892526,0.588294870208003,0.42523504732673995,0.49646691848233687,0.5680312740620449
568,82,1,PX-001,amplify identity fracture,0.6188479574787435,0.4849093487101442,0.5192672700892526,0.588294870208003,0.42523504732673995,0.49646691848233687,0.5680312740620449
569,82,2,PX-002,fracture to access recursion,0.6188479574787435,0.5137476099066863,0.5192672700892526,0.5946402460005118,0.42523504732673995,0.49646691848233687,0.5680312740620449
570,82,3,PX-003,negation to lock formation,0.6327024036030582,0.5137476099066863,0.5192695744448056,0.5946402460005118,0.42523504732673995,0.49646691848233687,0.5680312740620449
571,82,4,PX-004,lagged temporal recursion,0.6327024036030582,0.5137476099066863,0.5192695744448056,0.5882977986284746,0.44890435427379344,0.49646691848233687,0.5680312740620449
572,82,5,PX-005,false signal injection,0.6327024036030582,0.5137476099066863,0.5192695744448056,0.5882977986284746,0.47366782361835996,0.49646691848233687,0.5680312740620449
573,82,6,PX-006,signal to unstable utterance,0.6327024036030582,0.5137476099066863,0.5192695744448056,0.5882977986284746,0.47366782361835996,0.4964674526471106,0.5870275714961689
574,82,7,PX-007,silence feedback reset,0.56733715450621,0.49331994773095217,0.5192695744448056,0.5882977986284746,0.4252375188871338,0.4964674526471106,0.5680293975881183
575,83,1,PX-001,amplify identity fracture,0.6188516682245488,0.48491334074911774,0.5192695744448056,0.5882977986284746,0.4252375188871338,0.4964674526471106,0.5680293975881183
576,83,2,PX-002,fracture to access recursion,0.6188516682245488,0.5137514868664798,0.5192695744448056,0.5946431771714994,0.4252375188871338,0.4964674526471106,0.5680293975881183
577,83,3,PX-003,negation to lock formation,0.6327060476638794,0.5137514868664798,0.5192721304963053,0.5946431771714994,0.4252375188871338,0.4964674526471106,0.5680293975881183
578,83,4,PX-004,lagged temporal recursion,0.6327060476638794,0.5137514868664798,0.5192721304963053,0.588300787220421,0.4489068442943761,0.4964674526471106,0.5680293975881183
579,83,5,PX-005,false signal injection,0.6327060476638794,0.5137514868664798,0.5192721304963053,0.588300787220421,0.4736704518731316,0.4964674526471106,0.5680293975881183
580,83,6,PX-006,signal to unstable utterance,0.6327060476638794,0.5137514868664798,0.5192721304963053,0.588300787220421,0.4736704518731316,0.49646860420839295,0.5870258372351113
581,83,7,PX-007,silence feedback reset,0.5673403753483334,0.4933237019346901,0.5192721304963053,0.588300787220421,0.42523995285845134,0.49646860420839295,0.5680285244632484
582,84,1,PX-001,amplify identity fracture,0.6188546914485973,0.4849170438999088,0.5192721304963053,0.588300787220421,0.42523995285845134,0.49646860420839295,0.5680285244632484
583,84,2,PX-002,fracture to access recursion,0.6188546914485973,0.5137550314038126,0.5192721304963053,0.5946461634801359,0.42523995285845134,0.49646860420839295,0.5680285244632484
584,84,3,PX-003,negation to lock formation,0.6327090320389086,0.5137550314038126,0.5192747932340609,0.5946461634801359,0.42523995285845134,0.49646860420839295,0.5680285244632484
585,84,4,PX-004,lagged temporal recursion,0.6327090320389086,0.5137550314038126,0.5192747932340609,0.5883037181932945,0.4489092959546142,0.49646860420839295,0.5680285244632484
586,84,5,PX-005,false signal injection,0.6327090320389086,0.5137550314038126,0.5192747932340609,0.5883037181932945,0.4736730298481331,0.49646860420839295,0.5680285244632484
587,84,6,PX-006,signal to unstable utterance,0.6327090320389086,0.5137550314038126,0.5192747932340609,0.5883037181932945,0.4736730298481331,0.49647019640820417,0.5870250850411718
588,84,7,PX-007,silence feedback reset,0.5673429378634121,0.4933271077305683,0.5192747932340609,0.5883037181932945,0.425242272455367,0.49647019640820417,0.5680284633883623
589,85,1,PX-001,amplify identity fracture,0.6188570734522616,0.4849203925620077,0.5192747932340609,0.5883037181932945,0.425242272455367,0.49647019640820417,0.5680284633883623
590,85,2,PX-002,fracture to access recursion,0.6188570734522616,0.5137581930880887,0.5192747932340609,0.5946490883285575,0.425242272455367,0.49647019640820417,0.5680284633883623
591,85,3,PX-003,negation to lock formation,0.6327113982337698,0.5137581930880887,0.5192774459775437,0.5946490883285575,0.425242272455367,0.49647019640820417,0.5680284633883623
592,85,4,PX-004,lagged temporal recursion,0.6327113982337698,0.5137581930880887,0.5192774459775437,0.5883065018127712,0.44891163202108186,0.49647019640820417,0.5680284633883623
593,85,5,PX-005,false signal injection,0.6327113982337698,0.5137581930880887,0.5192774459775437,0.5883065018127712,0.4736754785288222,0.49647019640820417,0.5680284633883623
594,85,6,PX-006,signal to unstable utterance,0.6327113982337698,0.5137581930880887,0.5192774459775437,0.5883065018127712,0.4736754785288222,0.4964720761616978,0.5870251240921414
595,85,7,PX-007,silence feedback reset,0.5673448980044716,0.49333012307233687,0.5192774459775437,0.5883065018127712,0.4252444218661949,0.4964720761616978,0.5680290369667365
596,86,1,PX-001,amplify identity fracture,0.6188588727189038,0.48492334803087306,0.5192774459775437,0.5883065018127712,0.4252444218661949,0.4964720761616978,0.5680290369667365
597,86,2,PX-002,fracture to access recursion,0.6188588727189038,0.5137609460227652,0.5192774459775437,0.594651863045774,0.4252444218661949,0.4964720761616978,0.5680290369667365
598,86,3,PX-003,negation to lock formation,0.6327132001908718,0.5137609460227652,0.5192799981915623,0.594651863045774,0.4252444218661949,0.4964720761616978,0.5680290369667365
599,86,4,PX-004,lagged temporal recursion,0.6327132001908718,0.5137609460227652,0.5192799981915623,0.5883090733352246,0.4489137963758254,0.4964720761616978,0.5680290369667365
600,86,5,PX-005,false signal injection,0.6327132001908718,0.5137609460227652,0.5192799981915623,0.5883090733352246,0.4736777408890558,0.4964720761616978,0.5680290369667365
601,86,6,PX-006,signal to unstable utterance,0.6327132001908718,0.5137609460227652,0.5192799981915623,0.5883090733352246,0.4736777408890558,0.4964741141752812,0.5870257780899835
602,86,7,PX-007,silence feedback reset,0.5673463204152418,0.49333272886006296,0.5192799981915623,0.5883090733352246,0.4252463635677777,0.4964741141752812,0.5680300848324087
603,87,1,PX-001,amplify identity fracture,0.6188601551761381,0.48492589390531343,0.5192799981915623,0.5883090733352246,0.4252463635677777,0.4964741141752812,0.5680300848324087
604,87,2,PX-002,fracture to access recursion,0.6188601551761381,0.5137632843270483,0.5192799981915623,0.5946544238135528,0.4252463635677777,0.4964741141752812,0.5680300848324087
605,87,3,PX-003,negation to lock formation,0.6327144996540505,0.5137632843270483,0.5192823828712645,0.5946544238135528,0.4252463635677777,0.4964741141752812,0.5680300848324087
606,87,4,PX-004,lagged temporal recursion,0.6327144996540505,0.5137632843270483,0.5192823828712645,0.5883113897462484,0.4489157513105582,0.4964741141752812,0.5680300848324087
607,87,5,PX-005,false signal injection,0.6327144996540505,0.5137632843270483,0.5192823828712645,0.5883113897462484,0.473679779023971,0.4964741141752812,0.5680300848324087
608,87,6,PX-006,signal to unstable utterance,0.6327144996540505,0.5137632843270483,0.5192823828712645,0.5883113897462484,0.473679779023971,0.4964762042069822,0.5870268882134764
609,87,7,PX-007,silence feedback reset,0.5673472742486714,0.4933349245352022,0.5192823828712645,0.5883113897462484,0.42524807559447814,0.4964762042069822,0.5680314654916316
610,88,1,PX-001,amplify identity fracture,0.6188609902451281,0.48492803173034416,0.5192823828712645,0.5883113897462484,0.42524807559447814,0.4964762042069822,0.5680314654916316
611,88,2,PX-002,fracture to access recursion,0.6188609902451281,0.5137652179166167,0.5192823828712645,0.5946567284030726,0.42524807559447814,0.4964762042069822,0.5680314654916316
612,88,3,PX-003,negation to lock formation,0.6327153622851407,0.5137652179166167,0.5192845536826588,0.5946567284030726,0.42524807559447814,0.4964762042069822,0.5680314654916316
613,88,4,PX-004,lagged temporal recursion,0.6327153622851407,0.5137652179166167,0.5192845536826588,0.5883134264605538,0.4489174747753048,0.4964762042069822,0.5680314654916316
614,88,5,PX-005,false signal injection,0.6327153622851407,0.5137652179166167,0.5192845536826588,0.5883134264605538,0.47368157124812377,0.4964762042069822,0.5680314654916316
615,88,6,PX-006,signal to unstable utterance,0.6327153622851407,0.5137652179166167,0.5192845536826588,0.5883134264605538,0.47368157124812377,0.49647826168450493,0.5870283148071153
616,88,7,PX-007,silence feedback reset,0.5673478297521527,0.4933367240011701,0.5192845536826588,0.5883134264605538,0.42524954886689914,0.49647826168450493,0.5680330570974672
617,89,1,PX-001,amplify identity fracture,0.6188614476410866,0.4849297769757851,0.5192845536826588,0.5883134264605538,0.42524954886689914,0.49647826168450493,0.5680330570974672
618,89,2,PX-002,fracture to access recursion,0.6188614476410866,0.5137667686647781,0.5192845536826588,0.5946587528782549,0.42524954886689914,0.49647826168450493,0.5680330570974672
619,89,3,PX-003,negation to lock formation,0.6327158545020563,0.5137667686647781,0.5192864820126418,0.5946587528782549,0.42524954886689914,0.49647826168450493,0.5680330570974672
620,89,4,PX-004,lagged temporal recursion,0.6327158545020563,0.5137667686647781,0.5192864820126418,0.5883151741071468,0.44891895768775636,0.49647826168450493,0.5680330570974672
621,89,5,PX-005,false signal injection,0.6327158545020563,0.5137667686647781,0.5192864820126418,0.5883151741071468,0.47368310926801493,0.49647826168450493,0.5680330570974672
622,89,6,PX-006,signal to unstable utterance,0.6327158545020563,0.5137667686647781,0.5192864820126418,0.5883151741071468,0.47368310926801493,0.49648022187125196,0.5870299380265832
623,89,7,PX-007,silence feedback reset,0.5673480555693898,0.49333815194008357,0.5192864820126418,0.5883151741071468,0.4252507846605346,0.49648022187125196,0.5680347573662705
624,90,1,PX-001,amplify identity fracture,0.6188615948708005,0.48493115541697923,0.5192864820126418,0.5883151741071468,0.4252507846605346,0.49648022187125196,0.5680347573662705
625,90,2,PX-002,fracture to access recursion,0.6188615948708005,0.5137679669941788,0.5192864820126418,0.5946604883883866,0.4252507846605346,0.49648022187125196,0.5680347573662705
626,90,3,PX-003,negation to lock formation,0.6327160409894417,0.5137679669941788,0.519288154051649,0.5946604883883866,0.4252507846605346,0.49648022187125196,0.5680347573662705
627,90,4,PX-004,lagged temporal recursion,0.6327160409894417,0.5137679669941788,0.519288154051649,0.5883166354933206,0.44892020138400046,0.49648022187125196,0.5680347573662705
628,90,5,PX-005,false signal injection,0.6327160409894417,0.5137679669941788,0.519288154051649,0.5883166354933206,0.4736843955114234,0.49648022187125196,0.5680347573662705
629,90,6,PX-006,signal to unstable utterance,0.6327160409894417,0.5137679669941788,0.519288154051649,0.5883166354933206,0.4736843955114234,0.49648203774433725,0.5870316576488869
630,90,7,PX-007,silence feedback reset,0.567348016694842,0.49333924056688006,0.519288154051649,0.5883166354933206,0.42525179227193916,0.49648203774433725,0.5680364828286724
631,91,1,PX-001,amplify identity fracture,0.6188614953605996,0.4849321999552907,0.519288154051649,0.5883166354933206,0.42525179227193916,0.49648203774433725,0.5680364828286724
632,91,2,PX-002,fracture to access recursion,0.6188614953605996,0.513768848923059,0.519288154051649,0.5946619381424216,0.42525179227193916,0.49648203774433725,0.5680364828286724
633,91,3,PX-003,negation to lock formation,0.6327159828202636,0.513768848923059,0.5192895680037011,0.5946619381424216,0.42525179227193916,0.49648203774433725,0.5680364828286724
634,91,4,PX-004,lagged temporal recursion,0.6327159828202636,0.513768848923059,0.5192895680037011,0.5883178228140723,0.4489212152685196,0.49648203774433725,0.5680364828286724
635,91,5,PX-005,false signal injection,0.6327159828202636,0.513768848923059,0.5192895680037011,0.5883178228140723,0.47368544067226814,0.49648203774433725,0.5680364828286724
636,91,6,PX-006,signal to unstable utterance,0.6327159828202636,0.513768848923059,0.5192895680037011,0.5883178228140723,0.47368544067226814,0.49648367772243146,0.5870333922384562
637,91,7,PX-007,silence feedback reset,0.5673477730080115,0.49334002683762235,0.5192895680037011,0.5883178228140723,0.4252525869203711,0.49648367772243146,0.5680381675883626
638,92,1,PX-001,amplify identity fracture,0.6188612071408643,0.48493294789233726,0.5192895680037011,0.5883178228140723,0.4252525869203711,0.49648367772243146,0.5680381675883626
639,92,2,PX-002,fracture to access recursion,0.6188612071408643,0.5137694535688531,0.5192895680037011,0.5946631146305777,0.4252525869203711,0.49648367772243146,0.5680381675883626
640,92,3,PX-003,negation to lock formation,0.6327157361189628,0.5137694535688531,0.5192907314932199,0.5946631146305777,0.4252525869203711,0.49648367772243146,0.5680381675883626
641,92,4,PX-004,lagged temporal recursion,0.6327157361189628,0.5137694535688531,0.5192907314932199,0.5883187551502523,0.44892201470158954,0.49648367772243146,0.5680381675883626
642,92,5,PX-005,false signal injection,0.6327157361189628,0.5137694535688531,0.5192907314932199,0.5883187551502523,0.4736862615092081,0.49648367772243146,0.5680381675883626
643,92,6,PX-006,signal to unstable utterance,0.6327157361189628,0.5137694535688531,0.5192907314932199,0.5883187551502523,0.4736862615092081,0.4964851233560662,0.5870350778407415
644,92,7,PX-007,silence feedback reset,0.5673473783106383,0.4933405501092036,0.5192907314932199,0.5883187551502523,0.4252531879062369,0.4964851233560662,0.5680397617408779
645,93,1,PX-001,amplify identity fracture,0.6188607820100337,0.4849334386529692,0.5192907314932199,0.5883187551502523,0.4252531879062369,0.4964851233560662,0.5680397617408779
646,93,2,PX-002,fracture to access recursion,0.6188607820100337,0.5137698210953241,0.5192907314932199,0.594664037135695,0.4252531879062369,0.4964851233560662,0.5680397617408779
647,93,3,PX-003,negation to lock formation,0.6327153511931886,0.5137698210953241,0.5192916592157747,0.594664037135695,0.4252531879062369,0.4964851233560662,0.5680397617408779
648,93,4,PX-004,lagged temporal recursion,0.6327153511931886,0.5137698210953241,0.5192916592157747,0.5883194562790826,0.4489226191454766,0.4964851233560662,0.5680397617408779
649,93,5,PX-005,false signal injection,0.6327153511931886,0.5137698210953241,0.5192916592157747,0.5883194562790826,0.47368687891886735,0.4964851233560662,0.5680397617408779
650,93,6,PX-006,signal to unstable utterance,0.6327153511931886,0.5137698210953241,0.5192916592157747,0.5883194562790826,0.47368687891886735,0.49648636706944266,0.5870366663534423
651,93,7,PX-007,silence feedback reset,0.5673468797892836,0.49334085023249596,0.5192916592157747,0.5883194562790826,0.4252536170339675,0.49648636706944266,0.5680412295828422
652,94,1,PX-001,amplify identity fracture,0.6188602651013406,0.4849337119374106,0.5192916592157747,0.5883194562790826,0.4252536170339675,0.49648636706944266,0.5680412295828422
653,94,2,PX-002,fracture to access recursion,0.6188602651013406,0.5137699910769611,0.5192916592157747,0.5946647295573042,0.4252536170339675,0.49648636706944266,0.5680412295828422
654,94,3,PX-003,negation to lock formation,0.6327148720608798,0.5137699910769611,0.5192923708609704,0.5946647295573042,0.4252536170339675,0.49648636706944266,0.5680412295828422
655,94,4,PX-004,lagged temporal recursion,0.6327148720608798,0.5137699910769611,0.5192923708609704,0.5883199528045353,0.4489230505770483,0.49648636706944266,0.5680412295828422
656,94,5,PX-005,false signal injection,0.6327148720608798,0.5137699910769611,0.5192923708609704,0.5883199528045353,0.47368731629035027,0.49648636706944266,0.5680412295828422
657,94,6,PX-006,signal to unstable utterance,0.6327148720608798,0.5137699910769611,0.5192923708609704,0.5883199528045353,0.47368731629035027,0.4964874100213079,0.587038123703583
658,94,7,PX-007,silence feedback reset,0.5673463178280448,0.49334096604979893,0.5192923708609704,0.5883199528045353,0.4252538972960198,0.4964874100213079,0.5680425477205965
659,95,1,PX-001,amplify identity fracture,0.6188596947783889,0.48493380627230287,0.5192923708609704,0.5883199528045353,0.4252538972960198,0.4964874100213079,0.5680425477205965
660,95,2,PX-002,fracture to access recursion,0.6188596947783889,0.5137700012455865,0.5192923708609704,0.5946652185553473,0.4252538972960198,0.4964874100213079,0.5680425477205965
661,95,3,PX-003,negation to lock formation,0.6327143363018258,0.5137700012455865,0.5192928893199371,0.5946652185553473,0.4252538972960198,0.4964874100213079,0.5680425477205965
662,95,4,PX-004,lagged temporal recursion,0.6327143363018258,0.5137700012455865,0.5192928893199371,0.5883202726022289,0.448923332163411,0.4964874100213079,0.5680425477205965
663,95,5,PX-005,false signal injection,0.6327143363018258,0.5137700012455865,0.5192928893199371,0.5883202726022289,0.473687598136402,0.4964874100213079,0.5680425477205965
664,95,6,PX-006,signal to unstable utterance,0.6327143363018258,0.5137700012455865,0.5192928893199371,0.5883202726022289,0.473687598136402,0.4964882601333664,0.587039427937099
665,95,7,PX-007,silence feedback reset,0.5673457261005338,0.4933409342597451,0.5192928893199371,0.5883202726022289,0.4252540518062938,0.4964882601333664,0.5680437031665916
666,96,1,PX-001,amplify identity fracture,0.6188591027905156,0.484933757923128,0.5192928893199371,0.5883202726022289,0.4252540518062938,0.4964882601333664,0.5680437031665916
667,96,2,PX-002,fracture to access recursion,0.6188591027905156,0.5137698865785015,0.5192928893199371,0.5946655320077835,0.4252540518062938,0.4964882601333664,0.5680437031665916
668,96,3,PX-003,negation to lock formation,0.6327137751671522,0.5137698865785015,0.5192932391771771,0.5946655320077835,0.4252540518062938,0.4964882601333664,0.5680437031665916
669,96,4,PX-004,lagged temporal recursion,0.6327137751671522,0.5137698865785015,0.5192932391771771,0.5883204435636731,0.4489234871887359,0.4964882601333664,0.5680437031665916
670,96,5,PX-005,false signal injection,0.6327137751671522,0.5137698865785015,0.5192932391771771,0.5883204435636731,0.47368774898791693,0.4964882601333664,0.5680437031665916
671,96,6,PX-006,signal to unstable utterance,0.6327137751671522,0.5137698865785015,0.5192932391771771,0.5883204435636731,0.47368774898791693,0.4964889303181206,0.5870405673070699
672,96,7,PX-007,silence feedback reset,0.5673451318761555,0.4933407886081169,0.5192932391771771,0.5883204435636731,0.42525410296511934,0.4964889303181206,0.5680446914928088
673,97,1,PX-001,amplify identity fracture,0.618858514625073,0.48493360012614545,0.5192932391771771,0.5883204435636731,0.42525410296511934,0.4964889303181206,0.5680446914928088
674,97,2,PX-002,fracture to access recursion,0.618858514625073,0.5137696786845446,0.5192932391771771,0.5946656977666117,0.42525410296511934,0.4964889303181206,0.5680446914928088
675,97,3,PX-003,negation to lock formation,0.632713213885883,0.5137696786845446,0.5192934454766335,0.5946656977666117,0.42525410296511934,0.4964889303181206,0.5680446914928088
676,97,4,PX-004,lagged temporal recursion,0.632713213885883,0.5137696786845446,0.5192934454766335,0.5883204926175916,0.4489235382142644,0.4964889303181206,0.5680446914928088
677,97,5,PX-005,false signal injection,0.632713213885883,0.5137696786845446,0.5192934454766335,0.5883204926175916,0.47368779253222937,0.4964889303181206,0.5680446914928088
678,97,6,PX-006,signal to unstable utterance,0.632713213885883,0.5137696786845446,0.5192934454766335,0.5883204926175916,0.47368779253222937,0.4964894369240138,0.5870415384277455
679,97,7,PX-007,silence feedback reset,0.5673445564825967,0.4933405593608118,0.5192934454766335,0.5883204926175916,0.4252540718338128,0.4964894369240138,0.5680455150931643
680,98,1,PX-001,amplify identity fracture,0.6188579500007726,0.48493336259605796,0.5192934454766335,0.5883204926175916,0.4252540718338128,0.4964894369240138,0.5680455150931643
681,98,2,PX-002,fracture to access recursion,0.6188579500007726,0.5137694054436655,0.5192934454766335,0.5946657426898276,0.4252540718338128,0.4964894369240138,0.5680455150931643
682,98,3,PX-003,negation to lock formation,0.6327126721142832,0.5137694054436655,0.5192935327445015,0.5946657426898276,0.4252540718338128,0.4964894369240138,0.5680455150931643
683,98,4,PX-004,lagged temporal recursion,0.6327126721142832,0.5137694054436655,0.5192935327445015,0.5883204450012797,0.4489235064493111,0.4964894369240138,0.5680455150931643
684,98,5,PX-005,false signal injection,0.6327126721142832,0.5137694054436655,0.5192935327445015,0.5883204450012797,0.4736877509714183,0.4964894369240138,0.5680455150931643
685,98,6,PX-006,signal to unstable utterance,0.6327126721142832,0.5137694054436655,0.5192935327445015,0.5883204450012797,0.4736877509714183,0.49648979840419766,0.5870423445443597
686,98,7,PX-007,silence feedback reset,0.5673440158738084,0.4933402730150067,0.5192935327445015,0.5883204450012797,0.42525397769433715,0.49648979840419766,0.5680461815915573
687,99,1,PX-001,amplify identity fracture,0.6188574234536489,0.4849330712656614,0.5192935327445015,0.5883204450012797,0.42525397769433715,0.49648979840419766,0.5680461815915573
688,99,2,PX-002,fracture to access recursion,0.6188574234536489,0.513769090856566,0.5192935327445015,0.5946656919221576,0.42525397769433715,0.49648979840419766,0.5680461815915573
689,99,3,PX-003,negation to lock formation,0.6327121644807008,0.513769090856566,0.5192935242461854,0.5946656919221576,0.42525397769433715,0.49648979840419766,0.5680461815915573
690,99,4,PX-004,lagged temporal recursion,0.6327121644807008,0.513769090856566,0.5192935242461854,0.5883203237521946,0.4489234113086079,0.49648979840419766,0.5680461815915573
691,99,5,PX-005,false signal injection,0.6327121644807008,0.513769090856566,0.5192935242461854,0.5883203237521946,0.47368764457442075,0.49648979840419766,0.5680461815915573
692,99,6,PX-006,signal to unstable utterance,0.6327121644807008,0.513769090856566,0.5192935242461854,0.5883203237521946,0.47368764457442075,0.4964900342060293,0.5870429939536295
693,99,7,PX-007,silence feedback reset,0.5673435212602995,0.4933399522059535,0.5192935242461854,0.5883203237521946,0.42525383776853654,0.4964900342060293,0.5680467024190241
694,100,1,PX-001,amplify identity fracture,0.6188569449746805,0.484932748215289,0.5192935242461854,0.5883203237521946,0.42525383776853654,0.4964900342060293,0.5680467024190241
695,100,2,PX-002,fracture to access recursion,0.6188569449746805,0.513768755063221,0.5192935242461854,0.5946655683947145,0.42525383776853654,0.4964900342060293,0.5680467024190241
696,100,3,PX-003,negation to lock formation,0.6327117011857442,0.513768755063221,0.5192934414516159,0.5946655683947145,0.42525383776853654,0.4964900342060293,0.5680467024190241
697,100,4,PX-004,lagged temporal recursion,0.6327117011857442,0.513768755063221,0.5192934414516159,0.5883201493888628,0.44892327013026484,0.4964900342060293,0.5680467024190241
698,100,5,PX-005,false signal injection,0.6327117011857442,0.513768755063221,0.5192934414516159,0.5883201493888628,0.4736874913957623,0.4964900342060293,0.5680467024190241
699,100,6,PX-006,signal to unstable utterance,0.6327117011857442,0.513768755063221,0.5192934414516159,0.5883201493888628,0.4736874913957623,0.4964901638713272,0.5870434985968496
700,100,7,PX-007,silence feedback reset,0.5673430797659228,0.49333961576941193,0.5192934414516159,0.5883201493888628,0.42525366707147977,0.4964901638713272,0.5680470915723589
701,101,1,PX-001,amplify identity fracture,0.6188565206653468,0.48493241175255475,0.5192934414516159,0.5883201493888628,0.42525366707147977,0.4964901638713272,0.5680470915723589
702,101,2,PX-002,fracture to access recursion,0.6188565206653468,0.5137684144922914,0.5192934414516159,0.59466539251267,0.42525366707147977,0.4964901638713272,0.5680470915723589
703,101,3,PX-003,negation to lock formation,0.632711288624573,0.5137684144922914,0.5192933036815576,0.59466539251267,0.42525366707147977,0.4964901638713272,0.5680470915723589
704,101,4,PX-004,lagged temporal recursion,0.632711288624573,0.5137684144922914,0.5192933036815576,0.5883199397504044,0.4489230980286989,0.4964901638713272,0.5680470915723589
705,101,5,PX-005,false signal injection,0.632711288624573,0.5137684144922914,0.5192933036815576,0.5883199397504044,0.47368730713390167,0.4964901638713272,0.5680470915723589
706,101,6,PX-006,signal to unstable utterance,0.632711288624573,0.5137684144922914,0.5192933036815576,0.5883199397504044,0.47368730713390167,0.49649020633224794,0.5870438728366142
707,101,7,PX-007,silence feedback reset,0.5673426950823335,0.49333927892312573,0.5192933036815576,0.5883199397504044,0.4252534783743877,0.49649020633224794,0.5680473645574835
708,102,1,PX-001,amplify identity fracture,0.6188561533842387,0.48493207660637666,0.5192933036815576,0.5883199397504044,0.4252534783743877,0.49649020633224794,0.5680473645574835
709,102,2,PX-002,fracture to access recursion,0.6188561533842387,0.513768082107266,0.5192933036815576,0.5946651820002916,0.4252534783743877,0.49649020633224794,0.5680473645574835
710,102,3,PX-003,negation to lock formation,0.6327109300046578,0.513768082107266,0.5192931279072551,0.5946651820002916,0.4252534783743877,0.49649020633224794,0.5680473645574835
711,102,4,PX-004,lagged temporal recursion,0.6327109300046578,0.513768082107266,0.5192931279072551,0.5883197099652177,0.44892290785782857,0.49649020633224794,0.5680473645574835
712,102,5,PX-005,false signal injection,0.6327109300046578,0.513768082107266,0.5192931279072551,0.5883197099652177,0.4736871051032715,0.49649020633224794,0.5680473645574835
713,102,6,PX-006,signal to unstable utterance,0.6327109300046578,0.513768082107266,0.5192931279072551,0.5883197099652177,0.4736871051032715,0.4964901793841526,0.5870441324193377
714,102,7,PX-007,silence feedback reset,0.5673423680987497,0.4933389535346754,0.5192931279072551,0.5883197099652177,0.4252532822542113,0.4964901793841526,0.5680475375136657
715,103,1,PX-001,amplify identity fracture,0.6188558433640877,0.48493175420322715,0.5192931279072551,0.5883197099652177,0.4252532822542113,0.4964901793841526,0.5680475375136657
716,103,2,PX-002,fracture to access recursion,0.6188558433640877,0.5137677677193379,0.5192931279072551,0.5946649518739743,0.4252532822542113,0.4964901793841526,0.5680475375136657
717,103,3,PX-003,negation to lock formation,0.6327106259384062,0.5137677677193379,0.5192929286765249,0.5946649518739743,0.4252532822542113,0.4964901793841526,0.5680475375136657
718,103,4,PX-004,lagged temporal recursion,0.6327106259384062,0.5137677677193379,0.5192929286765249,0.5883194725213613,0.4489227102614423,0.4964901793841526,0.5680475375136657
719,103,5,PX-005,false signal injection,0.6327106259384062,0.5137677677193379,0.5192929286765249,0.5883194725213613,0.47368689629585586,0.4964901793841526,0.5680475375136657
720,103,6,PX-006,signal to unstable utterance,0.6327106259384062,0.5137677677193379,0.5192929286765249,0.5883194725213613,0.47368689629585586,0.4964900993147639,0.5870442936187705
721,103,7,PX-007,silence feedback reset,0.567342097490458,0.4933386484472441,0.5192929286765249,0.5883194725213613,0.42525308720896743,0.4964900993147639,0.5680476265092202
722,104,1,PX-001,amplify identity fracture,0.6188555887841827,0.4849314529977724,0.5192929286765249,0.5883194725213613,0.42525308720896743,0.4964900993147639,0.5680476265092202
723,104,2,PX-002,fracture to access recursion,0.6188555887841827,0.5137674783413211,0.5192929286765249,0.5946647145159091,0.42525308720896743,0.4964900993147639,0.5680476265092202
724,104,3,PX-003,negation to lock formation,0.6327103749954963,0.5137674783413211,0.5192927181409166,0.5946647145159091,0.42525308720896743,0.4964900993147639,0.5680476265092202
725,104,4,PX-004,lagged temporal recursion,0.6327103749954963,0.5137674783413211,0.5192927181409166,0.5883192374136902,0.44892251378970394,0.4964900993147639,0.5680476265092202
726,104,5,PX-005,false signal injection,0.6327103749954963,0.5137674783413211,0.5192927181409166,0.5883192374136902,0.4736866895103534,0.4964900993147639,0.5680476265092202
727,104,6,PX-006,signal to unstable utterance,0.6327103749954963,0.5137674783413211,0.5192927181409166,0.5883192374136902,0.4736866895103534,0.49648998066802524,0.5870443725504375
728,104,7,PX-007,silence feedback reset,0.5673418802546092,0.49333836983910256,0.5192927181409166,0.5883192374136902,0.42525289982026154,0.49648998066802524,0.5680476469954056
729,105,1,PX-001,amplify identity fracture,0.6188553862880243,0.484931178834313,0.5192927181409166,0.5883192374136902,0.42525289982026154,0.49648998066802524,0.5680476469954056
730,105,2,PX-002,fracture to access recursion,0.6188553862880243,0.5137672185611595,0.5192927181409166,0.5946644798235633,0.42525289982026154,0.49648998066802524,0.5680476469954056
731,105,3,PX-003,negation to lock formation,0.632710174204513,0.5137672185611595,0.5192925061606523,0.5946644798235633,0.42525289982026154,0.49648998066802524,0.5680476469954056
732,105,4,PX-004,lagged temporal recursion,0.632710174204513,0.5137672185611595,0.5192925061606523,0.5883190123456299,0.44892232506309965,0.49648998066802524,0.5680476469954056
733,105,5,PX-005,false signal injection,0.632710174204513,0.5137672185611595,0.5192925061606523,0.5883190123456299,0.47368649152946807,0.49648998066802524,0.5680476469954056
734,105,6,PX-006,signal to unstable utterance,0.632710174204513,0.5137672185611595,0.5192925061606523,0.5883190123456299,0.47368649152946807,0.49648983612113573,0.5870443846431807
735,105,7,PX-007,silence feedback reset,0.5673417121862249,0.49333812159678725,0.5192925061606523,0.5883190123456299,0.4252527249468796,0.49648983612113573,0.5680476134026319
736,106,1,PX-001,amplify identity fracture,0.6188552314402248,0.4849309353195794,0.5192925061606523,0.5883190123456299,0.4252527249468796,0.49648983612113573,0.5680476134026319
737,106,2,PX-002,fracture to access recursion,0.6188552314402248,0.513766990917636,0.5192925061606523,0.5946642554129855,0.4252527249468796,0.49648983612113573,0.5680476134026319
738,106,3,PX-003,negation to lock formation,0.6327100194975566,0.513766990917636,0.5192923004664749,0.5946642554129855,0.4252527249468796,0.49648983612113573,0.5680476134026319
739,106,4,PX-004,lagged temporal recursion,0.6327100194975566,0.513766990917636,0.5192923004664749,0.5883188029664558,0.4489221489676035,0.49648983612113573,0.5680476134026319
740,106,5,PX-005,false signal injection,0.6327100194975566,0.513766990917636,0.5192923004664749,0.5883188029664558,0.47368630732848627,0.49648983612113573,0.5680476134026319
741,106,6,PX-006,signal to unstable utterance,0.6327100194975566,0.513766990917636,0.5192923004664749,0.5883188029664558,0.47368630732848627,0.4964896764540392,0.5870443442515462
742,106,7,PX-007,silence feedback reset,0.5673415882909929,0.4933379056858982,0.5192923004664749,0.5883188029664558,0.4252525659358136,0.4964896764540392,0.5680475388616368
743,107,1,PX-001,amplify identity fracture,0.6188551191201117,0.4849307241913373,0.5192923004664749,0.5883188029664558,0.4252525659358136,0.4964896764540392,0.5680475388616368
744,107,2,PX-002,fracture to access recursion,0.6188551191201117,0.51376679626466,0.5192923004664749,0.5946640468569255,0.4252525659358136,0.4964896764540392,0.5680475388616368
745,107,3,PX-003,negation to lock formation,0.6327099060948876,0.51376679626466,0.5192921068601678,0.5946640468569255,0.4252525659358136,0.4964896764540392,0.5680475388616368
746,107,4,PX-004,lagged temporal recursion,0.6327099060948876,0.51376679626466,0.5192921068601678,0.5883186131279303,0.44892198886733714,0.4964896764540392,0.5680475388616368
747,107,5,PX-005,false signal injection,0.6327099060948876,0.51376679626466,0.5192921068601678,0.5883186131279303,0.4736861403009317,0.4964896764540392,0.5680475388616368
748,107,6,PX-006,signal to unstable utterance,0.6327099060948876,0.51376679626466,0.5192921068601678,0.5883186131279303,0.4736861403009317,0.49648951059199237,0.5870442643914294
749,107,7,PX-007,silence feedback reset,0.5673415031343927,0.4933377225070768,0.5192921068601678,0.5883186131279303,0.42525242483948594,0.49648951059199237,0.5680474350317456
750,108,1,PX-001,amplify identity fracture,0.6188550438522679,0.4849305456708404,0.5192921068601678,0.5883186131279303,0.42525242483948594,0.49648951059199237,0.5680474350317456
751,108,2,PX-002,fracture to access recursion,0.6188550438522679,0.5137666341139213,0.5192921068601678,0.5946638579417487,0.42525242483948594,0.49648951059199237,0.5680474350317456
752,108,3,PX-003,negation to lock formation,0.632709828829419,0.5137666341139213,0.5192919294381816,0.5946638579417487,0.42525242483948594,0.49648951059199237,0.5680474350317456
753,108,4,PX-004,lagged temporal recursion,0.632709828829419,0.5137666341139213,0.5192919294381816,0.5883184451470462,0.44892184682341874,0.49648951059199237,0.5680474350317456
754,108,5,PX-005,false signal injection,0.632709828829419,0.5137666341139213,0.5192919294381816,0.5883184451470462,0.473685992489632,0.49648951059199237,0.5680474350317456
755,108,6,PX-006,signal to unstable utterance,0.632709828829419,0.5137666341139213,0.5192919294381816,0.5883184451470462,0.473685992489632,0.49648934570356673,0.5870441565809688
756,108,7,PX-007,silence feedback reset,0.5673414511290242,0.4933375712279953,0.5192919294381816,0.5883184451470462,0.4252523026302089,0.49648934570356673,0.5680473120185461
757,109,1,PX-001,amplify identity fracture,0.6188550000763958,0.4849303987903807,0.5192919294381816,0.5883184451470462,0.4252523026302089,0.49648934570356673,0.5680473120185461
758,109,2,PX-002,fracture to access recursion,0.6188550000763958,0.5137665029487141,0.5192919294381816,0.5946636909300049,0.4252523026302089,0.49648934570356673,0.5680473120185461
759,109,3,PX-003,negation to lock formation,0.6327097824130072,0.5137665029487141,0.5192917708254435,0.5946636909300049,0.4252523026302089,0.49648934570356673,0.5680473120185461
760,109,4,PX-004,lagged temporal recursion,0.6327097824130072,0.5137665029487141,0.5192917708254435,0.5883183000643399,0.4489217238099832,0.49648934570356673,0.5680473120185461
761,109,5,PX-005,false signal injection,0.6327097824130072,0.5137665029487141,0.5192917708254435,0.5883183000643399,0.473685864813922,0.49648934570356673,0.5680473120185461
762,109,6,PX-006,signal to unstable utterance,0.6327097824130072,0.5137665029487141,0.5192917708254435,0.5883183000643399,0.473685864813922,0.4964891873384015,0.5870440307689814
763,109,7,PX-007,silence feedback reset,0.5673414267637559,0.493337450085054,0.5192917708254435,0.5883183000643399,0.42525219940499187,0.4964891873384015,0.5680471783640872
764,110,1,PX-001,amplify identity fracture,0.6188549823604848,0.48493028168998953,0.5192917708254435,0.5883183000643399,0.42525219940499187,0.4964891873384015,0.5680471783640872
765,110,2,PX-002,fracture to access recursion,0.6188549823604848,0.5137664005043316,0.5192917708254435,0.5946635468182234,0.42525219940499187,0.4964891873384015,0.5680471783640872
766,110,3,PX-003,negation to lock formation,0.6327097616481033,0.5137664005043316,0.5192916324089217,0.5946635468182234,0.42525219940499187,0.4964891873384015,0.5680471783640872
767,110,4,PX-004,lagged temporal recursion,0.6327097616481033,0.5137664005043316,0.5192916324089217,0.5883181778897217,0.4489216199204445,0.4964891873384015,0.5680471783640872
768,110,5,PX-005,false signal injection,0.6327097616481033,0.5137664005043316,0.5192916324089217,0.5883181778897217,0.4736857572858941,0.4964891873384015,0.5680471783640872
769,110,6,PX-006,signal to unstable utterance,0.6327097616481033,0.5137664005043316,0.5192916324089217,0.5883181778897217,0.4736857572858941,0.49648903959110346,0.5870438953340887
770,110,7,PX-007,silence feedback reset,0.5673414247795433,0.4933373566509348,0.5192916324089217,0.5883181778897217,0.4252521145756697,0.49648903959110346,0.5680470410939105
771,111,1,PX-001,amplify identity fracture,0.6188549855623634,0.4849301918797352,0.5192916324089217,0.5883181778897217,0.4252521145756697,0.49648903959110346,0.5680470410939105
772,111,2,PX-002,fracture to access recursion,0.6188549855623634,0.5137663240126216,0.5192916324089217,0.5946634255819742,0.4252521145756697,0.49648903959110346,0.5680470410939105
773,111,3,PX-003,negation to lock formation,0.6327097615894409,0.5137663240126216,0.5192915145628328,0.5946634255819742,0.4252521145756697,0.49648903959110346,0.5680470410939105
774,111,4,PX-004,lagged temporal recursion,0.6327097615894409,0.5137663240126216,0.5192915145628328,0.5883180778299895,0.44892153455894823,0.49648903959110346,0.5680470410939105
775,111,5,PX-005,false signal injection,0.6327097615894409,0.5137663240126216,0.5192915145628328,0.5883180778299895,0.4736856692105573,0.49648903959110346,0.5680470410939105
776,111,6,PX-006,signal to unstable utterance,0.6327097615894409,0.5137663240126216,0.5192915145628328,0.5883180778299895,0.4736856692105573,0.49648890527978096,0.5870437571389331
777,111,7,PX-007,silence feedback reset,0.5673414402975642,0.4933372880662078,0.5192915145628328,0.5883180778299895,0.4252520470409511,0.49648890527978096,0.5680469058067028
778,112,1,PX-001,amplify identity fracture,0.6188550049454017,0.48493012646605543,0.5192915145628328,0.5883180778299895,0.4252520470409511,0.49648890527978096,0.5680469058067028
779,112,2,PX-002,fracture to access recursion,0.6188550049454017,0.5137662704100725,0.5192915145628328,0.5946633264024456,0.4252520470409511,0.49648890527978096,0.5680469058067028
780,112,3,PX-003,negation to lock formation,0.6327097776611574,0.5137662704100725,0.519291416859467,0.5946633264024456,0.4252520470409511,0.49648890527978096,0.5680469058067028
781,112,4,PX-004,lagged temporal recursion,0.6327097776611574,0.5137662704100725,0.519291416859467,0.5883179984941203,0.44892146661359333,0.49648890527978096,0.5680469058067028
782,112,5,PX-005,false signal injection,0.6327097776611574,0.5137662704100725,0.519291416859467,0.5883179984941203,0.473685599366464,0.49648890527978096,0.5680469058067028
783,112,6,PX-006,signal to unstable utterance,0.6327097776611574,0.5137662704100725,0.519291416859467,0.5883179984941203,0.473685599366464,0.49648878612973635,0.587043621625409
784,112,7,PX-007,silence feedback reset,0.567341468905729,0.49333724123483785,0.519291416859467,0.5883179984941203,0.425251995338369,0.49648878612973635,0.5680467767940153
785,113,1,PX-001,amplify identity fracture,0.6188550362544534,0.48493008234216084,0.519291416859467,0.5883179984941203,0.425251995338369,0.49648878612973635,0.5680467767940153
786,113,2,PX-002,fracture to access recursion,0.6188550362544534,0.5137662365102227,0.519291416859467,0.5946632478707004,0.425251995338369,0.49648878612973635,0.5680467767940153
787,113,3,PX-003,negation to lock formation,0.6327098057351056,0.5137662365102227,0.5192913382614385,0.5946632478707004,0.425251995338369,0.49648878612973635,0.5680467767940153
788,113,4,PX-004,lagged temporal recursion,0.6327098057351056,0.5137662365102227,0.5192913382614385,0.5883179380740747,0.4489214146093994,0.49648878612973635,0.5680467767940153
789,113,5,PX-005,false signal injection,0.6327098057351056,0.5137662365102227,0.5192913382614385,0.5883179380740747,0.4736855461648083,0.49648878612973635,0.5680467767940153
790,113,6,PX-006,signal to unstable utterance,0.6327098057351056,0.5137662365102227,0.5192913382614385,0.5883179380740747,0.4736855461648083,0.49648868295475246,0.5870434929385139
791,113,7,PX-007,silence feedback reset,0.5673415067097491,0.49333721298474026,0.5192913382614385,0.5883179380740747,0.42525195777526303,0.49648868295475246,0.5680466571792134
792,114,1,PX-001,amplify identity fracture,0.6188550757581753,0.4849300563437975,0.5192913382614385,0.5883179380740747,0.42525195777526303,0.49648868295475246,0.5680466571792134
793,114,2,PX-002,fracture to access recursion,0.6188550757581753,0.5137662191422483,0.5192913382614385,0.5946631881674057,0.42525195777526303,0.49648868295475246,0.5680466571792134
794,114,3,PX-003,negation to lock formation,0.6327098421761983,0.5137662191422483,0.5192912772927482,0.5946631881674057,0.42525195777526303,0.49648868295475246,0.5680466571792134
795,114,4,PX-004,lagged temporal recursion,0.6327098421761983,0.5137662191422483,0.5192912772927482,0.5883178945002087,0.4489213768401472,0.49648868295475246,0.5680466571792134
796,114,5,PX-005,false signal injection,0.6327098421761983,0.5137662191422483,0.5192912772927482,0.5883178945002087,0.47368550778619295,0.49648868295475246,0.5680466571792134
797,114,6,PX-006,signal to unstable utterance,0.6327098421761983,0.5137662191422483,0.5192912772927482,0.5883178945002087,0.47368550778619295,0.49648859583016786,0.5870433740681579
798,114,7,PX-007,silence feedback reset,0.5673415503548095,0.49333720019549765,0.5192912772927482,0.5883178945002087,0.42525193253885196,0.49648859583016786,0.5680465490665499
799,115,1,PX-001,amplify identity fracture,0.6188551202636768,0.48493004537258144,0.5192912772927482,0.5883178945002087,0.42525193253885196,0.49648859583016786,0.5680465490665499
800,115,2,PX-002,fracture to access recursion,0.6188551202636768,0.5137662152583661,0.5192912772927482,0.5946631452171753,0.42525193253885196,0.49648859583016786,0.5680465490665499
801,115,3,PX-003,negation to lock formation,0.6327098838604893,0.5137662152583661,0.5192912321873602,0.5946631452171753,0.42525193253885196,0.49648859583016786,0.5680465490665499
802,115,4,PX-004,lagged temporal recursion,0.6327098838604893,0.5137662152583661,0.5192912321873602,0.5883178655714701,0.44892135147915685,0.49648859583016786,0.5680465490665499
803,115,5,PX-005,false signal injection,0.6327098838604893,0.5137662152583661,0.5192912321873602,0.5883178655714701,0.4736854822952208,0.49648859583016786,0.5680465490665499
804,115,6,PX-006,signal to unstable utterance,0.6327098838604893,0.5137662152583661,0.5192912321873602,0.5883178655714701,0.4736854822952208,0.49648852425350465,0.587043267000007
805,115,7,PX-007,silence feedback reset,0.5673415970235892,0.49333719989603414,0.5192912321873602,0.5883178655714701,0.42525191778617,0.49648852425350465,0.5680464536929091
806,116,1,PX-001,amplify identity fracture,0.6188551671091043,0.4849300464897622,0.5192912321873602,0.5883178655714701,0.42525191778617,0.49648852425350465,0.5680464536929091
807,116,2,PX-002,fracture to access recursion,0.6188551671091043,0.5137662220131872,0.5192912321873602,0.5946631168177403,0.42525191778617,0.49648852425350465,0.5680464536929091
808,116,3,PX-003,negation to lock formation,0.6327099281713864,0.5137662220131872,0.5192912010150706,0.5946631168177403,0.42525191778617,0.49648852425350465,0.5680464536929091
809,116,4,PX-004,lagged temporal recursion,0.6327099281713864,0.5137662220131872,0.5192912010150706,0.5883178490614063,0.4489213366697846,0.49648852425350465,0.5680464536929091
810,116,5,PX-005,false signal injection,0.6327099281713864,0.5137662220131872,0.5192912010150706,0.5883178490614063,0.4736854677338066,0.49648852425350465,0.5680464536929091
811,116,6,PX-006,signal to unstable utterance,0.6327099281713864,0.5137662220131872,0.5192912010150706,0.5883178490614063,0.4736854677338066,0.49648846728978485,0.5870431728680858
812,116,7,PX-007,silence feedback reset,0.5673416444159282,0.49333720933547237,0.5192912010150706,0.5883178490614063,0.4252519117151742,0.49648846728978485,0.5680463715763279
813,117,1,PX-001,amplify identity fracture,0.6188552141393001,0.48493005698367414,0.5192912010150706,0.5883178490614063,0.4252519117151742,0.49648846728978485,0.5680463715763279
814,117,2,PX-002,fracture to access recursion,0.6188552141393001,0.5137662368184518,0.5192912010150706,0.5946631007449977,0.4252519117151742,0.49648846728978485,0.5680463715763279
815,117,3,PX-003,negation to lock formation,0.6327099729789634,0.5137662368184518,0.5192911817852878,0.5946631007449977,0.4252519117151742,0.49648846728978485,0.5680463715763279
816,117,4,PX-004,lagged temporal recursion,0.6327099729789634,0.5137662368184518,0.5192911817852878,0.5883178428016211,0.4489213305969601,0.49648846728978485,0.5680463715763279
817,117,5,PX-005,false signal injection,0.6327099729789634,0.5137662368184518,0.5192911817852878,0.5883178428016211,0.47368546219465246,0.49648846728978485,0.5680463715763279
818,117,6,PX-006,signal to unstable utterance,0.6327099729789634,0.5137662368184518,0.5192911817852878,0.5883178428016211,0.47368546219465246,0.4964884236998404,0.5870430921034181
819,117,7,PX-007,silence feedback reset,0.5673416907149075,0.49333722603062796,0.5192911817852878,0.5883178428016211,0.4252519126187004,0.4964884236998404,0.5680463026568131
820,118,1,PX-001,amplify identity fracture,0.6188552596691274,0.48493007441433794,0.5192911817852878,0.5883178428016211,0.4252519126187004,0.4964884236998404,0.5680463026568131
821,118,2,PX-002,fracture to access recursion,0.6188552596691274,0.5137662573766721,0.5192911817852878,0.5946630948355981,0.4252519126187004,0.4964884236998404,0.5680463026568131
822,118,3,PX-003,negation to lock formation,0.6327100166068311,0.5137662573766721,0.5192911725299787,0.5946630948355981,0.4252519126187004,0.4964884236998404,0.5680463026568131
823,118,4,PX-004,lagged temporal recursion,0.6327100166068311,0.5137662573766721,0.5192911725299787,0.5883178447447523,0.4489213315414538,0.4964884236998404,0.5680463026568131
824,118,5,PX-005,false signal injection,0.6327100166068311,0.5137662573766721,0.5192911725299787,0.5883178447447523,0.4736854638767026,0.4964884236998404,0.5680463026568131
825,118,6,PX-006,signal to unstable utterance,0.6327100166068311,0.5137662573766721,0.5192911725299787,0.5883178447447523,0.4736854638767026,0.49648839205089046,0.5870430245743821
826,118,7,PX-007,silence feedback reset,0.5673417345435345,0.493337247793643,0.5192911725299787,0.5883178447447523,0.42525191892317304,0.49648839205089046,0.5680462464262347
827,119,1,PX-001,amplify identity fracture,0.6188553024384695,0.4849300966387002,0.5192911725299787,0.5883178447447523,0.42525191892317304,0.49648839205089046,0.5680462464262347
828,119,2,PX-002,fracture to access recursion,0.6188553024384695,0.5137662816971718,0.5192911725299787,0.5946630970491493,0.42525191892317304,0.49648839205089046,0.5680462464262347
829,119,3,PX-003,negation to lock formation,0.632710057790476,0.5137662816971718,0.5192911713674889,0.5946630970491493,0.42525191892317304,0.49648839205089046,0.5680462464262347
830,119,4,PX-004,lagged temporal recursion,0.632710057790476,0.5137662816971718,0.5192911713674889,0.5883178530092925,0.4489213379187961,0.49648839205089046,0.5680462464262347
831,119,5,PX-005,false signal injection,0.632710057790476,0.5137662816971718,0.5192911713674889,0.5883178530092925,0.47368547112462367,0.49648839205089046,0.5680462464262347
832,119,6,PX-006,signal to unstable utterance,0.632710057790476,0.5137662816971718,0.5192911713674889,0.5883178530092925,0.47368547112462367,0.4964883708094402,0.5870429697157072
833,119,7,PX-007,silence feedback reset,0.5673417749156228,0.49333727274318545,0.5192911713674889,0.5883178530092925,0.4252519292140863,0.4964883708094402,0.568046202045169
834,120,1,PX-001,amplify identity fracture,0.6188553415623205,0.4849301218199128,0.5192911713674889,0.5883178530092925,0.4252519292140863,0.4964883708094402,0.568046202045169
835,120,2,PX-002,fracture to access recursion,0.6188553415623205,0.5137663080978515,0.5192911713674889,0.5946631055123689,0.4252519292140863,0.4964883708094402,0.568046202045169
836,120,3,PX-003,negation to lock formation,0.6327100956304095,0.5137663080978515,0.5192911765492322,0.5946631055123689,0.4252519292140863,0.4964883708094402,0.568046202045169
837,120,4,PX-004,lagged temporal recursion,0.6327100956304095,0.5137663080978515,0.5192911765492322,0.5883178659087026,0.4489213483048802,0.4964883708094402,0.568046202045169
838,120,5,PX-005,false signal injection,0.6327100956304095,0.5137663080978515,0.5192911765492322,0.5883178659087026,0.47368548245446135,0.4964883708094402,0.568046202045169
839,120,6,PX-006,signal to unstable utterance,0.6327100956304095,0.5137663080978515,0.5192911765492322,0.5883178659087026,0.47368548245446135,0.49648835841716216,0.587042926644112
840,120,7,PX-007,silence feedback reset,0.567341811183869,0.49333729930245557,0.5192911765492322,0.5883178659087026,0.4252519422502893,0.49648835841716216,0.5680461684454924
841,121,1,PX-001,amplify identity fracture,0.6188553764787936,0.4849301484238554,0.5192911765492322,0.5883178659087026,0.4252519422502893,0.49648835841716216,0.5680461684454924
842,121,2,PX-002,fracture to access recursion,0.6188553764787936,0.5137663351957773,0.5192911765492322,0.5946631185476324,0.4252519422502893,0.49648835841716216,0.5680461684454924
843,121,3,PX-003,negation to lock formation,0.632710129542914,0.5137663351957773,0.5192911864914053,0.5946631185476324,0.4252519422502893,0.49648835841716216,0.5680461684454924
844,121,4,PX-004,lagged temporal recursion,0.632710129542914,0.5137663351957773,0.5192911864914053,0.5883178819672716,0.4489213614502972,0.49648835841716216,0.5680461684454924
845,121,5,PX-005,false signal injection,0.632710129542914,0.5137663351957773,0.5192911864914053,0.5883178819672716,0.4736854965676329,0.49648835841716216,0.5680461684454924
846,121,6,PX-006,signal to unstable utterance,0.632710129542914,0.5137663351957773,0.5192911864914053,0.5883178819672716,0.4736854965676329,0.4964883533508692,0.5870428942594936
847,121,7,PX-007,silence feedback reset,0.5673418429875612,0.49333732618698606,0.5192911864914053,0.5883178819672716,0.4252519569690538,0.4964883533508692,0.568046144418288
848,122,1,PX-001,amplify identity fracture,0.618855406897329,0.4849301752058417,0.5192911864914053,0.5883178819672716,0.4252519569690538,0.4964883533508692,0.568046144418288
849,122,2,PX-002,fracture to access recursion,0.618855406897329,0.5137663618893881,0.5192911864914053,0.5946631346883694,0.4252519569690538,0.4964883533508692,0.568046144418288
850,122,3,PX-003,negation to lock formation,0.6327101592106369,0.5137663618893881,0.5192911997939297,0.5946631346883694,0.4252519569690538,0.4964883533508692,0.568046144418288
851,122,4,PX-004,lagged temporal recursion,0.6327101592106369,0.5137663618893881,0.5192911997939297,0.5883178999251002,0.44892137628539575,0.4964883533508692,0.568046144418288
852,122,5,PX-005,false signal injection,0.6327101592106369,0.5137663618893881,0.5192911997939297,0.5883178999251002,0.47368551235534545,0.4964883533508692,0.568046144418288
853,122,6,PX-006,signal to unstable utterance,0.6327101592106369,0.5137663618893881,0.5192911997939297,0.5883178999251002,0.47368551235534545,0.49648835416799975,0.5870428713313277
854,122,7,PX-007,silence feedback reset,0.5673418702018281,0.49333735238491844,0.5192911997939297,0.5883178999251002,0.425251972483782,0.49648835416799975,0.5680461286872406
855,123,1,PX-001,amplify identity fracture,0.6188554327488643,0.48493020119014646,0.5192911997939297,0.5883178999251002,0.425251972483782,0.49648835416799975,0.5680461286872406
856,123,2,PX-002,fracture to access recursion,0.6188554327488643,0.5137663873348012,0.5192911997939297,0.5946631526836768,0.425251972483782,0.49648835416799975,0.5680461286872406
857,123,3,PX-003,negation to lock formation,0.6327101845347963,0.5137663873348012,0.5192912152487824,0.5946631526836768,0.425251972483782,0.49648835416799975,0.5680461286872406
858,123,4,PX-004,lagged temporal recursion,0.6327101845347963,0.5137663873348012,0.5192912152487824,0.5883179187344351,0.4489213919179364,0.49648835416799975,0.5680461286872406
859,123,5,PX-005,false signal injection,0.6327101845347963,0.5137663873348012,0.5192912152487824,0.5883179187344351,0.4736855288954012,0.49648835416799975,0.5680461286872406
860,123,6,PX-006,signal to unstable utterance,0.6327101845347963,0.5137663873348012,0.5192912152487824,0.5883179187344351,0.4736855288954012,0.4964883595392274,0.5870428565705244
861,123,7,PX-007,silence feedback reset,0.5673418928898631,0.49333737713210973,0.5192912152487824,0.5883179187344351,0.4252519880760635,0.4964883595392274,0.5680461199681597
862,124,1,PX-001,amplify identity fracture,0.6188554541392798,0.4849302256446548,0.5192912152487824,0.5883179187344351,0.4252519880760635,0.4964883595392274,0.5680461199681597
863,124,2,PX-002,fracture to access recursion,0.6188554541392798,0.5137664109183466,0.5192912152487824,0.5946631714943712,0.4252519880760635,0.4964883595392274,0.5680461199681597
864,124,3,PX-003,negation to lock formation,0.6327102055903114,0.5137664109183466,0.5192912318397698,0.5946631714943712,0.4252519880760635,0.4964883595392274,0.5680461199681597
865,124,4,PX-004,lagged temporal recursion,0.6327102055903114,0.5137664109183466,0.5192912318397698,0.5883179375493988,0.44892140762506305,0.4964883595392274,0.5680461199681597
866,124,5,PX-005,false signal injection,0.6327102055903114,0.5137664109183466,0.5192912318397698,0.5883179375493988,0.47368554544318614,0.4964883595392274,0.5680461199681597
867,124,6,PX-006,signal to unstable utterance,0.6327102055903114,0.5137664109183466,0.5192912318397698,0.5883179375493988,0.47368554544318614,0.49648836826990256,0.5870428486874464
868,124,7,PX-007,silence feedback reset,0.5673419112591364,0.4933373998840814,0.5192912318397698,0.5883179375493988,0.4252520031836091,0.49648836826990256,0.5680461170156199
869,125,1,PX-001,amplify identity fracture,0.6188554713070178,0.4849302480525993,0.5192912318397698,0.5883179375493988,0.4252520031836091,0.49648836826990256,0.5680461170156199
870,125,2,PX-002,fracture to access recursion,0.6188554713070178,0.5137664322271249,0.5192912318397698,0.5946631902825132,0.4252520031836091,0.49648836826990256,0.5680461170156199
871,125,3,PX-003,negation to lock formation,0.6327102225847794,0.5137664322271249,0.5192912487356451,0.5946631902825132,0.4252520031836091,0.49648836826990256,0.5680461170156199
872,125,4,PX-004,lagged temporal recursion,0.6327102225847794,0.5137664322271249,0.5192912487356451,0.5883179557109309,0.4489214228411271,0.49648836826990256,0.5680461170156199
873,125,5,PX-005,false signal injection,0.6327102225847794,0.5137664322271249,0.5192912487356451,0.5883179557109309,0.4736855614184414,0.49648836826990256,0.5680461170156199
874,125,6,PX-006,signal to unstable utterance,0.6327102225847794,0.5137664322271249,0.5192912487356451,0.5883179557109309,0.4736855614184414,0.49648837931204476,0.5870428464371187
875,125,7,PX-007,silence feedback reset,0.5673419256222427,0.4933374202864903,0.5192912487356451,0.5883179557109309,0.42525201738539253,0.49648837931204476,0.568046118657933
876,126,1,PX-001,amplify identity fracture,0.6188554845854387,0.4849302680830166,0.5192912487356451,0.5883179557109309,0.42525201738539253,0.49648837931204476,0.568046118657933
877,126,2,PX-002,fracture to access recursion,0.6188554845854387,0.5137664510190554,0.5192912487356451,0.5946632083962109,0.42525201738539253,0.49648837931204476,0.568046118657933
878,126,3,PX-003,negation to lock formation,0.632710235821884,0.5137664510190554,0.5192912652782813,0.5946632083962109,0.42525201738539253,0.49648837931204476,0.568046118657933
879,126,4,PX-004,lagged temporal recursion,0.632710235821884,0.5137664510190554,0.5192912652782813,0.5883179727285273,0.4489214371427071,0.49648837931204476,0.568046118657933
880,126,5,PX-005,false signal injection,0.632710235821884,0.5137664510190554,0.5192912652782813,0.5883179727285273,0.4736855763892139,0.49648837931204476,0.568046118657933
881,126,6,PX-006,signal to unstable utterance,0.632710235821884,0.5137664510190554,0.5192912652782813,0.5883179727285273,0.4736855763892139,0.4964883917685556,0.5870428486528817
882,126,7,PX-007,silence feedback reset,0.5673419363627312,0.49333743814548103,0.5192912652782813,0.5883179727285273,0.4252520303851391,0.4964883917685556,0.5680461238218105
883,127,1,PX-001,amplify identity fracture,0.6188554943701806,0.48493028556123935,0.5192912652782813,0.5883179727285273,0.4252520303851391,0.4964883917685556,0.5680461238218105
884,127,2,PX-002,fracture to access recursion,0.6188554943701806,0.5137664671935733,0.5192912652782813,0.5946632253512778,0.4252520303851391,0.4964883917685556,0.5680461238218105
885,127,3,PX-003,negation to lock formation,0.6327102456695344,0.5137664671935733,0.5192912809674052,0.5946632253512778,0.4252520303851391,0.4964883917685556,0.5680461238218105
886,127,4,PX-004,lagged temporal recursion,0.6327102456695344,0.5137664671935733,0.5192912809674052,0.588317988260123,0.44892145023196744,0.4964883917685556,0.5680461238218105
887,127,5,PX-005,false signal injection,0.6327102456695344,0.5137664671935733,0.5192912809674052,0.588317988260123,0.47368559005416905,0.4964883917685556,0.5680461238218105
888,127,6,PX-006,signal to unstable utterance,0.6327102456695344,0.5137664671935733,0.5192912809674052,0.588317988260123,0.47368559005416905,0.49648840489122503,0.5870428542698657
889,127,7,PX-007,silence feedback reset,0.5673419439060079,0.4933374533989811,0.5192912809674052,0.588317988260123,0.4252520419941032,0.49648840489122503,0.5680461315481335
890,128,1,PX-001,amplify identity fracture,0.6188555010915578,0.4849303004404481,0.5192912809674052,0.588317988260123,0.4252520419941032,0.49648840489122503,0.5680461315481335
891,128,2,PX-002,fracture to access recursion,0.6188555010915578,0.5137664807638589,0.5192912809674052,0.5946632408110846,0.4252520419941032,0.49648840489122503,0.5680461315481335
892,128,3,PX-003,negation to lock formation,0.6327102525328026,0.5137664807638589,0.5192912954431895,0.5946632408110846,0.4252520419941032,0.49648840489122503,0.5680461315481335
893,128,4,PX-004,lagged temporal recursion,0.6327102525328026,0.5137664807638589,0.5192912954431895,0.5883180020912344,0.44892146191930643,0.49648840489122503,0.5680461315481335
894,128,5,PX-005,false signal injection,0.6327102525328026,0.5137664807638589,0.5192912954431895,0.5883180020912344,0.4736856022242488,0.49648840489122503,0.5680461315481335
895,128,6,PX-006,signal to unstable utterance,0.6327102525328026,0.5137664807638589,0.5192912954431895,0.5883180020912344,0.4736856022242488,0.49648841807397326,0.5870428623397165
896,128,7,PX-007,silence feedback reset,0.5673419486952087,0.49333746608973583,0.5192912954431895,0.5883180020912344,0.42525205211389383,0.49648841807397326,0.5680461410002441
897,129,1,PX-001,amplify identity fracture,0.61885550519185,0.48493031277504245,0.5192912954431895,0.5883180020912344,0.42525205211389383,0.49648841807397326,0.5680461410002441
898,129,2,PX-002,fracture to access recursion,0.61885550519185,0.5137664918312286,0.5192912954431895,0.5946632545657041,0.42525205211389383,0.49648841807397326,0.5680461410002441
899,129,3,PX-003,negation to lock formation,0.632710256831545,0.5137664918312286,0.5192913084677818,0.5946632545657041,0.42525205211389383,0.49648841807397326,0.5680461410002441
900,129,4,PX-004,lagged temporal recursion,0.632710256831545,0.5137664918312286,0.5192913084677818,0.5883180141142502,0.44892147210605543,0.49648841807397326,0.5680461410002441
901,129,5,PX-005,false signal injection,0.632710256831545,0.5137664918312286,0.5192913084677818,0.5883180141142502,0.473685612804458,0.49648841807397326,0.5680461410002441
902,129,6,PX-006,signal to unstable utterance,0.632710256831545,0.5137664918312286,0.5192913084677818,0.5883180141142502,0.473685612804458,0.49648843084261723,0.5870428720379921
903,129,7,PX-007,silence feedback reset,0.5673419511717864,0.49333747634063996,0.5192913084677818,0.5883180141142502,0.42525206071993804,0.49648843084261723,0.5680461514661219
904,130,1,PX-001,amplify identity fracture,0.6188555071071928,0.48493032269636066,0.5192913084677818,0.5883180141142502,0.42525206071993804,0.49648843084261723,0.5680461514661219
905,130,2,PX-002,fracture to access recursion,0.6188555071071928,0.5137665005621066,0.5192913084677818,0.5946632665112396,0.42525206071993804,0.49648843084261723,0.5680461514661219
906,130,3,PX-003,negation to lock formation,0.6327102589824549,0.5137665005621066,0.5192913199066531,0.5946632665112396,0.42525206071993804,0.49648843084261723,0.5680461514661219
907,130,4,PX-004,lagged temporal recursion,0.6327102589824549,0.5137665005621066,0.5192913199066531,0.5883180243085665,0.4489214807678247,0.49648843084261723,0.5680461514661219
908,130,5,PX-005,false signal injection,0.6327102589824549,0.5137665005621066,0.5192913199066531,0.5883180243085665,0.47368562177638923,0.49648843084261723,0.5680461514661219
909,130,6,PX-006,signal to unstable utterance,0.6327102589824549,0.5137665005621066,0.5192913199066531,0.5883180243085665,0.47368562177638923,0.49648844284228844,0.5870428826655917
910,130,7,PX-007,silence feedback reset,0.5673419517604485,0.49333748433272023,0.5192913199066531,0.5883180243085665,0.42525206784602004,0.49648844284228844,0.5680461623557227
911,131,1,PX-001,amplify identity fracture,0.6188555072536889,0.4849303303910774,0.5192913199066531,0.5883180243085665,0.42525206784602004,0.49648844284228844,0.5680461623557227
912,131,2,PX-002,fracture to access recursion,0.6188555072536889,0.5137665071678121,0.5192913199066531,0.5946632766300145,0.42525206784602004,0.49648844284228844,0.5680461623557227
913,131,3,PX-003,negation to lock formation,0.6327102593851923,0.5137665071678121,0.5192913297104581,0.5946632766300145,0.42525206784602004,0.49648844284228844,0.5680461623557227
914,131,4,PX-004,lagged temporal recursion,0.6327102593851923,0.5137665071678121,0.5192913297104581,0.5883180327220701,0.44892148793893355,0.49648844284228844,0.5680461623557227
915,131,5,PX-005,false signal injection,0.6327102593851923,0.5137665071678121,0.5192913297104581,0.5883180327220701,0.47368562918193424,0.49648844284228844,0.5680461623557227
916,131,6,PX-006,signal to unstable utterance,0.6327102593851923,0.5137665071678121,0.5192913297104581,0.5883180327220701,0.47368562918193424,0.49648845382346074,0.587042893645486
917,131,7,PX-007,silence feedback reset,0.5673419508580102,0.49333749028595447,0.5192913297104581,0.5883180327220701,0.4252520735701975,0.49648845382346074,0.5680461731946397
918,132,1,PX-001,amplify identity fracture,0.6188555060172876,0.48493033608244296,0.5192913297104581,0.5883180327220701,0.4252520735701975,0.49648845382346074,0.5680461731946397
919,132,2,PX-002,fracture to access recursion,0.6188555060172876,0.5137665118872452,0.5192913297104581,0.594663284972128,0.4252520735701975,0.49648845382346074,0.5680461731946397
920,132,3,PX-003,negation to lock formation,0.6327102584121773,0.5137665118872452,0.5192913378979266,0.594663284972128,0.4252520735701975,0.49648845382346074,0.5680461731946397
921,132,4,PX-004,lagged temporal recursion,0.6327102584121773,0.5137665118872452,0.5192913378979266,0.588318039454322,0.4489214936982308,0.49648845382346074,0.5680461731946397
922,132,5,PX-005,false signal injection,0.6327102584121773,0.5137665118872452,0.5192913378979266,0.588318039454322,0.4736856351084876,0.49648845382346074,0.5680461731946397
923,132,6,PX-006,signal to unstable utterance,0.6327102584121773,0.5137665118872452,0.5192913378979266,0.588318039454322,0.4736856351084876,0.49648846362738464,0.5870429045159036
924,132,7,PX-007,silence feedback reset,0.5673419488256882,0.4933374944429689,0.5192913378979266,0.588318039454322,0.4252520780022847,0.49648846362738464,0.568046183615124
925,133,1,PX-001,amplify identity fracture,0.6188555037469595,0.48493034001439167,0.5192913378979266,0.588318039454322,0.4252520780022847,0.49648846362738464,0.568046183615124
926,133,2,PX-002,fracture to access recursion,0.6188555037469595,0.5137665149724364,0.5192913378979266,0.5946632916387192,0.4252520780022847,0.49648846362738464,0.568046183615124
927,133,3,PX-003,negation to lock formation,0.6327102564015922,0.5137665149724364,0.5192913445401587,0.5946632916387192,0.4252520780022847,0.49648846362738464,0.568046183615124
928,133,4,PX-004,lagged temporal recursion,0.6327102564015922,0.5137665149724364,0.5192913445401587,0.5883180446416523,0.4489214981564931,0.49648846362738464,0.568046183615124
929,133,5,PX-005,false signal injection,0.6327102564015922,0.5137665149724364,0.5192913445401587,0.5883180446416523,0.4736856396758309,0.49648846362738464,0.568046183615124
930,133,6,PX-006,signal to unstable utterance,0.6327102564015922,0.5137665149724364,0.5192913445401587,0.5883180446416523,0.4736856396758309,0.49648847217156766,0.5870429149209926
931,133,7,PX-007,silence feedback reset,0.567341945984342,0.493337497055548,0.5192913445401587,0.5883180446416523,0.4252520812729916,0.49648847217156766,0.5680461933453615
932,134,1,PX-001,amplify identity fracture,0.6188555007506703,0.48493034243844,0.5192913445401587,0.5883180446416523,0.4252520812729916,0.49648847217156766,0.5680461933453615
933,134,2,PX-002,fracture to access recursion,0.6188555007506703,0.5137665166768323,0.5192913445401587,0.5946632967671472,0.4252520812729916,0.49648847217156766,0.5680461933453615
934,134,3,PX-003,negation to lock formation,0.6327102536531266,0.5137665166768323,0.5192913497465601,0.5946632967671472,0.4252520812729916,0.49648847217156766,0.5680461933453615
935,134,4,PX-004,lagged temporal recursion,0.6327102536531266,0.5137665166768323,0.5192913497465601,0.5883180484442639,0.4489215014454929,0.49648847217156766,0.5680461933453615
936,134,5,PX-005,false signal injection,0.6327102536531266,0.5137665166768323,0.5192913497465601,0.5883180484442639,0.47368564302478466,0.49648847217156766,0.5680461933453615
937,134,6,PX-006,signal to unstable utterance,0.6327102536531266,0.5137665166768323,0.5192913497465601,0.5883180484442639,0.47368564302478466,0.4964884794357991,0.5870429245998452
938,134,7,PX-007,silence feedback reset,0.5673419426121774,0.49333749837380675,0.5192913497465601,0.5883180484442639,0.42525208352473426,0.4964884794357991,0.5680462021977655
939,135,1,PX-001,amplify identity fracture,0.6188554972936788,0.48493034360321713,0.5192913497465601,0.5883180484442639,0.42525208352473426,0.4964884794357991,0.5680462021977655
940,135,2,PX-002,fracture to access recursion,0.6188554972936788,0.513766517246121,0.5192913497465601,0.5946633005181803,0.42525208352473426,0.4964884794357991,0.5680462021977655
941,135,3,PX-003,negation to lock formation,0.6327102504260104,0.513766517246121,0.5192913536525484,0.5946633005181803,0.42525208352473426,0.4964884794357991,0.5680462021977655
942,135,4,PX-004,lagged temporal recursion,0.6327102504260104,0.513766517246121,0.5192913536525484,0.588318051035354,0.4489215037087494,0.4964884794357991,0.5680462021977655
943,135,5,PX-005,false signal injection,0.6327102504260104,0.513766517246121,0.5192913536525484,0.588318051035354,0.47368564530763346,0.4964884794357991,0.5680462021977655
944,135,6,PX-006,signal to unstable utterance,0.6327102504260104,0.513766517246121,0.5192913536525484,0.588318051035354,0.47368564530763346,0.49648848544908664,0.5870429333746281
945,135,7,PX-007,silence feedback reset,0.5673419389444515,0.49333749863781506,0.5192913536525484,0.588318051035354,0.42525208490406785,0.49648848544908664,0.5680462100569136
946,136,1,PX-001,amplify identity fracture,0.6188554935987058,0.48493034374641003,0.5192913536525484,0.588318051035354,0.42525208490406785,0.49648848544908664,0.5680462100569136
947,136,2,PX-002,fracture to access recursion,0.6188554935987058,0.5137665169113582,0.5192913536525484,0.5946633030651993,0.42525208490406785,0.49648848544908664,0.5680462100569136
948,136,3,PX-003,negation to lock formation,0.6327102469388953,0.5137665169113582,0.5192913564090673,0.5946633030651993,0.42525208490406785,0.49648848544908664,0.5680462100569136
949,136,4,PX-004,lagged temporal recursion,0.6327102469388953,0.5137665169113582,0.5192913564090673,0.5883180525921852,0.4489215050939139,0.49648848544908664,0.5680462100569136
950,136,5,PX-005,false signal injection,0.6327102469388953,0.5137665169113582,0.5192913564090673,0.5883180525921852,0.4736856466802671,0.49648848544908664,0.5680462100569136
951,136,6,PX-006,signal to unstable utterance,0.6327102469388953,0.5137665169113582,0.5192913564090673,0.5883180525921852,0.4736856466802671,0.4964884902777608,0.5870429411384335
952,136,7,PX-007,silence feedback reset,0.567341935174742,0.49333749807142535,0.5192913564090673,0.5883180525921852,0.42525208555564714,0.4964884902777608,0.5680462168676288
953,137,1,PX-001,amplify identity fracture,0.6188554898475515,0.48493034308887295,0.5192913564090673,0.5883180525921852,0.42525208555564714,0.4964884902777608,0.5680462168676288
954,137,2,PX-002,fracture to access recursion,0.6188554898475515,0.5137665158841234,0.5192913564090673,0.5946633045853483,0.42525208555564714,0.4964884902777608,0.5680462168676288
955,137,3,PX-003,negation to lock formation,0.6327102433711822,0.5137665158841234,0.519291358173877,0.5946633045853483,0.42525208555564714,0.4964884902777608,0.5680462168676288
956,137,4,PX-004,lagged temporal recursion,0.6327102433711822,0.5137665158841234,0.519291358173877,0.58831805328899,0.44892150574669376,0.4964884902777608,0.5680462168676288
957,137,5,PX-005,false signal injection,0.6327102433711822,0.5137665158841234,0.519291358173877,0.58831805328899,0.47368564729593315,0.4964884902777608,0.5680462168676288
958,137,6,PX-006,signal to unstable utterance,0.6327102433711822,0.5137665158841234,0.519291358173877,0.58831805328899,0.47368564729593315,0.4964884940149041,0.5870429478433355
959,137,7,PX-007,silence feedback reset,0.567341931457394,0.49333749687803125,0.519291358173877,0.58831805328899,0.4252520856175896,0.4964884940149041,0.5680462226235887
960,138,1,PX-001,amplify identity fracture,0.6188554861837858,0.48493034183062694,0.519291358173877,0.58831805328899,0.4252520856175896,0.4964884940149041,0.5680462226235887
961,138,2,PX-002,fracture to access recursion,0.6188554861837858,0.5137665143534287,0.519291358173877,0.5946633052525085,0.4252520856175896,0.4964884940149041,0.5680462226235887
962,138,3,PX-003,negation to lock formation,0.6327102398654258,0.5137665143534287,0.5192913591045308,0.5946633052525085,0.4252520856175896,0.4964884940149041,0.5680462226235887
963,138,4,PX-004,lagged temporal recursion,0.6327102398654258,0.5137665143534287,0.5192913591045308,0.5883180532915483,0.44892150580618817,0.4964884940149041,0.5680462226235887
964,138,5,PX-005,false signal injection,0.6327102398654258,0.5137665143534287,0.5192913591045308,0.5883180532915483,0.4736856473004633,0.4964884940149041,0.5680462226235887
965,138,6,PX-006,signal to unstable utterance,0.6327102398654258,0.5137665143534287,0.5192913591045308,0.5883180532915483,0.4736856473004633,0.49648849677118195,0.5870429534890265
966,138,7,PX-007,silence feedback reset,0.5673419279107986,0.4933374952379803,0.5192913591045308,0.5883180532915483,0.4252520852180914,0.49648849677118195,0.5680462273567456
967,139,1,PX-001,amplify identity fracture,0.6188554827161826,0.4849303401484735,0.5192913591045308,0.5883180532915483,0.4252520852180914,0.49648849677118195,0.5680462273567456
968,139,2,PX-002,fracture to access recursion,0.6188554827161826,0.5137665124841002,0.5192913591045308,0.5946633052319403,0.4252520852180914,0.49648849677118195,0.5680462273567456
969,139,3,PX-003,negation to lock formation,0.6327102365304983,0.5137665124841002,0.5192913593529134,0.5946633052319403,0.4252520852180914,0.49648849677118195,0.5680462273567456
970,139,4,PX-004,lagged temporal recursion,0.6327102365304983,0.5137665124841002,0.5192913593529134,0.5883180527532607,0.4489215054014856,0.49648849677118195,0.5680462273567456
971,139,5,PX-005,false signal injection,0.6327102365304983,0.5137665124841002,0.5192913593529134,0.5883180527532607,0.47368564682881437,0.49648849677118195,0.5680462273567456
972,139,6,PX-006,signal to unstable utterance,0.6327102365304983,0.5137665124841002,0.5192913593529134,0.5883180527532607,0.47368564682881437,0.49648849866708655,0.5870429581122988
973,139,7,PX-007,silence feedback reset,0.5673419246212018,0.49333749330736343,0.5192913593529134,0.5883180527532607,0.4252520844731393,0.49648849866708655,0.5680462311277471
974,140,1,PX-001,amplify identity fracture,0.618855479522608,0.4849303381949457,0.5192913593529134,0.5883180527532607,0.4252520844731393,0.49648849866708655,0.5680462311277471
975,140,2,PX-002,fracture to access recursion,0.618855479522608,0.513766510416362,0.5192913593529134,0.5946633046764117,0.4252520844731393,0.49648849866708655,0.5680462311277471
976,140,3,PX-003,negation to lock formation,0.6327102334452279,0.513766510416362,0.519291359061183,0.5946633046764117,0.4252520844731393,0.49648849866708655,0.5680462311277471
977,140,4,PX-004,lagged temporal recursion,0.6327102334452279,0.513766510416362,0.519291359061183,0.5883180518125215,0.4489215046493642,0.49648849866708655,0.5680462311277471
978,140,5,PX-005,false signal injection,0.6327102334452279,0.513766510416362,0.519291359061183,0.5883180518125215,0.47368564600275403,0.49648849866708655,0.5680462311277471
979,140,6,PX-006,signal to unstable utterance,0.6327102334452279,0.513766510416362,0.519291359061183,0.5883180518125215,0.47368564600275403,0.49648849982655113,0.5870429617775571
980,140,7,PX-007,silence feedback reset,0.5673419216467963,0.49333749121792014,0.519291359061183,0.5883180518125215,0.4252520834851545,0.49648849982655113,0.5680462340174715
