index,cycle,phase_index,step_id,operator_name,identity_split,access_recursion,contradiction_lock,temporal_feedback,false_signal,utterance_instability,silence_gain
0,0,0,initial,initial,0.2,0.11,0.08,0.13,0.12,0.07,0.06
1,1,1,PX-001,amplify identity fracture,0.36944,0.109802,0.08,0.13,0.12,0.07,0.06
2,1,2,PX-002,fracture to access recursion,0.36944,0.15409880399999998,0.08,0.1340219787844,0.12,0.07,0.06
3,1,3,PX-003,negation to lock formation,0.3743960863982013,0.15409880399999998,0.11228310432,0.1340219787844,0.12,0.07,0.06
4,1,4,PX-004,lagged temporal recursion,0.3743960863982013,0.15409880399999998,0.11228310432,0.17118996841979822,0.13054530205465956,0.07,0.06
5,1,5,PX-005,false signal injection,0.3743960863982013,0.15409880399999998,0.11228310432,0.17118996841979822,0.1426388991122415,0.07,0.06
6,1,6,PX-006,signal to unstable utterance,0.3743960863982013,0.15409880399999998,0.11228310432,0.17118996841979822,0.1426388991122415,0.09068596061780347,0.06
7,1,7,PX-007,silence feedback reset,0.37178202006780164,0.1533441913803223,0.11228310432,0.17118996841979822,0.14084277129443434,0.09068596061780347,0.06995628779253642
8,2,1,PX-001,amplify identity fracture,0.5050963536679179,0.15302236966881683,0.11228310432,0.17118996841979822,0.14084277129443434,0.09068596061780347,0.06995628779253642
9,2,2,PX-002,fracture to access recursion,0.5050963536679179,0.21249581477863116,0.11228310432,0.17647352830851837,0.14084277129443434,0.09068596061780347,0.06995628779253642
10,2,3,PX-003,negation to lock formation,0.5104317598303623,0.21249581477863116,0.15400995446247867,0.17647352830851837,0.14084277129443434,0.09068596061780347,0.06995628779253642
11,2,4,PX-004,lagged temporal recursion,0.5104317598303623,0.21249581477863116,0.15400995446247867,0.22942762011340506,0.1546407791743946,0.09068596061780347,0.06995628779253642
12,2,5,PX-005,false signal injection,0.5104317598303623,0.21249581477863116,0.15400995446247867,0.22942762011340506,0.1753418843575277,0.09068596061780347,0.06995628779253642
13,2,6,PX-006,signal to unstable utterance,0.5104317598303623,0.21249581477863116,0.15400995446247867,0.22942762011340506,0.1753418843575277,0.11732234578299537,0.06995628779253642
14,2,7,PX-007,silence feedback reset,0.5046627856993414,0.2112206559041503,0.15400995446247867,0.22942762011340506,0.17263621918443559,0.11732234578299537,0.08572665475178456
15,3,1,PX-001,amplify identity fracture,0.6100278214754924,0.2106774386967961,0.15400995446247867,0.22942762011340506,0.17263621918443559,0.11732234578299537,0.08572665475178456
16,3,2,PX-002,fracture to access recursion,0.6100278214754924,0.2780173737681778,0.15400995446247867,0.23585459539403603,0.17263621918443559,0.11732234578299537,0.08572665475178456
17,3,3,PX-003,negation to lock formation,0.6155393550148298,0.2780173737681778,0.20190207854573225,0.23585459539403603,0.17263621918443559,0.11732234578299537,0.08572665475178456
18,3,4,PX-004,lagged temporal recursion,0.6155393550148298,0.2780173737681778,0.20190207854573225,0.2946290766653593,0.18969979906099912,0.11732234578299537,0.08572665475178456
19,3,5,PX-005,false signal injection,0.6155393550148298,0.2780173737681778,0.20190207854573225,0.2946290766653593,0.21774471224062633,0.11732234578299537,0.08572665475178456
20,3,6,PX-006,signal to unstable utterance,0.6155393550148298,0.2780173737681778,0.20190207854573225,0.2946290766653593,0.21774471224062633,0.15062272364266158,0.08855487573172041
21,3,7,PX-007,silence feedback reset,0.6056290467629466,0.2758843333627423,0.20190207854573225,0.2946290766653593,0.21344886105811486,0.15062272364266158,0.10960468181871477
22,4,1,PX-001,amplify identity fracture,0.6894710810409711,0.27497718692543255,0.20190207854573225,0.2946290766653593,0.21344886105811486,0.15062272364266158,0.10960468181871477
23,4,2,PX-002,fracture to access recursion,0.6894710810409711,0.344882957490217,0.20190207854573225,0.301927188970377,0.21344886105811486,0.15062272364266158,0.10960468181871477
24,4,3,PX-003,negation to lock formation,0.694976413098394,0.344882957490217,0.25326981166190077,0.301927188970377,0.21344886105811486,0.15062272364266158,0.10960468181871477
25,4,4,PX-004,lagged temporal recursion,0.694976413098394,0.344882957490217,0.25326981166190077,0.36047380292969894,0.23329603667582957,0.15062272364266158,0.10960468181871477
26,4,5,PX-005,false signal injection,0.694976413098394,0.344882957490217,0.25326981166190077,0.36047380292969894,0.26666988288126237,0.15062272364266158,0.10960468181871477
27,4,6,PX-006,signal to unstable utterance,0.694976413098394,0.344882957490217,0.25326981166190077,0.36047380292969894,0.26666988288126237,0.18998768814907277,0.11761659532018277
28,4,7,PX-007,silence feedback reset,0.6795928235701699,0.34144083041573664,0.25326981166190077,0.36047380292969894,0.25982598374313526,0.18998768814907277,0.14257951242065572
29,5,1,PX-001,amplify identity fracture,0.7472748090099399,0.3399803564021012,0.25326981166190077,0.36047380292969894,0.25982598374313526,0.18998768814907277,0.14257951242065572
30,5,2,PX-002,fracture to access recursion,0.7472748090099399,0.4087480957103366,0.25326981166190077,0.3683159563859797,0.25982598374313526,0.18998768814907277,0.14257951242065572
31,5,3,PX-003,negation to lock formation,0.752683812415231,0.4087480957103366,0.3057529679401175,0.3683159563859797,0.25982598374313526,0.18998768814907277,0.14257951242065572
32,5,4,PX-004,lagged temporal recursion,0.752683812415231,0.4087480957103366,0.3057529679401175,0.4230227838751558,0.28174371684676763,0.18998768814907277,0.14257951242065572
33,5,5,PX-005,false signal injection,0.752683812415231,0.4087480957103366,0.3057529679401175,0.4230227838751558,0.3184729865452984,0.18998768814907277,0.14257951242065572
34,5,6,PX-006,signal to unstable utterance,0.752683812415231,0.4087480957103366,0.3057529679401175,0.4230227838751558,0.3184729865452984,0.23395279222278142,0.15594920048958946
35,5,7,PX-007,silence feedback reset,0.7305812631815646,0.40350384707565656,0.3057529679401175,0.4230227838751558,0.3079660865872469,0.23395279222278142,0.18328608359163587
36,6,1,PX-001,amplify identity fracture,0.7867458699224784,0.40128514788031694,0.3057529679401175,0.4230227838751558,0.3079660865872469,0.23395279222278142,0.18328608359163587
37,6,2,PX-002,fracture to access recursion,0.7867458699224784,0.4665173472085665,0.3057529679401175,0.43109788028314616,0.3079660865872469,0.23395279222278142,0.18328608359163587
38,6,3,PX-003,negation to lock formation,0.7920791300918318,0.4665173472085665,0.35727059993195265,0.43109788028314616,0.3079660865872469,0.23395279222278142,0.18328608359163587
39,6,4,PX-004,lagged temporal recursion,0.7920791300918318,0.4665173472085665,0.35727059993195265,0.47991405509091983,0.3312142627024916,0.23395279222278142,0.18328608359163587
40,6,5,PX-005,false signal injection,0.7920791300918318,0.4665173472085665,0.35727059993195265,0.47991405509091983,0.36972018411488805,0.23395279222278142,0.18328608359163587
41,6,6,PX-006,signal to unstable utterance,0.7920791300918318,0.4665173472085665,0.35727059993195265,0.47991405509091983,0.36972018411488805,0.2805881281510114,0.20173419657765845
42,6,7,PX-007,silence feedback reset,0.7623678881363207,0.4590109559315614,0.35727059993195265,0.47991405509091983,0.3544230164445764,0.2805881281510114,0.22986103676897612
43,7,1,PX-001,amplify identity fracture,0.8109066100580486,0.45584569390499896,0.35727059993195265,0.47991405509091983,0.3544230164445764,0.2805881281510114,0.22986103676897612
44,7,2,PX-002,fracture to access recursion,0.8109066100580486,0.5161937840803172,0.35727059993195265,0.487968009049408,0.3544230164445764,0.2805881281510114,0.22986103676897612
45,7,3,PX-003,negation to lock formation,0.8162812733168655,0.5161937840803172,0.4060475287949194,0.487968009049408,0.3544230164445764,0.2805881281510114,0.22986103676897612
46,7,4,PX-004,lagged temporal recursion,0.8162812733168655,0.5161937840803172,0.4060475287949194,0.5298547823316127,0.37836736009158045,0.2805881281510114,0.22986103676897612
47,7,5,PX-005,false signal injection,0.8162812733168655,0.5161937840803172,0.4060475287949194,0.5298547823316127,0.4175667615847912,0.2805881281510114,0.22986103676897612
48,7,6,PX-006,signal to unstable utterance,0.8162812733168655,0.5161937840803172,0.4060475287949194,0.5298547823316127,0.4175667615847912,0.3278269742849952,0.2527141759002226
49,7,7,PX-007,silence feedback reset,0.7785811588830728,0.5060717711482947,0.4060475287949194,0.5298547823316127,0.3965117975550271,0.3278269742849952,0.2801277140537589
50,8,1,PX-001,amplify identity fracture,0.8225891711418777,0.5018188292963275,0.4060475287949194,0.5298547823316127,0.3965117975550271,0.3278269742849952,0.2801277140537589
51,8,2,PX-002,fracture to access recursion,0.8225891711418777,0.5567439132814229,0.4060475287949194,0.5377072969804699,0.3965117975550271,0.3278269742849952,0.2801277140537589
52,8,3,PX-003,negation to lock formation,0.8281858547351256,0.5567439132814229,0.450663712442405,0.5377072969804699,0.3965117975550271,0.3278269742849952,0.2801277140537589
53,8,4,PX-004,lagged temporal recursion,0.8281858547351256,0.5567439132814229,0.450663712442405,0.5722912424272903,0.42068776847674827,0.3278269742849952,0.2801277140537589
54,8,5,PX-005,false signal injection,0.8281858547351256,0.5567439132814229,0.450663712442405,0.5722912424272903,0.4599513247488356,0.3278269742849952,0.2801277140537589
55,8,6,PX-006,signal to unstable utterance,0.8281858547351256,0.5567439132814229,0.450663712442405,0.5722912424272903,0.4599513247488356,0.37371997023682024,0.3064448018695284
56,8,7,PX-007,silence feedback reset,0.7826592947293161,0.5438120402619735,0.450663712442405,0.5722912424272903,0.43247919727746703,0.37371997023682024,0.3318240913423486
57,9,1,PX-001,amplify identity fracture,0.8244353176582903,0.5383985421783448,0.450663712442405,0.5722912424272903,0.43247919727746703,0.37371997023682024,0.3318240913423486
58,9,2,PX-002,fracture to access recursion,0.8244353176582903,0.5879489220938559,0.450663712442405,0.5798353695168397,0.43247919727746703,0.37371997023682024,0.3318240913423486
59,9,3,PX-003,negation to lock formation,0.8304583352894431,0.5879489220938559,0.49009349641859684,0.5798353695168397,0.43247919727746703,0.37371997023682024,0.3318240913423486
60,9,4,PX-004,lagged temporal recursion,0.8304583352894431,0.5879489220938559,0.49009349641859684,0.607185155271481,0.4566005117479284,0.37371997023682024,0.3318240913423486
61,9,5,PX-005,false signal injection,0.8304583352894431,0.5879489220938559,0.49009349641859684,0.607185155271481,0.4956431156019432,0.37371997023682024,0.3318240913423486
62,9,6,PX-006,signal to unstable utterance,0.8304583352894431,0.5879489220938559,0.49009349641859684,0.607185155271481,0.4956431156019432,0.41661337111526214,0.3605503137941045
63,9,7,PX-007,silence feedback reset,0.7777432803871686,0.5721932936037831,0.49009349641859684,0.607185155271481,0.4614892648182095,0.41661337111526214,0.38282306258758253
64,10,1,PX-001,amplify identity fracture,0.8188576327246677,0.5656218299322988,0.49009349641859684,0.607185155271481,0.4614892648182095,0.41661337111526214,0.38282306258758253
65,10,2,PX-002,fracture to access recursion,0.8188576327246677,0.6102343570265585,0.49009349641859684,0.6143764286975828,0.4614892648182095,0.41661337111526214,0.38282306258758253
66,10,3,PX-003,negation to lock formation,0.825498353396934,0.6102343570265585,0.5237175576436884,0.6143764286975828,0.4614892648182095,0.41661337111526214,0.38282306258758253
67,10,4,PX-004,lagged temporal recursion,0.825498353396934,0.6102343570265585,0.5237175576436884,0.6348551478173105,0.4854206066851626,0.41661337111526214,0.38282306258758253
68,10,5,PX-005,false signal injection,0.825498353396934,0.6102343570265585,0.5237175576436884,0.6348551478173105,0.5241751309283695,0.41661337111526214,0.38282306258758253
69,10,6,PX-006,signal to unstable utterance,0.825498353396934,0.6102343570265585,0.5237175576436884,0.6348551478173105,0.5241751309283695,0.45525324145673823,0.4129338825044422
70,10,7,PX-007,silence feedback reset,0.7665777632913741,0.5918105047214696,0.5237175576436884,0.6348551478173105,0.48348072943808085,0.45525324145673823,0.43130624659542727
71,11,1,PX-001,amplify identity fracture,0.8079969929474916,0.5841529576968547,0.5237175576436884,0.6348551478173105,0.48348072943808085,0.45525324145673823,0.43130624659542727
72,11,2,PX-002,fracture to access recursion,0.8079969929474916,0.6244867509781176,0.5237175576436884,0.641695991488589,0.48348072943808085,0.45525324145673823,0.43130624659542727
73,11,3,PX-003,negation to lock formation,0.8154066146157379,0.6244867509781176,0.5513025016782984,0.641695991488589,0.48348072943808085,0.45525324145673823,0.43130624659542727
74,11,4,PX-004,lagged temporal recursion,0.8154066146157379,0.6244867509781176,0.5513025016782984,0.655859904152455,0.5071942289879354,0.45525324145673823,0.43130624659542727
75,11,5,PX-005,false signal injection,0.8154066146157379,0.6244867509781176,0.5513025016782984,0.655859904152455,0.5457008759724419,0.45525324145673823,0.43130624659542727
76,11,6,PX-006,signal to unstable utterance,0.8154066146157379,0.6244867509781176,0.5513025016782984,0.655859904152455,0.5457008759724419,0.4888226825094457,0.4619152793138764
77,11,7,PX-007,silence feedback reset,0.7514546193082288,0.6036845075335803,0.5513025016782984,0.655859904152455,0.49895793200680527,0.4888226825094457,0.47587063438107535
78,12,1,PX-001,amplify identity fracture,0.7936929478763993,0.5950662356465993,0.5513025016782984,0.655859904152455,0.49895793200680527,0.4888226825094457,0.47587063438107535
79,12,2,PX-002,fracture to access recursion,0.7936929478763993,0.6318739314436314,0.5513025016782984,0.6623834988123722,0.49895793200680527,0.4888226825094457,0.47587063438107535
80,12,3,PX-003,negation to lock formation,0.8019672289016749,0.6318739314436314,0.5729518861816537,0.6623834988123722,0.49895793200680527,0.4888226825094457,0.47587063438107535
81,12,4,PX-004,lagged temporal recursion,0.8019672289016749,0.6318739314436314,0.5729518861816537,0.6709093587803315,0.5224886988859553,0.4888226825094457,0.47587063438107535
82,12,5,PX-005,false signal injection,0.8019672289016749,0.6318739314436314,0.5729518861816537,0.6709093587803315,0.5608156068607304,0.4888226825094457,0.47587063438107535
83,12,6,PX-006,signal to unstable utterance,0.8019672289016749,0.6318739314436314,0.5729518861816537,0.6709093587803315,0.5608156068607304,0.5169246655536743,0.5062904213059196
84,12,7,PX-007,silence feedback reset,0.7342049632097845,0.6090698455099299,0.5729518861816537,0.6709093587803315,0.5087708736592605,0.5169246655536743,0.5155659064007383
85,13,1,PX-001,amplify identity fracture,0.7774720533030675,0.5996493761010794,0.5729518861816537,0.6709093587803315,0.5087708736592605,0.5169246655536743,0.5155659064007383
86,13,2,PX-002,fracture to access recursion,0.7774720533030675,0.6336859543302724,0.5729518861816537,0.677165562291605,0.5087708736592605,0.5169246655536743,0.5155659064007383
87,13,3,PX-003,negation to lock formation,0.7866474684820423,0.6336859543302724,0.5890377440014648,0.677165562291605,0.5087708736592605,0.5169246655536743,0.5155659064007383
88,13,4,PX-004,lagged temporal recursion,0.7866474684820423,0.6336859543302724,0.5890377440014648,0.6807957572346555,0.5321807430122609,0.5169246655536743,0.5155659064007383
89,13,5,PX-005,false signal injection,0.7866474684820423,0.6336859543302724,0.5890377440014648,0.6807957572346555,0.5703784656652219,0.5169246655536743,0.5155659064007383
90,13,6,PX-006,signal to unstable utterance,0.7866474684820423,0.6336859543302724,0.5890377440014648,0.6807957572346555,0.5703784656652219,0.5395267036943552,0.5453242110270685
91,13,7,PX-007,silence feedback reset,0.7162292434898466,0.6092946282500835,0.5890377440014648,0.6807957572346555,0.5139239199797528,0.5395267036943552,0.5498741341040705
92,14,1,PX-001,amplify identity fracture,0.7605534701101206,0.5992435675663852,0.5890377440014648,0.6807957572346555,0.5139239199797528,0.5395267036943552,0.5498741341040705
93,14,2,PX-002,fracture to access recursion,0.7605534701101206,0.6312084484422644,0.5890377440014648,0.6868402896790184,0.5139239199797528,0.5395267036943552,0.5498741341040705
94,14,3,PX-003,negation to lock formation,0.7706122952611094,0.6312084484422644,0.6001235525236843,0.6868402896790184,0.5139239199797528,0.5395267036943552,0.5498741341040705
95,14,4,PX-004,lagged temporal recursion,0.7706122952611094,0.6312084484422644,0.6001235525236843,0.6863396853115671,0.5372768512456532,0.5395267036943552,0.5498741341040705
96,14,5,PX-005,false signal injection,0.7706122952611094,0.6312084484422644,0.6001235525236843,0.6863396853115671,0.5753609644997087,0.5395267036943552,0.5498741341040705
97,14,6,PX-006,signal to unstable utterance,0.7706122952611094,0.6312084484422644,0.6001235525236843,0.6863396853115671,0.5753609644997087,0.5568843034285981,0.5786968841117972
98,14,7,PX-007,silence feedback reset,0.6985502166749562,0.6056410092436864,0.6001235525236843,0.6863396853115671,0.515433033007815,0.5568843034285981,0.5786505746392397
99,15,1,PX-001,amplify identity fracture,0.7438687733348273,0.595127373702968,0.6001235525236843,0.6863396853115671,0.515433033007815,0.5568843034285981,0.5786505746392397
100,15,2,PX-002,fracture to access recursion,0.7438687733348273,0.6256330223495976,0.6001235525236843,0.6922267728316566,0.515433033007815,0.5568843034285981,0.5786505746392397
101,15,3,PX-003,negation to lock formation,0.7547497933902606,0.6256330223495976,0.6068886862133793,0.6922267728316566,0.515433033007815,0.5568843034285981,0.5786505746392397
102,15,4,PX-004,lagged temporal recursion,0.7547497933902606,0.6256330223495976,0.6068886862133793,0.6883482116015122,0.5387815893669318,0.5568843034285981,0.5786505746392397
103,15,5,PX-005,false signal injection,0.7547497933902606,0.6256330223495976,0.6068886862133793,0.6883482116015122,0.5767341045733012,0.5568843034285981,0.5786505746392397
104,15,6,PX-006,signal to unstable utterance,0.7547497933902606,0.6256330223495976,0.6068886862133793,0.6883482116015122,0.5767341045733012,0.5694580565359053,0.6064253845779738
105,15,7,PX-007,silence feedback reset,0.681875295664622,0.5992668803614825,0.6068886862133793,0.6883482116015122,0.5142345356904158,0.5694580565359053,0.6020449014091742
106,16,1,PX-001,amplify identity fracture,0.7280920439160606,0.5884433132643321,0.6068886862133793,0.6883482116015122,0.5142345356904158,0.5694580565359053,0.6020449014091742
107,16,2,PX-002,fracture to access recursion,0.7280920439160606,0.6180030185131727,0.6068886862133793,0.694126263980171,0.5142345356904158,0.5694580565359053,0.6020449014091742
108,16,3,PX-003,negation to lock formation,0.7397036893316982,0.6180030185131727,0.6100617693717402,0.694126263980171,0.5142345356904158,0.5694580565359053,0.6020449014091742
109,16,4,PX-004,lagged temporal recursion,0.7397036893316982,0.6180030185131727,0.6100617693717402,0.6875834622064974,0.537614836674339,0.5694580565359053,0.6020449014091742
110,16,5,PX-005,false signal injection,0.7397036893316982,0.6180030185131727,0.6100617693717402,0.6875834622064974,0.5753952106811783,0.5694580565359053,0.6020449014091742
111,16,6,PX-006,signal to unstable utterance,0.7397036893316982,0.6180030185131727,0.6100617693717402,0.6875834622064974,0.5753952106811783,0.5778354125925047,0.6287776592747812
112,16,7,PX-007,silence feedback reset,0.6666588125563006,0.5911635751996497,0.6100617693717402,0.6875834622064974,0.5111377417063779,0.5778354125925047,0.6204186828845432
113,17,1,PX-001,amplify identity fracture,0.713676122233953,0.5801605073988092,0.6100617693717402,0.6875834622064974,0.5111377417063779,0.5778354125925047,0.6204186828845432
114,17,2,PX-002,fracture to access recursion,0.713676122233953,0.6091887315051241,0.6100617693717402,0.6932930812372867,0.5111377417063779,0.5778354125925047,0.6204186828845432
115,17,3,PX-003,negation to lock formation,0.7259095105286476,0.6091887315051241,0.610367152358159,0.6932930812372867,0.5111377417063779,0.5778354125925047,0.6204186828845432
116,17,4,PX-004,lagged temporal recursion,0.7259095105286476,0.6091887315051241,0.610367152358159,0.6847404663073664,0.5345698056556613,0.5778354125925047,0.6204186828845432
117,17,5,PX-005,false signal injection,0.7259095105286476,0.6091887315051241,0.610367152358159,0.6847404663073664,0.5721284989760278,0.5778354125925047,0.6204186828845432
118,17,6,PX-006,signal to unstable utterance,0.7259095105286476,0.6091887315051241,0.610367152358159,0.6847404663073664,0.5721284989760278,0.5826638812993566,0.6461920957256738
119,17,7,PX-007,silence feedback reset,0.6531587154593521,0.5821414340108674,0.610367152358159,0.6847404663073664,0.5068094183936429,0.5826638812993566,0.634269716790414
120,18,1,PX-001,amplify identity fracture,0.7008911828795099,0.5710643935364063,0.610367152358159,0.6847404663073664,0.5068094183936429,0.5826638812993566,0.634269716790414
121,18,2,PX-002,fracture to access recursion,0.7008911828795099,0.599884448938074,0.610367152358159,0.6904140450566167,0.5068094183936429,0.5826638812993566,0.634269716790414
122,18,3,PX-003,negation to lock formation,0.7136314264641006,0.599884448938074,0.608485839809099,0.6904140450566167,0.5068094183936429,0.5826638812993566,0.634269716790414
123,18,4,PX-004,lagged temporal recursion,0.7136314264641006,0.599884448938074,0.608485839809099,0.6804332050038109,0.5303002457620504,0.5826638812993566,0.634269716790414
124,18,5,PX-005,false signal injection,0.7136314264641006,0.599884448938074,0.608485839809099,0.6804332050038109,0.5675905214085337,0.5826638812993566,0.634269716790414
125,18,6,PX-006,signal to unstable utterance,0.7136314264641006,0.599884448938074,0.608485839809099,0.6804332050038109,0.5675905214085337,0.5845986290507622,0.6592087895928277
126,18,7,PX-007,silence feedback reset,0.6414852187144134,0.5728345690585724,0.608485839809099,0.6804332050038109,0.5017781808256538,0.5845986290507622,0.6441688163537324
127,19,1,PX-001,amplify identity fracture,0.689862461270426,0.5617645040690636,0.608485839809099,0.6804332050038109,0.5017781808256538,0.5845986290507622,0.6441688163537324
128,19,2,PX-002,fracture to access recursion,0.689862461270426,0.590619790121807,0.608485839809099,0.6860954792055273,0.5017781808256538,0.5845986290507622,0.6441688163537324
129,19,3,PX-003,negation to lock formation,0.7029974389056179,0.590619790121807,0.6050300728323462,0.6860954792055273,0.5017781808256538,0.5845986290507622,0.6441688163537324
130,19,4,PX-004,lagged temporal recursion,0.7029974389056179,0.590619790121807,0.6050300728323462,0.6751876932711018,0.52532570768345,0.5845986290507622,0.6441688163537324
131,19,5,PX-005,false signal injection,0.7029974389056179,0.590619790121807,0.6050300728323462,0.6751876932711018,0.5623117510009406,0.5845986290507622,0.6441688163537324
132,19,6,PX-006,signal to unstable utterance,0.7029974389056179,0.590619790121807,0.6050300728323462,0.6751876932711018,0.5623117510009406,0.5842646508824795,0.668415045615558
133,19,7,PX-007,silence feedback reset,0.6316408590486274,0.5637172027304099,0.6050300728323462,0.6751876932711018,0.49644933156595944,0.5842646508824795,0.6507108015136032
134,20,1,PX-001,amplify identity fracture,0.6806048694753988,0.5527126965459386,0.6050300728323462,0.6751876932711018,0.49644933156595944,0.5842646508824795,0.6507108015136032
135,20,2,PX-002,fracture to access recursion,0.6806048694753988,0.5817790301721577,0.6050300728323462,0.6808567629350034,0.49644933156595944,0.5842646508824795,0.6507108015136032
136,20,3,PX-003,negation to lock formation,0.694031303647591,0.5817790301721577,0.6005295138496645,0.6808567629350034,0.49644933156595944,0.5842646508824795,0.6507108015136032
137,20,4,PX-004,lagged temporal recursion,0.694031303647591,0.5817790301721577,0.6005295138496645,0.6694408025116356,0.5200461470166823,0.5842646508824795,0.6507108015136032
138,20,5,PX-005,false signal injection,0.694031303647591,0.5817790301721577,0.6005295138496645,0.6694408025116356,0.5567072375650234,0.5842646508824795,0.6507108015136032
139,20,6,PX-006,signal to unstable utterance,0.694031303647591,0.5817790301721577,0.6005295138496645,0.6694408025116356,0.5567072375650234,0.5822319918194307,0.6744047640064805
140,20,7,PX-007,silence feedback reset,0.6235524975172888,0.5551256790660258,0.6005295138496645,0.6694408025116356,0.4911236621280496,0.5822319918194307,0.6544790013252166
141,21,1,PX-001,amplify identity fracture,0.6730531792108363,0.5442261360646724,0.6005295138496645,0.6694408025116356,0.4911236621280496,0.5822319918194307,0.6544790013252166
142,21,2,PX-002,fracture to access recursion,0.6730531792108363,0.5736237189288615,0.6005295138496645,0.6751293003973181,0.4911236621280496,0.5822319918194307,0.6544790013252166
143,21,3,PX-003,negation to lock formation,0.686680274729828,0.5736237189288615,0.5954264753471648,0.6751293003973181,0.4911236621280496,0.5822319918194307,0.6544790013252166
144,21,4,PX-004,lagged temporal recursion,0.686680274729828,0.5736237189288615,0.5954264753471648,0.6635434857753186,0.5147599726622589,0.5822319918194307,0.6544790013252166
145,21,5,PX-005,false signal injection,0.686680274729828,0.5736237189288615,0.5954264753471648,0.6635434857753186,0.5510913488687157,0.5822319918194307,0.6544790013252166
146,21,6,PX-006,signal to unstable utterance,0.686680274729828,0.5736237189288615,0.5954264753471648,0.6635434857753186,0.5510913488687157,0.5790016831232941,0.6777499278191295
147,21,7,PX-007,silence feedback reset,0.6170963156345156,0.5472820615126113,0.5954264753471648,0.6635434857753186,0.48601636711358,0.5790016831232941,0.6560213241589934
148,22,1,PX-001,amplify identity fracture,0.667087258037845,0.5365112004321523,0.5954264753471648,0.6635434857753186,0.48601636711358,0.5790016831232941,0.6560213241589934
149,22,2,PX-002,fracture to access recursion,0.667087258037845,0.5663154747477549,0.5954264753471648,0.6692597016928724,0.48601636711358,0.5790016831232941,0.6560213241589934
150,22,3,PX-003,negation to lock formation,0.6808383638107477,0.5663154747477549,0.5900776492557795,0.6692597016928724,0.48601636711358,0.5790016831232941,0.6560213241589934
151,22,4,PX-004,lagged temporal recursion,0.6808383638107477,0.5663154747477549,0.5900776492557795,0.6577671253386054,0.5096820746808155,0.5790016831232941,0.6560213241589934
152,22,5,PX-005,false signal injection,0.6808383638107477,0.5663154747477549,0.5900776492557795,0.6577671253386054,0.5456934772107849,0.5790016831232941,0.6560213241589934
153,22,6,PX-006,signal to unstable utterance,0.6808383638107477,0.5663154747477549,0.5900776492557795,0.6577671253386054,0.5456934772107849,0.5749998799628898,0.6789818945778496
154,22,7,PX-007,silence feedback reset,0.6121170036398514,0.5403167875501418,0.5900776492557795,0.6577671253386054,0.48127414514407163,0.5749998799628898,0.6558355433854061
155,23,1,PX-001,amplify identity fracture,0.6625524340797392,0.5296860189312457,0.5900776492557795,0.6577671253386054,0.48127414514407163,0.5749998799628898,0.6558355433854061
156,23,2,PX-002,fracture to access recursion,0.6625524340797392,0.5599371205324701,0.5900776492557795,0.6635159920502889,0.48127414514407163,0.5749998799628898,0.6558355433854061
157,23,3,PX-003,negation to lock formation,0.6763652453695917,0.5599371205324701,0.584760109414895,0.6635159920502889,0.48127414514407163,0.5749998799628898,0.6558355433854061
158,23,4,PX-004,lagged temporal recursion,0.6763652453695917,0.5599371205324701,0.584760109414895,0.6523118650665534,0.5049601172328235,0.5749998799628898,0.6558355433854061
159,23,5,PX-005,false signal injection,0.6763652453695917,0.5599371205324701,0.584760109414895,0.6523118650665534,0.5406729915643683,0.5749998799628898,0.6558355433854061
160,23,6,PX-006,signal to unstable utterance,0.6763652453695917,0.5599371205324701,0.584760109414895,0.6523118650665534,0.5406729915643683,0.5705778813525169,0.6785802304552208
161,23,7,PX-007,silence feedback reset,0.6084422865046882,0.5342890286115166,0.584760109414895,0.6523118650665534,0.4769897820932273,0.5705778813525169,0.6543615340380572
162,24,1,PX-001,amplify identity fracture,0.6592754254770323,0.5238004829600585,0.584760109414895,0.6523118650665534,0.4769897820932273,0.5705778813525169,0.6543615340380572
163,24,2,PX-002,fracture to access recursion,0.6592754254770323,0.5545112664485277,0.584760109414895,0.6580957747074855,0.4769897820932273,0.5705778813525169,0.6543615340380572
164,24,3,PX-003,negation to lock formation,0.6731012062277345,0.5545112664485277,0.5796798010768232,0.6580957747074855,0.4769897820932273,0.5705778813525169,0.6543615340380572
165,24,4,PX-004,lagged temporal recursion,0.6731012062277345,0.5545112664485277,0.5796798010768232,0.6473159825487151,0.5006884832093411,0.5705778813525169,0.6543615340380572
166,24,5,PX-005,false signal injection,0.6731012062277345,0.5545112664485277,0.5796798010768232,0.6473159825487151,0.5361326432539454,0.5705778813525169,0.6543615340380572
167,24,6,PX-006,signal to unstable utterance,0.6731012062277345,0.5545112664485277,0.5796798010768232,0.6473159825487151,0.5361326432539454,0.5660160840451491,0.676967123601672
168,24,7,PX-007,silence feedback reset,0.6058937833978295,0.5292042060050607,0.5796798010768232,0.6473159825487151,0.4732141891302546,0.5660160840451491,0.6519785201519074
169,25,1,PX-001,amplify identity fracture,0.6570764418753364,0.5188533127523803,0.5796798010768232,0.6473159825487151,0.4732141891302546,0.5660160840451491,0.6519785201519074
170,25,2,PX-002,fracture to access recursion,0.6570764418753364,0.5500160588700258,0.5796798010768232,0.6531354387478653,0.4732141891302546,0.5660160840451491,0.6519785201519074
171,25,3,PX-003,negation to lock formation,0.6708786634185797,0.5500160588700258,0.5749811840084349,0.6531354387478653,0.4732141891302546,0.5660160840451491,0.6519785201519074
172,25,4,PX-004,lagged temporal recursion,0.6708786634185797,0.5500160588700258,0.5749811840084349,0.6428655636361835,0.4969198611356772,0.5660160840451491,0.6519785201519074
173,25,5,PX-005,false signal injection,0.6708786634185797,0.5500160588700258,0.5749811840084349,0.6428655636361835,0.5321301834464385,0.5660160840451491,0.6519785201519074
174,25,6,PX-006,signal to unstable utterance,0.6708786634185797,0.5500160588700258,0.5749811840084349,0.6428655636361835,0.5321301834464385,0.5615303399307726,0.674505794277216
175,25,7,PX-007,silence feedback reset,0.6042950141971104,0.5250286065279053,0.5749811840084349,0.6428655636361835,0.4699661811631501,0.5615303399307726,0.6490057865233891
176,26,1,PX-001,amplify identity fracture,0.655778103177249,0.5148062084160976,0.5749811840084349,0.6428655636361835,0.4699661811631501,0.5615303399307726,0.6490057865233891
177,26,2,PX-002,fracture to access recursion,0.655778103177249,0.5463981766647178,0.5749811840084349,0.6487196917817847,0.4699661811631501,0.5615303399307726,0.6490057865233891
178,26,3,PX-003,negation to lock formation,0.6695307995094737,0.5463981766647178,0.5707570967268198,0.6487196917817847,0.4699661811631501,0.5615303399307726,0.6490057865233891
179,26,4,PX-004,lagged temporal recursion,0.6695307995094737,0.5463981766647178,0.5707570967268198,0.6390039389361477,0.4936747400235782,0.5615303399307726,0.6490057865233891
180,26,5,PX-005,false signal injection,0.6695307995094737,0.5463981766647178,0.5707570967268198,0.6390039389361477,0.5286882392492733,0.5615303399307726,0.6490057865233891
181,26,6,PX-006,signal to unstable utterance,0.6695307995094737,0.5463981766647178,0.5707570967268198,0.6390039389361477,0.5286882392492733,0.5572795780313913,0.6715016854372511
182,26,7,PX-007,silence feedback reset,0.6034771900755669,0.5217013081569372,0.5707570967268198,0.6390039389361477,0.46724037924230644,0.5572795780313913,0.6457056819032961
183,27,1,PX-001,amplify identity fracture,0.6552117797419578,0.5115953431889376,0.5707570967268198,0.6390039389361477,0.46724037924230644,0.5572795780313913,0.6457056819032961
184,27,2,PX-002,fracture to access recursion,0.6552117797419578,0.543583338648238,0.5707570967268198,0.6448908822595063,0.46724037924230644,0.5572795780313913,0.6457056819032961
185,27,3,PX-003,negation to lock formation,0.6688978296754649,0.543583338648238,0.5670582333229832,0.6448908822595063,0.46724037924230644,0.5572795780313913,0.6457056819032961
186,27,4,PX-004,lagged temporal recursion,0.6688978296754649,0.543583338648238,0.5670582333229832,0.6357405130010103,0.4909491604647768,0.5572795780313913,0.6457056819032961
187,27,5,PX-005,false signal injection,0.6688978296754649,0.543583338648238,0.5670582333229832,0.6357405130010103,0.5258026208225669,0.5572795780313913,0.6457056819032961
188,27,6,PX-006,signal to unstable utterance,0.6688978296754649,0.543583338648238,0.5670582333229832,0.6357405130010103,0.5258026208225669,0.5533738836862895,0.6682055261163842
189,27,7,PX-007,silence feedback reset,0.6032832733403896,0.5191437427187362,0.5670582333229832,0.6357405130010103,0.4650136072520983,0.5533738836862895,0.6422880538895647
190,28,1,PX-001,amplify identity fracture,0.6552218800680111,0.5091405479927433,0.5670582333229832,0.6357405130010103,0.4650136072520983,0.5533738836862895,0.6422880538895647
191,28,2,PX-002,fracture to access recursion,0.6552218800680111,0.5414846543309401,0.5670582333229832,0.6416577406731427,0.4650136072520983,0.5533738836862895,0.6422880538895647
192,28,3,PX-003,negation to lock formation,0.6688313518951431,0.5414846543309401,0.5639018686575512,0.6416577406731427,0.4650136072520983,0.5533738836862895,0.6422880538895647
193,28,4,PX-004,lagged temporal recursion,0.6688313518951431,0.5414846543309401,0.5639018686575512,0.6330587563382323,0.48872105468365873,0.5533738836862895,0.6422880538895647
194,28,5,PX-005,false signal injection,0.6688313518951431,0.5414846543309401,0.5639018686575512,0.6330587563382323,0.5234492662112334,0.5533738836862895,0.6422880538895647
195,28,6,PX-006,signal to unstable utterance,0.6688313518951431,0.5414846543309401,0.5639018686575512,0.6330587563382323,0.5234492662112334,0.5498824898356065,0.6648176012760831
196,28,7,PX-007,silence feedback reset,0.6035706715216789,0.5172672486248643,0.5639018686575512,0.6330587563382323,0.4632500932759927,0.5498824898356065,0.6389154999890021
197,29,1,PX-001,amplify identity fracture,0.6556685243603604,0.5073525467413715,0.5639018686575512,0.6330587563382323,0.4632500932759927,0.5498824898356065,0.6389154999890021
198,29,2,PX-002,fracture to access recursion,0.6556685243603604,0.5400091525331139,0.5639018686575512,0.6390033052388094,0.4632500932759927,0.5498824898356065,0.6389154999890021
199,29,3,PX-003,negation to lock formation,0.6691971616717226,0.5400091525331139,0.5612796417932963,0.6390033052388094,0.4632500932759927,0.5498824898356065,0.6389154999890021
200,29,4,PX-004,lagged temporal recursion,0.6691971616717226,0.5400091525331139,0.5612796417932963,0.6309232380466675,0.4869554525180017,0.5498824898356065,0.6389154999890021
201,29,5,PX-005,false signal injection,0.6691971616717226,0.5400091525331139,0.5612796417932963,0.6309232380466675,0.521590019999909,0.5498824898356065,0.6389154999890021
202,29,6,PX-006,signal to unstable utterance,0.6691971616717226,0.5400091525331139,0.5612796417932963,0.6309232380466675,0.521590019999909,0.5468413326175651,0.6614927416148219
203,29,7,PX-007,silence feedback reset,0.6042128417560112,0.5159789450277381,0.5612796417932963,0.6309232380466675,0.46190571534331293,0.5468413326175651,0.635709000556568
204,30,1,PX-001,amplify identity fracture,0.656428960693449,0.5061385712441836,0.5612796417932963,0.6309232380466675,0.46190571534331293,0.5468413326175651,0.635709000556568
205,30,2,PX-002,fracture to access recursion,0.656428960693449,0.539062792279062,0.5612796417932963,0.6368919045425838,0.46190571534331293,0.5468413326175651,0.635709000556568
206,30,3,PX-003,negation to lock formation,0.6698768474787743,0.539062792279062,0.559164325228171,0.6368919045425838,0.46190571534331293,0.5468413326175651,0.635709000556568
207,30,4,PX-004,lagged temporal recursion,0.6698768474787743,0.539062792279062,0.559164325228171,0.629285656358286,0.48560876640051076,0.5468413326175651,0.635709000556568
208,30,5,PX-005,false signal injection,0.6698768474787743,0.539062792279062,0.559164325228171,0.629285656358286,0.5201774138669094,0.5468413326175651,0.635709000556568
209,30,6,PX-006,signal to unstable utterance,0.6698768474787743,0.539062792279062,0.559164325228171,0.629285656358286,0.5201774138669094,0.5442599659123561,0.6583456771083102
210,30,7,PX-007,silence feedback reset,0.6051000193590167,0.5151862165935749,0.559164325228171,0.629285656358286,0.4609314674737631,0.5442599659123561,0.632753629539179
211,31,1,PX-001,amplify identity fracture,0.6573980114318262,0.5054066381404306,0.559164325228171,0.629285656358286,0.4609314674737631,0.5442599659123561,0.632753629539179
212,31,2,PX-002,fracture to access recursion,0.6573980114318262,0.5385542183307156,0.559164325228171,0.6352751495652045,0.4609314674737631,0.5442599659123561,0.632753629539179
213,31,3,PX-003,negation to lock formation,0.6707684277482308,0.5385542183307156,0.5575155829523144,0.6352751495652045,0.4609314674737631,0.5442599659123561,0.632753629539179
214,31,4,PX-004,lagged temporal recursion,0.6707684277482308,0.5385542183307156,0.5575155829523144,0.6280898805321277,0.48463231178727545,0.5442599659123561,0.632753629539179
215,31,5,PX-005,false signal injection,0.6707684277482308,0.5385542183307156,0.5575155829523144,0.6280898805321277,0.5191585864326086,0.5442599659123561,0.632753629539179
216,31,6,PX-006,signal to unstable utterance,0.6707684277482308,0.5385542183307156,0.5575155829523144,0.6280898805321277,0.5191585864326086,0.5421277286731941,0.6554564914174029
217,31,7,PX-007,silence feedback reset,0.6061392430572524,0.514800051693894,0.5575155829523144,0.6280898805321277,0.46027627185258785,0.5421277286731941,0.6301041308722872
218,32,1,PX-001,amplify identity fracture,0.6584877824283836,0.5050687225195263,0.5575155829523144,0.6280898805321277,0.46027627185258785,0.5421277286731941,0.6301041308722872
219,32,2,PX-002,fracture to access recursion,0.6584877824283836,0.5383974814164446,0.5575155829523144,0.6340969446811714,0.46027627185258785,0.5421277286731941,0.6301041308722872
220,32,3,PX-003,negation to lock formation,0.6717862455086401,0.5383974814164446,0.5562847658995522,0.6340969446811714,0.46027627185258785,0.5421277286731941,0.6301041308722872
221,32,4,PX-004,lagged temporal recursion,0.6717862455086401,0.5383974814164446,0.5562847658995522,0.6272760554289658,0.48397517583754857,0.5421277286731941,0.6301041308722872
222,32,5,PX-005,false signal injection,0.6717862455086401,0.5383974814164446,0.5562847658995522,0.6272760554289658,0.5184784533607802,0.5421277286731941,0.6301041308722872
223,32,6,PX-006,signal to unstable utterance,0.6717862455086401,0.5383974814164446,0.5562847658995522,0.6272760554289658,0.5184784533607802,0.5404191258177041,0.6528759817599336
224,32,7,PX-007,silence feedback reset,0.6072538224440422,0.5147374345434353,0.5562847658995522,0.6272760554289658,0.45988922758654727,0.5404191258177041,0.6277902131436203
225,33,1,PX-001,amplify identity fracture,0.6596268247098155,0.5050430208310847,0.5562847658995522,0.6272760554289658,0.45988922758654727,0.5404191258177041,0.6277902131436203
226,33,2,PX-002,fracture to access recursion,0.6596268247098155,0.5385139061815061,0.5562847658995522,0.6332975662485156,0.45988922758654727,0.5404191258177041,0.6277902131436203
227,33,3,PX-003,negation to lock formation,0.672860301396869,0.5385139061815061,0.5554188187618893,0.6332975662485156,0.45988922758654727,0.5404191258177041,0.6277902131436203
228,33,4,PX-004,lagged temporal recursion,0.672860301396869,0.5385139061815061,0.5554188187618893,0.6267838441510092,0.4835865170205945,0.5404191258177041,0.6277902131436203
229,33,5,PX-005,false signal injection,0.672860301396869,0.5385139061815061,0.5554188187618893,0.6267838441510092,0.5180822188238566,0.5404191258177041,0.6277902131436203
230,33,6,PX-006,signal to unstable utterance,0.672860301396869,0.5385139061815061,0.5554188187618893,0.6267838441510092,0.5180822188238566,0.5390984272887649,0.6506307789072849
231,33,7,PX-007,silence feedback reset,0.6083823753796066,0.5149229569953505,0.5554188187618893,0.6267838441510092,0.459721363979194,0.5390984272887649,0.625821461495615
232,34,1,PX-001,amplify identity fracture,0.6607589051963938,0.5052554618702163,0.5554188187618893,0.6267838441510092,0.459721363979194,0.5390984272887649,0.625821461495615
233,34,2,PX-002,fracture to access recursion,0.6607589051963938,0.5388332599039144,0.5554188187618893,0.6328168824881567,0.459721363979194,0.5390984272887649,0.625821461495615
234,34,3,PX-003,negation to lock formation,0.6739351775401167,0.5388332599039144,0.554863384585396,0.6328168824881567,0.459721363979194,0.5390984272887649,0.625821461495615
235,34,4,PX-004,lagged temporal recursion,0.6739351775401167,0.5388332599039144,0.554863384585396,0.6265548980035206,0.4834173597771788,0.5390984272887649,0.625821461495615
236,34,5,PX-005,false signal injection,0.6739351775401167,0.5388332599039144,0.554863384585396,0.6265548980035206,0.5179173060933082,0.5390984272887649,0.625821461495615
237,34,6,PX-006,signal to unstable utterance,0.6739351775401167,0.5388332599039144,0.554863384585396,0.6265548980035206,0.5179173060933082,0.5381235177869763,0.6487281207078349
238,34,7,PX-007,silence feedback reset,0.6094775499963201,0.51528978873511,0.554863384585396,0.6265548980035206,0.45972695369372174,0.5381235177869763,0.6241918000226392
239,35,1,PX-001,amplify identity fracture,0.6618415167382168,0.5056405989121944,0.554863384585396,0.6265548980035206,0.45972695369372174,0.5381235177869763,0.6241918000226392
240,35,2,PX-002,fracture to access recursion,0.6618415167382168,0.5392943517656651,0.554863384585396,0.6325968030295582,0.45972695369372174,0.5381235177869763,0.6241918000226392
241,35,3,PX-003,negation to lock formation,0.6749686815754353,0.5392943517656651,0.5545651980607093,0.6325968030295582,0.45972695369372174,0.5381235177869763,0.6241918000226392
242,35,4,PX-004,lagged temporal recursion,0.6749686815754353,0.5392943517656651,0.5545651980607093,0.626534649537653,0.48342193855427185,0.5381235177869763,0.6241918000226392
243,35,5,PX-005,false signal injection,0.6749686815754353,0.5392943517656651,0.5545651980607093,0.626534649537653,0.517934776924393,0.5381235177869763,0.6241918000226392
244,35,6,PX-006,signal to unstable utterance,0.6749686815754353,0.5392943517656651,0.5545651980607093,0.626534649537653,0.517934776924393,0.5374490468809833,0.6471602039562643
245,35,7,PX-007,silence feedback reset,0.6105045347103941,0.5157801243745335,0.5545651980607093,0.626534649537653,0.4598644354513118,0.5374490468809833,0.6228834643997639
246,36,1,PX-001,amplify identity fracture,0.6628442360865681,0.506141997052365,0.5545651980607093,0.626534649537653,0.4598644354513118,0.5374490468809833,0.6228834643997639
247,36,2,PX-002,fracture to access recursion,0.6628442360865681,0.5398451746564815,0.5545651980607093,0.6325830535581077,0.4598644354513118,0.5374490468809833,0.6228834643997639
248,36,3,PX-003,negation to lock formation,0.6759303200932814,0.5398451746564815,0.5544738582216879,0.6325830535581077,0.4598644354513118,0.5374490468809833,0.6228834643997639
249,36,4,PX-004,lagged temporal recursion,0.6759303200932814,0.5398451746564815,0.5544738582216879,0.6266735256618958,0.48355864155128914,0.5374490468809833,0.6228834643997639
250,36,5,PX-005,false signal injection,0.6759303200932814,0.5398451746564815,0.5544738582216879,0.6266735256618958,0.5180903049399089,0.5374490468809833,0.6228834643997639
251,36,6,PX-006,signal to unstable utterance,0.6759303200932814,0.5398451746564815,0.5544738582216879,0.6266735256618958,0.5180903049399089,0.5370289393729167,0.6459080659255668
252,36,7,PX-007,silence feedback reset,0.6114394483917028,0.5163452107402773,0.5544738582216879,0.6266735256618958,0.46009699427183015,0.5370289393729167,0.6218704658147833
253,37,1,PX-001,amplify identity fracture,0.6637470196985159,0.5067122156385486,0.5544738582216879,0.6266735256618958,0.46009699427183015,0.5370289393729167,0.6218704658147833
254,37,2,PX-002,fracture to access recursion,0.6637470196985159,0.5404426875563828,0.5544738582216879,0.6327263725557128,0.46009699427183015,0.5370289393729167,0.6218704658147833
255,37,3,PX-003,negation to lock formation,0.6767996928596764,0.5404426875563828,0.5545430683706212,0.6327263725557128,0.46009699427183015,0.5370289393729167,0.6218704658147833
256,37,4,PX-004,lagged temporal recursion,0.6767996928596764,0.5404426875563828,0.5545430683706212,0.6269276752959211,0.4837906038104811,0.5370289393729167,0.6218704658147833
257,37,5,PX-005,false signal injection,0.6767996928596764,0.5404426875563828,0.5545430683706212,0.6269276752959211,0.5183447657896293,0.5370289393729167,0.6218704658147833
258,37,6,PX-006,signal to unstable utterance,0.6767996928596764,0.5404426875563828,0.5545430683706212,0.6269276752959211,0.5183447657896293,0.5368183313475118,0.6449449697343496
259,37,7,PX-007,silence feedback reset,0.6122676907937913,0.5169450457622059,0.5545430683706212,0.6269276752959211,0.4603928474743767,0.5368183313475118,0.6211215449642816
260,38,1,PX-001,amplify identity fracture,0.6645385104596735,0.5073124745976423,0.5545430683706212,0.6269276752959211,0.4603928474743767,0.5368183313475118,0.6211215449642816
261,38,2,PX-002,fracture to access recursion,0.6645385104596735,0.5410523250613638,0.5545430683706212,0.6329832247568368,0.4603928474743767,0.5368183313475118,0.6211215449642816
262,38,3,PX-003,negation to lock formation,0.6775648826060487,0.5410523250613638,0.5547314266013053,0.6329832247568368,0.4603928474743767,0.5368183313475118,0.6211215449642816
263,38,4,PX-004,lagged temporal recursion,0.6775648826060487,0.5410523250613638,0.5547314266013053,0.6272593009047625,0.4840859998423269,0.5368183313475118,0.6211215449642816
264,38,5,PX-005,false signal injection,0.6775648826060487,0.5410523250613638,0.5547314266013053,0.6272593009047625,0.518664505146372,0.5368183313475118,0.6211215449642816
265,38,6,PX-006,signal to unstable utterance,0.6775648826060487,0.5410523250613638,0.5547314266013053,0.6272593009047625,0.518664505146372,0.5367749997769895,0.6442392874836806
266,38,7,PX-007,silence feedback reset,0.6129823204011496,0.5175478303614574,0.5547314266013053,0.6272593009047625,0.4607252851021008,0.5367749997769895,0.6206026296529926
267,39,1,PX-001,amplify identity fracture,0.6652144129765747,0.5079120840266517,0.5547314266013053,0.6272593009047625,0.4607252851021008,0.5367749997769895,0.6206026296529926
268,39,2,PX-002,fracture to access recursion,0.6652144129765747,0.5416473104677092,0.5547314266013053,0.6333161208197661,0.4607252851021008,0.5367749997769895,0.6206026296529926
269,39,3,PX-003,negation to lock formation,0.6782208997026574,0.5416473104677092,0.5550028449007028,0.6333161208197661,0.4607252851021008,0.5367749997769895,0.6206026296529926
270,39,4,PX-004,lagged temporal recursion,0.6782208997026574,0.5416473104677092,0.5550028449007028,0.6276366763236169,0.48441808637997263,0.5367749997769895,0.6206026296529926
271,39,5,PX-005,false signal injection,0.6782208997026574,0.5416473104677092,0.5550028449007028,0.6276366763236169,0.5190213436351837,0.5367749997769895,0.6206026296529926
272,39,6,PX-006,signal to unstable utterance,0.6782208997026574,0.5416473104677092,0.5550028449007028,0.6276366763236169,0.5190213436351837,0.5368603537937329,0.6437568919021619
273,39,7,PX-007,silence feedback reset,0.6135825133659331,0.5181292455821552,0.5550028449007028,0.6276366763236169,0.4610725130921208,0.5368603537937329,0.6202788216889753
274,40,1,PX-001,amplify identity fracture,0.6657759808681275,0.5084877076441863,0.5550028449007028,0.6276366763236169,0.4610725130921208,0.5368603537937329,0.6202788216889753
275,40,2,PX-002,fracture to access recursion,0.6657759808681275,0.5422078392730263,0.5550028449007028,0.6336936257182697,0.4610725130921208,0.5368603537937329,0.6202788216889753
276,40,3,PX-003,negation to lock formation,0.6787682266501559,0.5422078392730263,0.5553266687831961,0.6336936257182697,0.4610725130921208,0.5368603537937329,0.6202788216889753
277,40,4,PX-004,lagged temporal recursion,0.6787682266501559,0.5422078392730263,0.5553266687831961,0.6280339251977278,0.48476504524209996,0.5368603537937329,0.6202788216889753
278,40,5,PX-005,false signal injection,0.6787682266501559,0.5422078392730263,0.5553266687831961,0.6280339251977278,0.519392374994865,0.5368603537937329,0.6202788216889753
279,40,6,PX-006,signal to unstable utterance,0.6787682266501559,0.5422078392730263,0.5553266687831961,0.6280339251977278,0.519392374994865,0.53704005430804,0.6434630810452202
280,40,7,PX-007,silence feedback reset,0.614072143756926,0.5186716182806932,0.5553266687831961,0.6280339251977278,0.4614173458600072,0.53704005430804,0.6201159483653157
281,41,1,PX-001,amplify identity fracture,0.666228646521805,0.509022522006884,0.5553266687831961,0.6280339251977278,0.4614173458600072,0.53704005430804,0.6201159483653157
282,41,2,PX-002,fracture to access recursion,0.666228646521805,0.5427201905920452,0.5553266687831961,0.6340901301680417,0.4614173458600072,0.53704005430804,0.6201159483653157
283,41,3,PX-003,negation to lock formation,0.6792114941807739,0.5427201905920452,0.5556775629131376,0.6340901301680417,0.4614173458600072,0.53704005430804,0.6201159483653157
284,41,4,PX-004,lagged temporal recursion,0.6792114941807739,0.5427201905920452,0.5556775629131376,0.6284306256168726,0.4851096742601386,0.53704005430804,0.6201159483653157
285,41,5,PX-005,false signal injection,0.6792114941807739,0.5427201905920452,0.5556775629131376,0.6284306256168726,0.5197596098943026,0.53704005430804,0.6201159483653157
286,41,6,PX-006,signal to unstable utterance,0.6792114941807739,0.5427201905920452,0.5556775629131376,0.6284306256168726,0.5197596098943026,0.5372843258624849,0.643324071346707
287,41,7,PX-007,silence feedback reset,0.614458512547052,0.5191630297104709,0.5556775629131376,0.6284306256168726,0.46174679189213147,0.5372843258624849,0.620081720876572
288,42,1,PX-001,amplify identity fracture,0.6665808122169785,0.50950532456412,0.5556775629131376,0.6284306256168726,0.46174679189213147,0.5372843258624849,0.620081720876572
289,42,2,PX-002,fracture to access recursion,0.6665808122169785,0.5431758147072306,0.5556775629131376,0.6344854505463969,0.46174679189213147,0.5372843258624849,0.620081720876572
290,42,3,PX-003,negation to lock formation,0.6795583090479507,0.5431758147072306,0.5560352213192918,0.6344854505463969,0.46174679189213147,0.5372843258624849,0.620081720876572
291,42,4,PX-004,lagged temporal recursion,0.6795583090479507,0.5431758147072306,0.5560352213192918,0.6288112975230532,0.4854389707651693,0.5372843258624849,0.620081720876572
292,42,5,PX-005,false signal injection,0.6795583090479507,0.5431758147072306,0.5560352213192918,0.6288112975230532,0.520109512890576,0.5372843258624849,0.620081720876572
293,42,6,PX-006,signal to unstable utterance,0.6795583090479507,0.5431758147072306,0.5560352213192918,0.6288112975230532,0.520109512890576,0.5375680207097665,0.6433081020346414
294,42,7,PX-007,silence feedback reset,0.6147512411607422,0.5195964123095048,0.5560352213192918,0.6288112975230532,0.4620515716024078,0.5375680207097665,0.6201465465898145
295,43,1,PX-001,amplify identity fracture,0.6668428115063757,0.509929634688079,0.5560352213192918,0.6288112975230532,0.4620515716024078,0.5375680207097665,0.6201465465898145
296,43,2,PX-002,fracture to access recursion,0.6668428115063757,0.5435704358557613,0.5560352213192918,0.6348643136667571,0.4620515716024078,0.5375680207097665,0.6201465465898145
297,43,3,PX-003,negation to lock formation,0.6798182434684742,0.5435704358557613,0.5563839537198254,0.6348643136667571,0.4620515716024078,0.5375680207097665,0.6201465465898145
298,43,4,PX-004,lagged temporal recursion,0.6798182434684742,0.5435704358557613,0.5563839537198254,0.6291648205420706,0.485743647451364,0.5375680207097665,0.6201465465898145
299,43,5,PX-005,false signal injection,0.6798182434684742,0.5435704358557613,0.5563839537198254,0.6291648205420706,0.5204324742277205,0.5375680207097665,0.6201465465898145
300,43,6,PX-006,signal to unstable utterance,0.6798182434684742,0.5435704358557613,0.5563839537198254,0.6291648205420706,0.5204324742277205,0.5378704902848088,0.643386198731633
301,43,7,PX-007,silence feedback reset,0.6149613353817784,0.519968671073113,0.5563839537198254,0.6291648205420706,0.46232560144434104,0.5378704902848088,0.6202840443165972
302,44,1,PX-001,amplify identity fracture,0.6670260413928714,0.5102928229667782,0.5563839537198254,0.6291648205420706,0.46232560144434104,0.5378704902848088,0.6202840443165972
303,44,2,PX-002,fracture to access recursion,0.6670260413928714,0.543903200581988,0.5563839537198254,0.6352157737719375,0.46232560144434104,0.5378704902848088,0.6202840443165972
304,44,3,PX-003,negation to lock formation,0.6800019877661343,0.543903200581988,0.5567121923006033,0.6352157737719375,0.46232560144434104,0.5378704902848088,0.6202840443165972
305,44,4,PX-004,lagged temporal recursion,0.6800019877661343,0.543903200581988,0.5567121923006033,0.6294838213008241,0.4860176148956317,0.5378704902848088,0.6202840443165972
306,44,5,PX-005,false signal injection,0.6800019877661343,0.543903200581988,0.5567121923006033,0.6294838213008241,0.5207222518452838,0.5378704902848088,0.6202840443165972
307,44,6,PX-006,signal to unstable utterance,0.6800019877661343,0.543903200581988,0.5567121923006033,0.6294838213008241,0.5207222518452838,0.5381753137285373,0.6435326462174179
308,44,7,PX-007,silence feedback reset,0.6151004172093473,0.5202798573151198,0.5567121923006033,0.6294838213008241,0.4625654724772551,0.5381753137285373,0.6204713118487345
309,45,1,PX-001,amplify identity fracture,0.6671422591762963,0.5105952955472163,0.5567121923006033,0.6294838213008241,0.4625654724772551,0.5381753137285373,0.6204713118487345
310,45,2,PX-002,fracture to access recursion,0.6671422591762963,0.5441758937827242,0.5567121923006033,0.6355326004819617,0.4625654724772551,0.5381753137285373,0.6204713118487345
311,45,3,PX-003,negation to lock formation,0.6801206610705853,0.5441758937827242,0.5570119561833605,0.6355326004819617,0.4625654724772551,0.5381753137285373,0.6204713118487345
312,45,4,PX-004,lagged temporal recursion,0.6801206610705853,0.5441758937827242,0.5570119561833605,0.6297640612512655,0.48625745902691164,0.5381753137285373,0.6204713118487345
313,45,5,PX-005,false signal injection,0.6801206610705853,0.5441758937827242,0.5570119561833605,0.6297640612512655,0.5209754124405732,0.5381753137285373,0.6204713118487345
314,45,6,PX-006,signal to unstable utterance,0.6801206610705853,0.5441758937827242,0.5570119561833605,0.6297640612512655,0.5209754124405732,0.538469927138572,0.6437252201881563
315,45,7,PX-007,silence feedback reset,0.6151801159073945,0.5205324146428295,0.5570119561833605,0.6297640612512655,0.46276994566594676,0.538469927138572,0.6206889933416306
316,46,1,PX-001,amplify identity fracture,0.6672030328293577,0.5108397524294391,0.5570119561833605,0.6297640612512655,0.46276994566594676,0.538469927138572,0.6206889933416306
317,46,2,PX-002,fracture to access recursion,0.6672030328293577,0.5443922371517913,0.5570119561833605,0.635810668380348,0.46276994566594676,0.538469927138572,0.6206889933416306
318,46,3,PX-003,negation to lock formation,0.680185269889103,0.5443922371517913,0.5572783039511217,0.635810668380348,0.46276994566594676,0.538469927138572,0.6206889933416306
319,46,4,PX-004,lagged temporal recursion,0.680185269889103,0.5443922371517913,0.5572783039511217,0.6300038486838679,0.48646193579608354,0.538469927138572,0.6206889933416306
320,46,5,PX-005,false signal injection,0.680185269889103,0.5443922371517913,0.5572783039511217,0.6300038486838679,0.5211907940359366,0.538469927138572,0.6206889933416306
321,46,6,PX-006,signal to unstable utterance,0.680185269889103,0.5443922371517913,0.5572783039511217,0.6300038486838679,0.5211907940359366,0.5387451910063565,0.643945225821739
322,46,7,PX-007,silence feedback reset,0.6152116049484273,0.5207305098126102,0.5572783039511217,0.6300038486838679,0.4629394804913295,0.5387451910063565,0.620921191019419
323,47,1,PX-001,amplify identity fracture,0.6672193302791363,0.5110305315620203,0.5572783039511217,0.6300038486838679,0.4629394804913295,0.5387451910063565,0.620921191019419
324,47,2,PX-002,fracture to access recursion,0.6672193302791363,0.5445572782522217,0.5572783039511217,0.6360483715976032,0.4629394804913295,0.5387451910063565,0.620921191019419
325,47,3,PX-003,negation to lock formation,0.6802063008642003,0.5445572782522217,0.5575087981246675,0.6360483715976032,0.4629394804913295,0.5387451910063565,0.620921191019419
326,47,4,PX-004,lagged temporal recursion,0.6802063008642003,0.5445572782522217,0.5575087981246675,0.6302034920825257,0.48663149953111084,0.5387451910063565,0.620921191019419
327,47,5,PX-005,false signal injection,0.6802063008642003,0.5445572782522217,0.5575087981246675,0.6302034920825257,0.521369006517719,0.5387451910063565,0.620921191019419
328,47,6,PX-006,signal to unstable utterance,0.6802063008642003,0.5445572782522217,0.5575087981246675,0.6302034920825257,0.521369006517719,0.5389949270796978,0.6441773874948897
329,47,7,PX-007,silence feedback reset,0.6152052686383455,0.5208794549512208,0.5575087981246675,0.6302034920825257,0.4630758082311104,0.5389949270796978,0.62115526152064
330,48,1,PX-001,amplify identity fracture,0.6672012308536477,0.5111730445293922,0.5575087981246675,0.6302034920825257,0.4630758082311104,0.5389949270796978,0.62115526152064
331,48,2,PX-002,fracture to access recursion,0.6672012308536477,0.5446768730071107,0.5575087981246675,0.6362460802499689,0.4630758082311104,0.5389949270796978,0.62115526152064
332,48,3,PX-003,negation to lock formation,0.6801934318794264,0.5446768730071107,0.5577029995420968,0.6362460802499689,0.4630758082311104,0.5389949270796978,0.62115526152064
333,48,4,PX-004,lagged temporal recursion,0.6801934318794264,0.5446768730071107,0.5577029995420968,0.6303648063066384,0.4867678762213125,0.5389949270796978,0.62115526152064
334,48,5,PX-005,false signal injection,0.6801934318794264,0.5446768730071107,0.5577029995420968,0.6303648063066384,0.5215119812405034,0.5389949270796978,0.62115526152064
335,48,6,PX-006,signal to unstable utterance,0.6801934318794264,0.5446768730071107,0.5577029995420968,0.6303648063066384,0.5215119812405034,0.5392154498718746,0.6444096295339037
336,48,7,PX-007,silence feedback reset,0.6151704806934724,0.520985222507207,0.5577029995420968,0.6303648063066384,0.4631815567105354,0.5392154498718746,0.6213815323754434
337,49,1,PX-001,amplify identity fracture,0.6671577412002119,0.5112733046300123,0.5577029995420968,0.6303648063066384,0.4631815567105354,0.5392154498718746,0.6213815323754434
338,49,2,PX-002,fracture to access recursion,0.6671577412002119,0.544757260034012,0.5577029995420968,0.6364056499664945,0.4631815567105354,0.5392154498718746,0.6213815323754434
339,49,3,PX-003,negation to lock formation,0.6801553446726076,0.544757260034012,0.5578620042875743,0.6364056499664945,0.4631815567105354,0.5392154498718746,0.6213815323754434
340,49,4,PX-004,lagged temporal recursion,0.6801553446726076,0.544757260034012,0.5578620042875743,0.6304906783011173,0.4868736884209241,0.5392154498718746,0.6213815323754434
341,49,5,PX-005,false signal injection,0.6801553446726076,0.544757260034012,0.5578620042875743,0.6304906783011173,0.5216225761569172,0.5392154498718746,0.6213815323754434
342,49,6,PX-006,signal to unstable utterance,0.6801553446726076,0.544757260034012,0.5578620042875743,0.6304906783011173,0.5216225761569172,0.5394051123980083,0.6446327828195123
343,49,7,PX-007,silence feedback reset,0.615115476666574,0.5210540502506863,0.5578620042875743,0.6304906783011173,0.4632599295161267,0.5394051123980083,0.6215929689450993
344,50,1,PX-001,amplify identity fracture,0.6670966979771812,0.5113375442284005,0.5578620042875743,0.6304906783011173,0.4632599295161267,0.5394051123980083,0.6215929689450993
345,50,2,PX-002,fracture to access recursion,0.6670966979771812,0.5448047219234815,0.5578620042875743,0.6365299909988061,0.4632599295161267,0.5394051123980083,0.6215929689450993
346,50,3,PX-003,negation to lock formation,0.6800996220427569,0.5448047219234815,0.5579880312118995,0.6365299909988061,0.4632599295161267,0.5394051123980083,0.6215929689450993
347,50,4,PX-004,lagged temporal recursion,0.6800996220427569,0.5448047219234815,0.5579880312118995,0.6305846951125036,0.4869521346751783,0.5394051123980083,0.6215929689450993
348,50,5,PX-005,false signal injection,0.6800996220427569,0.5448047219234815,0.5579880312118995,0.6305846951125036,0.5217042390974133,0.5394051123980083,0.6215929689450993
349,50,6,PX-006,signal to unstable utterance,0.6800996220427569,0.5448047219234815,0.5579880312118995,0.6305846951125036,0.5217042390974133,0.5395638805904016,0.64484024675733
350,50,7,PX-007,silence feedback reset,0.6150473026253972,0.5210921306227829,0.5579880312118995,0.6305846951125036,0.4633144396315795,0.5395638805904016,0.621784816951847
351,51,1,PX-001,amplify identity fracture,0.667024740347158,0.5113719153711529,0.5579880312118995,0.6305846951125036,0.4633144396315795,0.5395638805904016,0.621784816951847
352,51,2,PX-002,fracture to access recursion,0.667024740347158,0.5448253262025223,0.5579880312118995,0.6366226995321896,0.4633144396315795,0.5395638805904016,0.621784816951847
353,51,3,PX-003,negation to lock formation,0.6800327133804779,0.5448253262025223,0.5580840642155445,0.6366226995321896,0.4633144396315795,0.5395638805904016,0.621784816951847
354,51,4,PX-004,lagged temporal recursion,0.6800327133804779,0.5448253262025223,0.5580840642155445,0.6306508338825689,0.48700672336411494,0.5395638805904016,0.621784816951847
355,51,5,PX-005,false signal injection,0.6800327133804779,0.5448253262025223,0.5580840642155445,0.6306508338825689,0.5217607287849441,0.5395638805904016,0.621784816951847
356,51,6,PX-006,signal to unstable utterance,0.6800327133804779,0.5448253262025223,0.5580840642155445,0.6306508338825689,0.5217607287849441,0.539692946317945,0.6450276308546238
357,51,7,PX-007,silence feedback reset,0.6149718236321848,0.5211053766569369,0.5580840642155445,0.6306508338825689,0.46334869516193977,0.539692946317945,0.6219542407135328
358,52,1,PX-001,amplify identity fracture,0.6669473365558053,0.5113822656908248,0.5580840642155445,0.6306508338825689,0.46334869516193977,0.539692946317945,0.6219542407135328
359,52,2,PX-002,fracture to access recursion,0.6669473365558053,0.5448247372176139,0.5580840642155445,0.6366877507537132,0.46334869516193977,0.539692946317945,0.6219542407135328
360,52,3,PX-003,negation to lock formation,0.6799599534139174,0.5448247372176139,0.5581535503186426,0.6366877507537132,0.46334869516193977,0.539692946317945,0.6219542407135328
361,52,4,PX-004,lagged temporal recursion,0.6799599534139174,0.5448247372176139,0.5581535503186426,0.6306932111319858,0.48704105859139385,0.539692946317945,0.6219542407135328
362,52,5,PX-005,false signal injection,0.6799599534139174,0.5448247372176139,0.5581535503186426,0.6306932111319858,0.5217958908807999,0.539692946317945,0.6219542407135328
363,52,6,PX-006,signal to unstable utterance,0.6799599534139174,0.5448247372176139,0.5581535503186426,0.6306932111319858,0.5217958908807999,0.5397943850593844,0.6451923951311986
364,52,7,PX-007,silence feedback reset,0.6148937771413252,0.5210992554330671,0.5581535503186426,0.6306932111319858,0.4633662331904059,0.5397943850593844,0.6220999725450742
365,53,1,PX-001,amplify identity fracture,0.666868850485215,0.511373980458122,0.5581535503186426,0.6306932111319858,0.4633662331904059,0.5397943850593844,0.6220999725450742
366,53,2,PX-002,fracture to access recursion,0.666868850485215,0.5448080893900055,0.5581535503186426,0.6367292509132441,0.4633662331904059,0.5397943850593844,0.6220999725450742
367,53,3,PX-003,negation to lock formation,0.6798856205679097,0.5448080893900055,0.5582001520874185,0.6367292509132441,0.4633662331904059,0.5397943850593844,0.6220999725450742
368,53,4,PX-004,lagged temporal recursion,0.6798856205679097,0.5448080893900055,0.5582001520874185,0.6307158869541468,0.4870586741446059,0.5397943850593844,0.6220999725450742
369,53,5,PX-005,false signal injection,0.6798856205679097,0.5448080893900055,0.5582001520874185,0.6307158869541468,0.5218134847443812,0.5397943850593844,0.6220999725450742
370,53,6,PX-006,signal to unstable utterance,0.6798856205679097,0.5448080893900055,0.5582001520874185,0.6307158869541468,0.5218134847443812,0.53987086106773,0.6453335039926446
371,53,7,PX-007,silence feedback reset,0.6148168582447786,0.5210786794470618,0.5582001520874185,0.6307158869541468,0.4633703967707932,0.53987086106773,0.6222219846130277
372,54,1,PX-001,amplify identity fracture,0.6667926358708125,0.5113518811451092,0.5582001520874185,0.6307158869541468,0.4633703967707932,0.53987086106773,0.6222219846130277
373,54,2,PX-002,fracture to access recursion,0.6667926358708125,0.5447799121017877,0.5582001520874185,0.636751243953518,0.4633703967707932,0.53987086106773,0.6222219846130277
374,54,3,PX-003,negation to lock formation,0.6798130230343924,0.5447799121017877,0.5582275511659095,0.636751243953518,0.4633703967707932,0.53987086106773,0.6222219846130277
375,54,4,PX-004,lagged temporal recursion,0.6798130230343924,0.5447799121017877,0.5582275511659095,0.6307227186233733,0.48706291052776873,0.53987086106773,0.6222219846130277
376,54,5,PX-005,false signal injection,0.6798130230343924,0.5447799121017877,0.5582275511659095,0.6307227186233733,0.5218170555585452,0.53987086106773,0.6222219846130277
377,54,6,PX-006,signal to unstable utterance,0.6798130230343924,0.5447799121017877,0.5582275511659095,0.6307227186233733,0.5218170555585452,0.539925380293749,0.6454511041066461
378,54,7,PX-007,silence feedback reset,0.6147438256067883,0.5210479462445015,0.5582275511659095,0.6307227186233733,0.4633642494984186,0.539925380293749,0.6223211908962101
379,55,1,PX-001,amplify identity fracture,0.6667211477406585,0.5113201708918744,0.5582275511659095,0.6307227186233733,0.4633642494984186,0.539925380293749,0.6223211908962101
380,55,2,PX-002,fracture to access recursion,0.6667211477406585,0.5447440967319416,0.5582275511659095,0.6367575671959874,0.4633642494984186,0.539925380293749,0.6223211908962101
381,55,3,PX-003,negation to lock formation,0.6797446024267233,0.5447440967319416,0.5582392984037727,0.6367575671959874,0.4633642494984186,0.539925380293749,0.6223211908962101
382,55,4,PX-004,lagged temporal recursion,0.6797446024267233,0.5447440967319416,0.5582392984037727,0.6307172574905361,0.4870568295163599,0.539925380293749,0.6223211908962101
383,55,5,PX-005,false signal injection,0.6797446024267233,0.5447440967319416,0.5582392984037727,0.6307172574905361,0.521809845924077,0.539925380293749,0.6223211908962101
384,55,6,PX-006,signal to unstable utterance,0.6797446024267233,0.5447440967319416,0.5582392984037727,0.6307172574905361,0.521809845924077,0.5399610893670124,0.6455462332978639
385,55,7,PX-007,silence feedback reset,0.6146766188302331,0.5210107170474513,0.5582392984037727,0.6307172574905361,0.46335052192407516,0.5399610893670124,0.6223991838388707
386,56,1,PX-001,amplify identity fracture,0.6666560624784711,0.5112824176956021,0.5582392984037727,0.6307172574905361,0.46335052192407516,0.5399610893670124,0.6223991838388707
387,56,2,PX-002,fracture to access recursion,0.6666560624784711,0.544703896954439,0.5582392984037727,0.6367517499582239,0.46335052192407516,0.5399610893670124,0.6223991838388707
388,56,3,PX-003,negation to lock formation,0.6796820466454779,0.544703896954439,0.5582387052954261,0.6367517499582239,0.46335052192407516,0.5399610893670124,0.6223991838388707
389,56,4,PX-004,lagged temporal recursion,0.6796820466454779,0.544703896954439,0.5582387052954261,0.6307026828023815,0.487043160512364,0.5399610893670124,0.6223991838388707
390,56,5,PX-005,false signal injection,0.6796820466454779,0.544703896954439,0.5582387052954261,0.6307026828023815,0.5217947408638794,0.5399610893670124,0.6223991838388707
391,56,6,PX-006,signal to unstable utterance,0.6796820466454779,0.544703896954439,0.5582387052954261,0.6307026828023815,0.5217947408638794,0.5399811175035629,0.6456205645258702
392,56,7,PX-007,silence feedback reset,0.6146164798067131,0.5209700257776307,0.5582387052954261,0.6307026828023815,0.46333158418802023,0.5399811175035629,0.6224580077755401
393,57,1,PX-001,amplify identity fracture,0.6665983996551388,0.5112415668469413,0.5582387052954261,0.6307026828023815,0.46333158418802023,0.5399811175035629,0.6224580077755401
394,57,2,PX-002,fracture to access recursion,0.6665983996551388,0.5446619542275092,0.5582387052954261,0.6367369487566564,0.46333158418802023,0.5399811175035629,0.6224580077755401
395,57,3,PX-003,negation to lock formation,0.6796264052494727,0.5446619542275092,0.5582287710701773,0.6367369487566564,0.46333158418802023,0.5399811175035629,0.6224580077755401
396,57,4,PX-004,lagged temporal recursion,0.6796264052494727,0.5446619542275092,0.5582287710701773,0.6306817661537337,0.48702427309064605,0.5399811175035629,0.6224580077755401
397,57,5,PX-005,false signal injection,0.6796264052494727,0.5446619542275092,0.5582287710701773,0.6306817661537337,0.5217742403085943,0.5399811175035629,0.6224580077755401
398,57,6,PX-006,signal to unstable utterance,0.6796264052494727,0.5446619542275092,0.5582287710701773,0.6306817661537337,0.5217742403085943,0.5399884572504592,0.6456761866164458
399,57,7,PX-007,silence feedback reset,0.6145640722668866,0.5209283107453082,0.5582287710701773,0.6306817661537337,0.4633094395721992,0.5399884572504592,0.6224999692269751
400,58,1,PX-001,amplify identity fracture,0.6665486403690276,0.5111999750230558,0.5582287710701773,0.6306817661537337,0.4633094395721992,0.5399884572504592,0.6224999692269751
401,58,2,PX-002,fracture to access recursion,0.6665486403690276,0.5446203413531644,0.5582287710701773,0.6367159128312928,0.4633094395721992,0.5399884572504592,0.6224999692269751
402,58,3,PX-003,negation to lock formation,0.6795782021556053,0.5446203413531644,0.5582121397168861,0.6367159128312928,0.4633094395721992,0.5399884572504592,0.6224999692269751
403,58,4,PX-004,lagged temporal recursion,0.6795782021556053,0.5446203413531644,0.5582121397168861,0.6306568605869768,0.48700217044842353,0.5399884572504592,0.6224999692269751
404,58,5,PX-005,false signal injection,0.6795782021556053,0.5446203413531644,0.5582121397168861,0.6306568605869768,0.5217504534795991,0.5399884572504592,0.6224999692269751
405,58,6,PX-006,signal to unstable utterance,0.6795782021556053,0.5446203413531644,0.5582121397168861,0.6306568605869768,0.5217504534795991,0.5399858794156612,0.6457154215413629
406,58,7,PX-007,silence feedback reset,0.6145195952336598,0.5208874622453235,0.5582121397168861,0.6306568605869768,0.46328573413026336,0.5399858794156612,0.6225274826673415
407,59,1,PX-001,amplify identity fracture,0.6665068382530686,0.5111594594265866,0.5582121397168861,0.6306568605869768,0.46328573413026336,0.5399858794156612,0.6225274826673415
408,59,2,PX-002,fracture to access recursion,0.6665068382530686,0.5445806179949811,0.5582121397168861,0.6366909740403893,0.46328573413026336,0.5399858794156612,0.6225274826673415
409,59,3,PX-003,negation to lock formation,0.6795375418550728,0.5445806179949811,0.5581910814150984,0.6366909740403893,0.46328573413026336,0.5399858794156612,0.6225274826673415
410,59,4,PX-004,lagged temporal recursion,0.6795375418550728,0.5445806179949811,0.5581910814150984,0.6306299088225861,0.48697849892870826,0.5399858794156612,0.6225274826673415
411,59,5,PX-005,false signal injection,0.6795375418550728,0.5445806179949811,0.5581910814150984,0.6306299088225861,0.5217251100733623,0.5399858794156612,0.6225274826673415
412,59,6,PX-006,signal to unstable utterance,0.6795375418550728,0.5445806179949811,0.5581910814150984,0.6306299088225861,0.5217251100733623,0.5399758772939461,0.6457406766345132
413,59,7,PX-007,silence feedback reset,0.6144828873722619,0.5208488803113898,0.5581910814150984,0.6306299088225861,0.46326177809974467,0.5399758772939461,0.6225429492873154
414,60,1,PX-001,amplify identity fracture,0.666472720531983,0.5111213563689283,0.5581910814150984,0.6306299088225861,0.46326177809974467,0.5399758772939461,0.6225429492873154
415,60,2,PX-002,fracture to access recursion,0.666472720531983,0.5445438930523457,0.5581910814150984,0.6366640556453915,0.46326177809974467,0.5399758772939461,0.6225429492873154
416,60,3,PX-003,negation to lock formation,0.6795042065168347,0.5445438930523457,0.5581674932102006,0.6366640556453915,0.46326177809974467,0.5399758772939461,0.6225429492873154
417,60,4,PX-004,lagged temporal recursion,0.6795042065168347,0.5445438930523457,0.5581674932102006,0.6306024656795545,0.4869545693305779,0.5399758772939461,0.6225429492873154
418,60,5,PX-005,false signal injection,0.6795042065168347,0.5445438930523457,0.5581674932102006,0.6306024656795545,0.5216995837256146,0.5399758772939461,0.6225429492873154
419,60,6,PX-006,signal to unstable utterance,0.6795042065168347,0.5445438930523457,0.5581674932102006,0.6306024656795545,0.5216995837256146,0.5399606353165722,0.6457543291345491
420,60,7,PX-007,silence feedback reset,0.6144535203243816,0.5208135378750363,0.5581674932102006,0.6306024656795545,0.463238575384215,0.5399606353165722,0.6225486655654701
421,61,1,PX-001,amplify identity fracture,0.666445777543522,0.5110865846846602,0.5581674932102006,0.6306024656795545,0.463238575384215,0.5399606353165722,0.6225486655654701
422,61,2,PX-002,fracture to access recursion,0.666445777543522,0.5445108897581589,0.5581674932102006,0.6366366950821734,0.463238575384215,0.5399606353165722,0.6225486655654701
423,61,3,PX-003,negation to lock formation,0.6794777423483875,0.5445108897581589,0.5581429142546241,0.6366366950821734,0.463238575384215,0.5399606353165722,0.6225486655654701
424,61,4,PX-004,lagged temporal recursion,0.6794777423483875,0.5445108897581589,0.5581429142546241,0.6305757303767464,0.4869313862997763,0.5399606353165722,0.6225486655654701
425,61,5,PX-005,false signal injection,0.6794777423483875,0.5445108897581589,0.5581429142546241,0.6305757303767464,0.5216749238487963,0.5399606353165722,0.6225486655654701
426,61,6,PX-006,signal to unstable utterance,0.6794777423483875,0.5445108897581589,0.5581429142546241,0.6305757303767464,0.5216749238487963,0.539942017461222,0.6457586397951983
427,61,7,PX-007,silence feedback reset,0.6144308800140643,0.5207820455182188,0.5581429142546241,0.6305757303767464,0.46321685798112383,0.539942017461222,0.6225467580502523
428,62,1,PX-001,amplify identity fracture,0.6664253399796207,0.5110557102955744,0.5581429142546241,0.6305757303767464,0.46321685798112383,0.539942017461222,0.6225467580502523
429,62,2,PX-002,fracture to access recursion,0.6664253399796207,0.54448201026448,0.5581429142546241,0.6366100764456951,0.46321685798112383,0.539942017461222,0.6225467580502523
430,62,3,PX-003,negation to lock formation,0.6794575344041606,0.54448201026448,0.5581185514915323,0.6366100764456951,0.46321685798112383,0.539942017461222,0.6225467580502523
431,62,4,PX-004,lagged temporal recursion,0.6794575344041606,0.54448201026448,0.5581185514915323,0.6305505850564266,0.48690968267851387,0.539942017461222,0.6225467580502523
432,62,5,PX-005,false signal injection,0.6794575344041606,0.54448201026448,0.5581185514915323,0.6305505850564266,0.5216518925562036,0.539942017461222,0.6225467580502523
433,62,6,PX-006,signal to unstable utterance,0.6794575344041606,0.54448201026448,0.5581185514915323,0.6305505850564266,0.5216518925562036,0.5399215711037745,0.6457556919439903
434,62,7,PX-007,silence feedback reset,0.614414235633048,0.5207547148729496,0.5581185514915323,0.6305505850564266,0.4631971227980743,0.5399215711037745,0.6225391405888695
435,63,1,PX-001,amplify identity fracture,0.6664106437695241,0.5110290090933113,0.5581185514915323,0.6305505850564266,0.4631971227980743,0.5399215711037745,0.6225391405888695
436,63,2,PX-002,fracture to access recursion,0.6664106437695241,0.5444573972877168,0.5581185514915323,0.636585069063116,0.4631971227980743,0.5399215711037745,0.6225391405888695
437,63,3,PX-003,negation to lock formation,0.6794428696843477,0.5444573972877168,0.5580953122419897,0.636585069063116,0.4631971227980743,0.5399215711037745,0.6225391405888695
438,63,4,PX-004,lagged temporal recursion,0.6794428696843477,0.5444573972877168,0.5580953122419897,0.6305276365091339,0.4868899562584146,0.5399215711037745,0.6225391405888695
439,63,5,PX-005,false signal injection,0.6794428696843477,0.5444573972877168,0.5580953122419897,0.6305276365091339,0.5216310039847742,0.5399215711037745,0.6225391405888695
440,63,6,PX-006,signal to unstable utterance,0.6794428696843477,0.5444573972877168,0.5580953122419897,0.6305276365091339,0.5216310039847742,0.5399005424272332,0.6457473522415202
441,63,7,PX-007,silence feedback reset,0.6144027965689215,0.5207316184914786,0.5580953122419897,0.6305276365091339,0.46317966882897144,0.5399005424272332,0.6225274902638621
442,64,1,PX-001,amplify identity fracture,0.6664008830338484,0.5110065260646625,0.5580953122419897,0.6305276365091339,0.46317966882897144,0.5399005424272332,0.6225274902638621
443,64,2,PX-002,fracture to access recursion,0.6664008830338484,0.5444369910913837,0.5580953122419897,0.6365622691652456,0.46317966882897144,0.5399005424272332,0.6225274902638621
444,64,3,PX-003,negation to lock formation,0.6794329888669483,0.5444369910913837,0.5580738407402485,0.6365622691652456,0.46317966882897144,0.5399005424272332,0.6225274902638621
445,64,4,PX-004,lagged temporal recursion,0.6794329888669483,0.5444369910913837,0.5580738407402485,0.6305072586822855,0.4868725069077808,0.5399005424272332,0.6225274902638621
446,64,5,PX-005,false signal injection,0.6794329888669483,0.5444369910913837,0.5580738407402485,0.6305072586822855,0.5216125638868383,0.5399005424272332,0.6225274902638621
447,64,6,PX-006,signal to unstable utterance,0.6794329888669483,0.5444369910913837,0.5580738407402485,0.6305072586822855,0.5216125638868383,0.5398798999863048,0.6457352494445963
448,64,7,PX-007,silence feedback reset,0.614395757949571,0.52071264467887,0.5580738407402485,0.6305072586822855,0.4631646331403699,0.5398798999863048,0.6225132384650796
449,65,1,PX-001,amplify identity fracture,0.6663952519051761,0.5109881292364072,0.5580738407402485,0.6305072586822855,0.4631646331403699,0.5398798999863048,0.6225132384650796
450,65,2,PX-002,fracture to access recursion,0.6663952519051761,0.5444205806866699,0.5580738407402485,0.6365420422659165,0.4631646331403699,0.5398798999863048,0.6225132384650796
451,65,3,PX-003,negation to lock formation,0.6794271273807693,0.5444205806866699,0.5580545562211661,0.6365420422659165,0.4631646331403699,0.5398798999863048,0.6225132384650796
452,65,4,PX-004,lagged temporal recursion,0.6794271273807693,0.5444205806866699,0.5580545562211661,0.6304896341078339,0.486857472522293,0.5398798999863048,0.6225132384650796
453,65,5,PX-005,false signal injection,0.6794271273807693,0.5444205806866699,0.5580545562211661,0.6304896341078339,0.521596707867172,0.5398798999863048,0.6225132384650796
454,65,6,PX-006,signal to unstable utterance,0.6794271273807693,0.5444205806866699,0.5580545562211661,0.6304896341078339,0.521596707867172,0.539860363527136,0.6457207676614871
455,65,7,PX-007,silence feedback reset,0.6143923357614949,0.5206975463446579,0.5580545562211661,0.6304896341078339,0.4631520245409849,0.539860363527136,0.6224975737925265
456,66,1,PX-001,amplify identity fracture,0.6663929762569538,0.5109735575662797,0.5580545562211661,0.6304896341078339,0.4631520245409849,0.539860363527136,0.6224975737925265
457,66,2,PX-002,fracture to access recursion,0.6663929762569538,0.5444078486307314,0.5580545562211661,0.6365245644080971,0.4631520245409849,0.539860363527136,0.6224975737925265
458,66,3,PX-003,negation to lock formation,0.6794245467757032,0.5444078486307314,0.5580376906823798,0.6365245644080971,0.4631520245409849,0.539860363527136,0.6224975737925265
459,66,4,PX-004,lagged temporal recursion,0.6794245467757032,0.5444078486307314,0.5580376906823798,0.6304747928772182,0.48684486267037025,0.539860363527136,0.6224975737925265
460,66,5,PX-005,false signal injection,0.6794245467757032,0.5444078486307314,0.5580376906823798,0.6304747928772182,0.5215834370882921,0.539860363527136,0.6224975737925265
461,66,6,PX-006,signal to unstable utterance,0.6794245467757032,0.5444078486307314,0.5580376906823798,0.6304747928772182,0.5215834370882921,0.5398424356560879,0.6457050508659695
462,66,7,PX-007,silence feedback reset,0.6143917926773879,0.5206859833947116,0.5580376906823798,0.6304747928772182,0.46314175417112174,0.5398424356560879,0.622481453818753
463,67,1,PX-001,amplify identity fracture,0.6663933365278868,0.510962462356914,0.5580376906823798,0.6304747928772182,0.46314175417112174,0.5398424356560879,0.622481453818753
464,67,2,PX-002,fracture to access recursion,0.6663933365278868,0.5443984092051347,0.5580376906823798,0.6365098609247835,0.46314175417112174,0.5398424356560879,0.622481453818753
465,67,3,PX-003,negation to lock formation,0.6794245574973076,0.5443984092051347,0.5580233249109401,0.6365098609247835,0.46314175417112174,0.5398424356560879,0.622481453818753
466,67,4,PX-004,lagged temporal recursion,0.6794245574973076,0.5443984092051347,0.5580233249109401,0.6304626482197592,0.486834589167994,0.5398424356560879,0.622481453818753
467,67,5,PX-005,false signal injection,0.6794245574973076,0.5443984092051347,0.5580233249109401,0.6304626482197592,0.5215726506511792,0.5398424356560879,0.622481453818753
468,67,6,PX-006,signal to unstable utterance,0.6794245574973076,0.5443984092051347,0.5580233249109401,0.6304626482197592,0.5215726506511792,0.5398264344210778,0.6456890157751464
469,67,7,PX-007,silence feedback reset,0.6143934558188313,0.520677558554757,0.5580233249109401,0.6304626482197592,0.46313366255402777,0.5398264344210778,0.6224656231089534
470,68,1,PX-001,amplify identity fracture,0.6663956828925374,0.5109544421270179,0.5580233249109401,0.6304626482197592,0.46313366255402777,0.5398264344210778,0.6224656231089534
471,68,2,PX-002,fracture to access recursion,0.6663956828925374,0.5443918400701605,0.5580233249109401,0.6364978417870681,0.46313366255402777,0.5398264344210778,0.6224656231089534
472,68,3,PX-003,negation to lock formation,0.6794265342434648,0.5443918400701605,0.5580114217736525,0.6364978417870681,0.46313366255402777,0.5398264344210778,0.6224656231089534
473,68,4,PX-004,lagged temporal recursion,0.6794265342434648,0.5443918400701605,0.5580114217736525,0.6304530281023749,0.4868264931230609,0.5398264344210778,0.6224656231089534
474,68,5,PX-005,false signal injection,0.6794265342434648,0.5443918400701605,0.5580114217736525,0.6304530281023749,0.5215641741807614,0.5398264344210778,0.6224656231089534
475,68,6,PX-006,signal to unstable utterance,0.6794265342434648,0.5443918400701605,0.5580114217736525,0.6304530281023749,0.5215641741807614,0.5398125253012843,0.6456733705662183
476,68,7,PX-007,silence feedback reset,0.6143967277006307,0.5206718468016821,0.5580114217736525,0.6304530281023749,0.4631275429003668,0.5398125253012843,0.6224506352793183
477,69,1,PX-001,amplify identity fracture,0.6663994440278295,0.5109490711472692,0.5580114217736525,0.6304530281023749,0.4631275429003668,0.5398125253012843,0.6224506352793183
478,69,2,PX-002,fracture to access recursion,0.6663994440278295,0.5443877077241988,0.5580114217736525,0.6364883329702079,0.4631275429003668,0.5398125253012843,0.6224506352793183
479,69,3,PX-003,negation to lock formation,0.6794299250882928,0.5443877077241988,0.5580018561201675,0.6364883329702079,0.4631275429003668,0.5398125253012843,0.6224506352793183
480,69,4,PX-004,lagged temporal recursion,0.6794299250882928,0.5443877077241988,0.5580018561201675,0.6304457025657755,0.48682036823867425,0.5398125253012843,0.6224506352793183
481,69,5,PX-005,false signal injection,0.6794299250882928,0.5443877077241988,0.5580018561201675,0.6304457025657755,0.5215577844080862,0.5398125253012843,0.6224506352793183
482,69,6,PX-006,signal to unstable utterance,0.6794299250882928,0.5443877077241988,0.5580018561201675,0.6304457025657755,0.5215577844080862,0.5398007514879076,0.6456586372872659
483,69,7,PX-007,silence feedback reset,0.6144010915703331,0.52066841878751,0.5580018561201675,0.6304457025657755,0.4631231606541334,0.5398007514879076,0.6224368772512912
484,70,1,PX-001,amplify identity fracture,0.6664041306753324,0.510945922047306,0.5580018561201675,0.6304457025657755,0.4631231606541334,0.5398007514879076,0.6224368772512912
485,70,2,PX-002,fracture to access recursion,0.6664041306753324,0.5443855872614967,0.5580018561201675,0.6364811035627876,0.4631231606541334,0.5398007514879076,0.6224368772512912
486,70,3,PX-003,negation to lock formation,0.6794342555175596,0.5443855872614967,0.5579944409386043,0.6364811035627876,0.4631231606541334,0.5398007514879076,0.6224368772512912
487,70,4,PX-004,lagged temporal recursion,0.6794342555175596,0.5443855872614967,0.5579944409386043,0.6304404067489877,0.4868159803621257,0.5398007514879076,0.6224368772512912
488,70,5,PX-005,false signal injection,0.6794342555175596,0.5443855872614967,0.5579944409386043,0.6304404067489877,0.5215532297483969,0.5398007514879076,0.6224368772512912
489,70,6,PX-006,signal to unstable utterance,0.6794342555175596,0.5443855872614967,0.5579944409386043,0.6304404067489877,0.5215532297483969,0.5397910616759212,0.6456451761894216
490,70,7,PX-007,silence feedback reset,0.6144061122839689,0.5206668587840525,0.5579944409386043,0.6304404067489877,0.46312026941836276,0.5397910616759212,0.6224245942177035
491,71,1,PX-001,amplify identity fracture,0.6664093351143099,0.5109445830350143,0.5579944409386043,0.6304404067489877,0.46312026941836276,0.5397910616759212,0.6224245942177035
492,71,2,PX-002,fracture to access recursion,0.6664093351143099,0.5443850770265256,0.5579944409386043,0.636475888578123,0.46312026941836276,0.5397910616759212,0.6224245942177035
493,71,3,PX-003,negation to lock formation,0.6794391284439142,0.5443850770265256,0.5579889496380751,0.636475888578123,0.46312026941836276,0.5397910616759212,0.6224245942177035
494,71,4,PX-004,lagged temporal recursion,0.6794391284439142,0.5443850770265256,0.5579889496380751,0.6304368597354993,0.4868130834166097,0.5397910616759212,0.6224245942177035
495,71,5,PX-005,false signal injection,0.6794391284439142,0.5443850770265256,0.5579889496380751,0.6304368597354993,0.5215502470316368,0.5397910616759212,0.6224245942177035
496,71,6,PX-006,signal to unstable utterance,0.6794391284439142,0.5443850770265256,0.5579889496380751,0.6304368597354993,0.5215502470316368,0.5397833348731377,0.6456332105598356
497,71,7,PX-007,silence feedback reset,0.6144114337593898,0.5206667777640995,0.5579889496380751,0.6304368597354993,0.46311862350750277,0.5397833348731377,0.6224139141668206
498,72,1,PX-001,amplify identity fracture,0.6664147275523519,0.5109446703503562,0.5579889496380751,0.6304368597354993,0.46311862350750277,0.5397833348731377,0.6224139141668206
499,72,2,PX-002,fracture to access recursion,0.6664147275523519,0.5443858088194099,0.5579889496380751,0.6364724076061813,0.46311862350750277,0.5397833348731377,0.6224139141668206
500,72,3,PX-003,negation to lock formation,0.679444221170683,0.5443858088194099,0.5579851345152782,0.6364724076061813,0.46311862350750277,0.5397833348731377,0.6224139141668206
501,72,4,PX-004,lagged temporal recursion,0.679444221170683,0.5443858088194099,0.5579851345152782,0.6304347794866931,0.486811431961472,0.5397833348731377,0.6224139141668206
502,72,5,PX-005,false signal injection,0.679444221170683,0.5443858088194099,0.5579851345152782,0.6304347794866931,0.5215485746551686,0.5397833348731377,0.6224139141668206
503,72,6,PX-006,signal to unstable utterance,0.679444221170683,0.5443858088194099,0.5579851345152782,0.6304347794866931,0.5215485746551686,0.5397774019694885,0.6456228509577029
504,72,7,PX-007,silence feedback reset,0.61441677393213,0.5206678222774963,0.5579851345152782,0.6304347794866931,0.46311798744608784,0.5397774019694885,0.6224048711060262
505,73,1,PX-001,amplify identity fracture,0.6664200503188275,0.5109458366130859,0.5579851345152782,0.6304347794866931,0.46311798744608784,0.5397774019694885,0.6224048711060262
506,73,2,PX-002,fracture to access recursion,0.6664200503188275,0.544387454323817,0.5579851345152782,0.636470379574749,0.46311798744608784,0.5397774019694885,0.6224048711060262
507,73,3,PX-003,negation to lock formation,0.6794492801594096,0.544387454323817,0.55798274159871,0.636470379574749,0.46311798744608784,0.5397774019694885,0.6224048711060262
508,73,4,PX-004,lagged temporal recursion,0.6794492801594096,0.544387454323817,0.55798274159871,0.6304338942182146,0.4868107906997931,0.5397774019694885,0.6224048711060262
509,73,5,PX-005,false signal injection,0.6794492801594096,0.544387454323817,0.55798274159871,0.6304338942182146,0.5215479625039293,0.5397774019694885,0.6224048711060262
510,73,6,PX-006,signal to unstable utterance,0.6794492801594096,0.544387454323817,0.55798274159871,0.6304338942182146,0.5215479625039293,0.5397730639989478,0.6456141180437204
511,73,7,PX-007,silence feedback reset,0.6144219180140617,0.5206696797868993,0.55798274159871,0.6304338942182146,0.4631181427761529,0.5397730639989478,0.6223974263849464
512,74,1,PX-001,amplify identity fracture,0.6664251106193677,0.510947775726018,0.55798274159871,0.6304338942182146,0.4631181427761529,0.5397730639989478,0.6223974263849464
513,74,2,PX-002,fracture to access recursion,0.6664251106193677,0.5443897284152542,0.55798274159871,0.6364695339769555,0.4631181427761529,0.5397730639989478,0.6223974263849464
514,74,3,PX-003,negation to lock formation,0.679454114336532,0.5443897284152542,0.5579815221598815,0.6364695339769555,0.4631181427761529,0.5397730639989478,0.6223974263849464
515,74,4,PX-004,lagged temporal recursion,0.679454114336532,0.5443897284152542,0.5579815221598815,0.630433950629181,0.4868109412951062,0.5397730639989478,0.6223974263849464
516,74,5,PX-005,false signal injection,0.679454114336532,0.5443897284152542,0.5579815221598815,0.630433950629181,0.521548179027006,0.5397730639989478,0.6223974263849464
517,74,6,PX-006,signal to unstable utterance,0.679454114336532,0.5443897284152542,0.5579815221598815,0.630433950629181,0.521548179027006,0.5397701071729664,0.6456069634438008
518,74,7,PX-007,silence feedback reset,0.6144267107290662,0.5206720811068477,0.5579815221598815,0.630433950629181,0.46311889255417893,0.5397701071729664,0.6223914877372303
519,75,1,PX-001,amplify identity fracture,0.666429772483412,0.5109502249713478,0.5579815221598815,0.630433950629181,0.46311889255417893,0.5397701071729664,0.6223914877372303
520,75,2,PX-002,fracture to access recursion,0.666429772483412,0.54439238997171,0.5579815221598815,0.6364696189752624,0.46311889255417893,0.5397701071729664,0.6223914877372303
521,75,3,PX-003,negation to lock formation,0.6794585875547936,0.54439238997171,0.557981241242254,0.6364696189752624,0.46311889255417893,0.5397701071729664,0.6223914877372303
522,75,4,PX-004,lagged temporal recursion,0.6794585875547936,0.54439238997171,0.557981241242254,0.6304347194191713,0.48681168687756315,0.5397701071729664,0.6223914877372303
523,75,5,PX-005,false signal injection,0.6794585875547936,0.54439238997171,0.557981241242254,0.6304347194191713,0.5215490158776077,0.5397701071729664,0.6223914877372303
524,75,6,PX-006,signal to unstable utterance,0.6794585875547936,0.54439238997171,0.557981241242254,0.6304347194191713,0.5215490158776077,0.5397683148722736,0.6456012882999315
525,75,7,PX-007,silence feedback reset,0.6144310480777773,0.5206748005484828,0.557981241242254,0.6304347194191713,0.46312006391739946,0.5397683148722736,0.6223869258416912
526,76,1,PX-001,amplify identity fracture,0.6664339484162545,0.5109529648941846,0.557981241242254,0.6304347194191713,0.46312006391739946,0.5397683148722736,0.6223869258416912
527,76,2,PX-002,fracture to access recursion,0.6664339484162545,0.5443952407568485,0.557981241242254,0.6364704068160865,0.46312006391739946,0.5397683148722736,0.6223869258416912
528,76,3,PX-003,negation to lock formation,0.6794626107098678,0.5443952407568485,0.5579816835913533,0.6364704068160865,0.46312006391739946,0.5397683148722736,0.6223869258416912
529,76,4,PX-004,lagged temporal recursion,0.6794626107098678,0.5443952407568485,0.5579816835913533,0.6304359985298247,0.48681285461903984,0.5397683148722736,0.6223869258416912
530,76,5,PX-005,false signal injection,0.6794626107098678,0.5443952407568485,0.5579816835913533,0.6304359985298247,0.5215502905211306,0.5397683148722736,0.6223869258416912
531,76,6,PX-006,signal to unstable utterance,0.6794626107098678,0.5443952407568485,0.5579816835913533,0.6304359985298247,0.5215502905211306,0.5397674768585022,0.6455969593356861
532,76,7,PX-007,silence feedback reset,0.6144348690689927,0.520677654317279,0.5579816835913533,0.6304359985298247,0.4631215090837,0.5397674768585022,0.622383588349104
533,77,1,PX-001,amplify identity fracture,0.6664375911553851,0.5109558175112635,0.5579816835913533,0.6304359985298247,0.4631215090837,0.5397674768585022,0.622383588349104
534,77,2,PX-002,fracture to access recursion,0.6664375911553851,0.5443981228843253,0.5579816835913533,0.6364716969904042,0.4631215090837,0.5397674768585022,0.622383588349104
535,77,3,PX-003,negation to lock formation,0.6794661339056123,0.5443981228843253,0.5579826573793013,0.6364716969904042,0.4631215090837,0.5397674768585022,0.622383588349104
536,77,4,PX-004,lagged temporal recursion,0.6794661339056123,0.5443981228843253,0.5579826573793013,0.630437614532102,0.48681429674118065,0.5397674768585022,0.622383588349104
537,77,5,PX-005,false signal injection,0.6794661339056123,0.5443981228843253,0.5579826573793013,0.630437614532102,0.5215518471983993,0.5397674768585022,0.622383588349104
538,77,6,PX-006,signal to unstable utterance,0.6794661339056123,0.5443981228843253,0.5579826573793013,0.630437614532102,0.5215518471983993,0.5397673960134276,0.6455938224032224
539,77,7,PX-007,silence feedback reset,0.6144381477512502,0.5206804976479347,0.5579826573793013,0.630437614532102,0.46312310512320937,0.5397673960134276,0.6223813114335764
540,78,1,PX-001,amplify identity fracture,0.6664406858304668,0.5109586433190144,0.5579826573793013,0.630437614532102,0.46312310512320937,0.5397673960134276,0.6223813114335764
541,78,2,PX-002,fracture to access recursion,0.6664406858304668,0.5444009153050338,0.5579826573793013,0.636473317559433,0.46312310512320937,0.5397673960134276,0.6223813114335764
542,78,3,PX-003,negation to lock formation,0.6794691389646446,0.5444009153050338,0.5579839961089658,0.636473317559433,0.46312310512320937,0.5397673960134276,0.6223813114335764
543,78,4,PX-004,lagged temporal recursion,0.6794691389646446,0.5444009153050338,0.5579839961089658,0.6304394225517396,0.48681589029433403,0.5397673960134276,0.6223813114335764
544,78,5,PX-005,false signal injection,0.6794691389646446,0.5444009153050338,0.5579839961089658,0.6304394225517396,0.5215535566026077,0.5397673960134276,0.6223813114335764
545,78,6,PX-006,signal to unstable utterance,0.6794691389646446,0.5444009153050338,0.5579839961089658,0.6304394225517396,0.5215535566026077,0.5397678929366769,0.6455917135856827
546,78,7,PX-007,silence feedback reset,0.614440885785906,0.5206832210935742,0.5579839961089658,0.6304394225517396,0.4631247528065679,0.5397678929366769,0.6223799290105959
547,79,1,PX-001,amplify identity fracture,0.6664432427382616,0.5109613375081374,0.5579839961089658,0.6304394225517396,0.4631247528065679,0.5397678929366769,0.6223799290105959
548,79,2,PX-002,fracture to access recursion,0.6664432427382616,0.544403529691054,0.5579839961089658,0.6364751250356645,0.4631247528065679,0.5397678929366769,0.6223799290105959
549,79,3,PX-003,negation to lock formation,0.6794716324958262,0.544403529691054,0.5579855590616847,0.6364751250356645,0.4631247528065679,0.5397678929366769,0.6223799290105959
550,79,4,PX-004,lagged temporal recursion,0.6794716324958262,0.544403529691054,0.5579855590616847,0.6304413050883154,0.48681753601228467,0.5397678929366769,0.6223799290105959
551,79,5,PX-005,false signal injection,0.6794716324958262,0.544403529691054,0.5579855590616847,0.6304413050883154,0.5215553145927047,0.5397678929366769,0.6223799290105959
552,79,6,PX-006,signal to unstable utterance,0.6794716324958262,0.544403529691054,0.5579855590616847,0.6304413050883154,0.5215553145927047,0.5397688087372633,0.6455904680072873
553,79,7,PX-007,silence feedback reset,0.6144431057235868,0.5206857463191593,0.5579855590616847,0.6304413050883154,0.46312637479772195,0.5397688087372633,0.6223792798214121
554,80,1,PX-001,amplify identity fracture,0.6664452908686879,0.5109638257249375,0.5579855590616847,0.6304413050883154,0.46312637479772195,0.5397688087372633,0.6223792798214121
555,80,2,PX-002,fracture to access recursion,0.6664452908686879,0.5444059060237441,0.5579855590616847,0.6364770031722858,0.46312637479772195,0.5397688087372633,0.6223792798214121
556,80,3,PX-003,negation to lock formation,0.6794736396573275,0.5444059060237441,0.5579872306220927,0.6364770031722858,0.46312637479772195,0.5397688087372633,0.6223792798214121
557,80,4,PX-004,lagged temporal recursion,0.6794736396573275,0.5444059060237441,0.5579872306220927,0.6304431700412101,0.4868191565106048,0.5397688087372633,0.6223792798214121
558,80,5,PX-005,false signal injection,0.6794736396573275,0.5444059060237441,0.5579872306220927,0.6304431700412101,0.521557040226128,0.5397688087372633,0.6223792798214121
559,80,6,PX-006,signal to unstable utterance,0.6794736396573275,0.5444059060237441,0.5579872306220927,0.6304431700412101,0.521557040226128,0.5397700063445282,0.6455899265569228
560,80,7,PX-007,silence feedback reset,0.6144448450791912,0.5206880216842009,0.5579872306220927,0.6304431700412101,0.46312791342037396,0.5397700063445282,0.6223792126192559
561,81,1,PX-001,amplify identity fracture,0.6664468722558035,0.5109660596555182,0.5579872306220927,0.6304431700412101,0.46312791342037396,0.5397700063445282,0.6223792126192559
562,81,2,PX-002,fracture to access recursion,0.6664468722558035,0.544408008130964,0.5579872306220927,0.6364788609718819,0.46312791342037396,0.5397700063445282,0.6223792126192559
563,81,3,PX-003,negation to lock formation,0.6794751986931389,0.544408008130964,0.5579889187773617,0.6364788609718819,0.46312791342037396,0.5397700063445282,0.6223792126192559
564,81,4,PX-004,lagged temporal recursion,0.6794751986931389,0.544408008130964,0.5579889187773617,0.6304449482114272,0.4868206940577637,0.5397700063445282,0.6223792126192559
565,81,5,PX-005,false signal injection,0.6794751986931389,0.544408008130964,0.5579889187773617,0.6304449482114272,0.5215586733524099,0.5397700063445282,0.6223792126192559
566,81,6,PX-006,signal to unstable utterance,0.6794751986931389,0.544408008130964,0.5579889187773617,0.6304449482114272,0.5215586733524099,0.5397713706438569,0.6455899407635489
567,81,7,PX-007,silence feedback reset,0.6144461512462344,0.5206900178394547,0.5579889187773617,0.6304449482114272,0.4631293281887931,0.5397713706438569,0.6223795897108434
568,82,1,PX-001,amplify identity fracture,0.6664480371772482,0.5109680126493712,0.5579889187773617,0.6304449482114272,0.4631293281887931,0.5397713706438569,0.6223795897108434
569,82,2,PX-002,fracture to access recursion,0.6664480371772482,0.544409819361384,0.5579889187773617,0.6364806301810763,0.4631293281887931,0.5397713706438569,0.6223795897108434
570,82,3,PX-003,negation to lock formation,0.6794763562716712,0.544409819361384,0.5579905530489889,0.6364806301810763,0.4631293281887931,0.5397713706438569,0.6223795897108434
571,82,4,PX-004,lagged temporal recursion,0.6794763562716712,0.544409819361384,0.5579905530489889,0.6304465905040225,0.48682210810974164,0.5397713706438569,0.6223795897108434
572,82,5,PX-005,false signal injection,0.6794763562716712,0.544409819361384,0.5579905530489889,0.6304465905040225,0.5215601719682588,0.5397713706438569,0.6223795897108434
573,82,6,PX-006,signal to unstable utterance,0.6794763562716712,0.544409819361384,0.5579905530489889,0.6304465905040225,0.5215601719682588,0.539772807715173,0.6455903760770549
574,82,7,PX-007,silence feedback reset,0.614447077248444,0.5206917235075817,0.5579905530489889,0.6304465905040225,0.46313059325701833,0.539772807715173,0.6223802891102612
575,83,1,PX-001,amplify identity fracture,0.6664488401866013,0.5109696755451627,0.5579905530489889,0.6304465905040225,0.46313059325701833,0.539772807715173,0.6223802891102612
576,83,2,PX-002,fracture to access recursion,0.6664488401866013,0.5444113385331355,0.5579905530489889,0.6364822624937182,0.46313059325701833,0.539772807715173,0.6223802891102612
577,83,3,PX-003,negation to lock formation,0.6794771636166067,0.5444113385331355,0.557992082075372,0.6364822624937182,0.46313059325701833,0.539772807715173,0.6223802891102612
578,83,4,PX-004,lagged temporal recursion,0.6794771636166067,0.5444113385331355,0.557992082075372,0.6304480650134904,0.4868233727622421,0.539772807715173,0.6223802891102612
579,83,5,PX-005,false signal injection,0.6794771636166067,0.5444113385331355,0.557992082075372,0.6304480650134904,0.5215615094957693,0.539772807715173,0.6223802891102612
580,83,6,PX-006,signal to unstable utterance,0.6794771636166067,0.5444113385331355,0.557992082075372,0.6304480650134904,0.5215615094957693,0.5397742434205162,0.6455911138098387
581,83,7,PX-007,silence feedback reset,0.6144476782940482,0.5206931415695516,0.557992082075372,0.6304480650134904,0.46313169490657957,0.5397742434205162,0.622381205554984
582,84,1,PX-001,amplify identity fracture,0.666449336934066,0.5109710528143235,0.557992082075372,0.6304480650134904,0.46313169490657957,0.5397742434205162,0.622381205554984
583,84,2,PX-002,fracture to access recursion,0.666449336934066,0.5444125762501792,0.557992082075372,0.6364837266430177,0.46313169490657957,0.5397742434205162,0.622381205554984
584,84,3,PX-003,negation to lock formation,0.679477673391335,0.5444125762501792,0.5579934710245487,0.6364837266430177,0.46313169490657957,0.5397742434205162,0.622381205554984
585,84,4,PX-004,lagged temporal recursion,0.679477673391335,0.5444125762501792,0.5579934710245487,0.630449354135092,0.48682447424070197,0.5397742434205162,0.622381205554984
586,84,5,PX-005,false signal injection,0.679477673391335,0.5444125762501792,0.5579934710245487,0.630449354135092,0.5215626721094734,0.5397742434205162,0.622381205554984
587,84,6,PX-006,signal to unstable utterance,0.679477673391335,0.5444125762501792,0.5579934710245487,0.630449354135092,0.5215626721094734,0.5397756215532543,0.6455920519855686
588,84,7,PX-007,silence feedback reset,0.6144480090749106,0.5206942855371721,0.5579934710245487,0.630449354135092,0.463132629162389,0.5397756215532543,0.6223822506183685
589,85,1,PX-001,amplify identity fracture,0.6664495817105975,0.5109721590976697,0.5579934710245487,0.630449354135092,0.463132629162389,0.5397756215532543,0.6223822506183685
590,85,2,PX-002,fracture to access recursion,0.6664495817105975,0.5444135516427805,0.5579934710245487,0.6364850055239079,0.463132629162389,0.5397756215532543,0.6223822506183685
591,85,3,PX-003,negation to lock formation,0.679477937277959,0.5444135516427805,0.5579946989799184,0.6364850055239079,0.463132629162389,0.5397756215532543,0.6223822506183685
592,85,4,PX-004,lagged temporal recursion,0.679477937277959,0.5444135516427805,0.5579946989799184,0.6304504518096183,0.48682540851783795,0.5397756215532543,0.6223822506183685
593,85,5,PX-005,false signal injection,0.679477937277959,0.5444135516427805,0.5579946989799184,0.6304504518096183,0.5215636562057183,0.5397756215532543,0.6223822506183685
594,85,6,PX-006,signal to unstable utterance,0.679477937277959,0.5444135516427805,0.5579946989799184,0.6304504518096183,0.5215636562057183,0.5397769017274974,0.6455931053252059
595,85,7,PX-007,silence feedback reset,0.6144481217372798,0.5206951764575523,0.5579946989799184,0.6304504518096183,0.4631333995997973,0.5397769017274974,0.6223833521320463
596,86,1,PX-001,amplify identity fracture,0.6664496256377479,0.5109730161766731,0.5579946989799184,0.6304504518096183,0.4631333995997973,0.5397769017274974,0.6223833521320463
597,86,2,PX-002,fracture to access recursion,0.6664496256377479,0.5444142895581888,0.5579946989799184,0.6364860934516569,0.4631333995997973,0.5397769017274974,0.6223833521320463
598,86,3,PX-003,negation to lock formation,0.6794780041787277,0.5444142895581888,0.5579957564083967,0.6364860934516569,0.4631333995997973,0.5397769017274974,0.6223833521320463
599,86,4,PX-004,lagged temporal recursion,0.6794780041787277,0.5444142895581888,0.5579957564083967,0.6304513609779047,0.48682617912180953,0.5397769017274974,0.6223833521320463
600,86,5,PX-005,false signal injection,0.6794780041787277,0.5444142895581888,0.5579957564083967,0.6304513609779047,0.5215644660797157,0.5397769017274974,0.6223833521320463
601,86,6,PX-006,signal to unstable utterance,0.6794780041787277,0.5444142895581888,0.5579957564083967,0.6304513609779047,0.5215644660797157,0.5397780571534586,0.6455942045788661
602,86,7,PX-007,silence feedback reset,0.6144480644421221,0.5206958402672535,0.5579957564083967,0.6304513609779047,0.46313401538308957,0.5397780571534586,0.6223844531073609
603,87,1,PX-001,amplify identity fracture,0.6664495154188119,0.5109736503938531,0.5579957564083967,0.6304513609779047,0.46313401538308957,0.5397780571534586,0.6223844531073609
604,87,2,PX-002,fracture to access recursion,0.6664495154188119,0.5444148182035993,0.5579957564083967,0.6364869936318227,0.46313401538308957,0.5397780571534586,0.6223844531073609
605,87,3,PX-003,negation to lock formation,0.6794779189606407,0.5444148182035993,0.5579966427908215,0.6364869936318227,0.46313401538308957,0.5397780571534586,0.6223844531073609
606,87,4,PX-004,lagged temporal recursion,0.6794779189606407,0.5444148182035993,0.5579966427908215,0.6304520912947515,0.48682679517536187,0.5397780571534586,0.6223844531073609
607,87,5,PX-005,false signal injection,0.6794779189606407,0.5444148182035993,0.5579966427908215,0.6304520912947515,0.5215651118516705,0.5397780571534586,0.6223844531073609
608,87,6,PX-006,signal to unstable utterance,0.6794779189606407,0.5444148182035993,0.5579966427908215,0.6304520912947515,0.5215651118516705,0.539779072413862,0.6455952953875688
609,87,7,PX-007,silence feedback reset,0.6144478804295654,0.5206963055918938,0.5579966427908215,0.6304520912947515,0.4631344895568699,0.539779072413862,0.6223855103191143
610,88,1,PX-001,amplify identity fracture,0.6664492925651085,0.5109740905155812,0.5579966427908215,0.6304520912947515,0.4631344895568699,0.539779072413862,0.6223855103191143
611,88,2,PX-002,fracture to access recursion,0.6664492925651085,0.5444151672251615,0.5579966427908215,0.6364877158902158,0.4631344895568699,0.539779072413862,0.6223855103191143
612,88,3,PX-003,negation to lock formation,0.6794777216616845,0.5444151672251615,0.5579973644687956,0.6364877158902158,0.4631344895568699,0.539779072413862,0.6223855103191143
613,88,4,PX-004,lagged temporal recursion,0.6794777216616845,0.5444151672251615,0.5579973644687956,0.630452657129724,0.4868272696874823,0.539779072413862,0.6223855103191143
614,88,5,PX-005,false signal injection,0.6794777216616845,0.5444151672251615,0.5579973644687956,0.630452657129724,0.5215656076636057,0.539779072413862,0.6223855103191143
615,88,6,PX-006,signal to unstable utterance,0.6794777216616845,0.5444151672251615,0.5579973644687956,0.630452657129724,0.5215656076636057,0.539779941328704,0.6455963368330595
616,88,7,PX-007,silence feedback reset,0.6144476075027355,0.5206966019704506,0.5579973644687956,0.630452657129724,0.4631348375966496,0.539779941328704,0.6223864926888252
617,89,1,PX-001,amplify identity fracture,0.6664489930132944,0.5109743660147893,0.5579973644687956,0.630452657129724,0.4631348375966496,0.539779941328704,0.6223864926888252
618,89,2,PX-002,fracture to access recursion,0.6664489930132944,0.5444153661935436,0.5579973644687956,0.6364882746895612,0.4631348375966496,0.539779941328704,0.6223864926888252
619,89,3,PX-003,negation to lock formation,0.6794774470786424,0.5444153661935436,0.5579979327405636,0.6364882746895612,0.4631348375966496,0.539779941328704,0.6223864926888252
620,89,4,PX-004,lagged temporal recursion,0.6794774470786424,0.5444153661935436,0.5579979327405636,0.6304530758643754,0.48682761810396297,0.539779941328704,0.6223864926888252
621,89,5,PX-005,false signal injection,0.6794774470786424,0.5444153661935436,0.5579979327405636,0.6304530758643754,0.5215659701526223,0.539779941328704,0.6223864926888252
622,89,6,PX-006,signal to unstable utterance,0.6794774470786424,0.5444153661935436,0.5579979327405636,0.6304530758643754,0.5215659701526223,0.539780664971144,0.645597299808034
623,89,7,PX-007,silence feedback reset,0.614447277850177,0.5206967584717822,0.5579979327405636,0.6304530758643754,0.46313507621321787,0.539780664971144,0.6223873795795107
624,90,1,PX-001,amplify identity fracture,0.6664486470544877,0.5109745057399583,0.5579979327405636,0.6304530758643754,0.46313507621321787,0.539780664971144,0.6223873795795107
625,90,2,PX-002,fracture to access recursion,0.6664486470544877,0.5444154434576568,0.5579979327405636,0.6364886874418266,0.46313507621321787,0.539780664971144,0.6223873795795107
626,90,3,PX-003,negation to lock formation,0.679477124660698,0.5444154434576568,0.5579983622208573,0.6364886874418266,0.46313507621321787,0.539780664971144,0.6223873795795107
627,90,4,PX-004,lagged temporal recursion,0.679477124660698,0.5444154434576568,0.5579983622208573,0.63045336648147,0.4868278571115215,0.539780664971144,0.6223873795795107
628,90,5,PX-005,false signal injection,0.679477124660698,0.5444154434576568,0.5579983622208573,0.63045336648147,0.5215662171940635,0.539780664971144,0.6223873795795107
629,90,6,PX-006,signal to unstable utterance,0.679477124660698,0.5444154434576568,0.5579983622208573,0.63045336648147,0.5215662171940635,0.5397812498762179,0.6455981653142521
630,90,7,PX-007,silence feedback reset,0.6144469181322033,0.5206968026632741,0.5579983622208573,0.63045336648147,0.4631352223966877,0.5397812498762179,0.6223881590904806
631,91,1,PX-001,amplify identity fracture,0.6664482795028036,0.5109745369296572,0.5579983622208573,0.63045336648147,0.4631352223966877,0.5397812498762179,0.6223881590904806
632,91,2,PX-002,fracture to access recursion,0.6664482795028036,0.544415425322907,0.5579983622208573,0.6364889731113792,0.4631352223966877,0.5397812498762179,0.6223881590904806
633,91,3,PX-003,negation to lock formation,0.6794767786392825,0.544415425322907,0.5579986694656434,0.6364889731113792,0.4631352223966877,0.5397812498762179,0.6223881590904806
634,91,4,PX-004,lagged temporal recursion,0.6794767786392825,0.544415425322907,0.5579986694656434,0.6304535484313477,0.4868280036814347,0.5397812498762179,0.6223881590904806
635,91,5,PX-005,false signal injection,0.6794767786392825,0.544415425322907,0.5579986694656434,0.6304535484313477,0.521566366898994,0.5397812498762179,0.6223881590904806
636,91,6,PX-006,signal to unstable utterance,0.6794767786392825,0.544415425322907,0.5579986694656434,0.6304535484313477,0.521566366898994,0.5397817064664142,0.6455989227729546
637,91,7,PX-007,silence feedback reset,0.6144465497641285,0.5206967598873171,0.5579986694656434,0.6304535484313477,0.46313529268006703,0.5397817064664142,0.6223888264192924
638,92,1,PX-001,amplify identity fracture,0.6664479100389328,0.5109744845281192,0.5579986694656434,0.6304535484313477,0.46313529268006703,0.5397817064664142,0.6223888264192924
639,92,2,PX-002,fracture to access recursion,0.6664479100389328,0.5444153355080779,0.5579986694656434,0.6364891510938447,0.46313529268006703,0.5397817064664142,0.6223888264192924
640,92,3,PX-003,negation to lock formation,0.6794764283320848,0.5444153355080779,0.5579988718520552,0.6364891510938447,0.46313529268006703,0.5397817064664142,0.6223888264192924
641,92,4,PX-004,lagged temporal recursion,0.6794764283320848,0.5444153355080779,0.5579988718520552,0.6304536407532413,0.4868280743325913,0.5397817064664142,0.6223888264192924
642,92,5,PX-005,false signal injection,0.6794764283320848,0.5444153355080779,0.5579988718520552,0.6304536407532413,0.5215664368441514,0.5397817064664142,0.6223888264192924
643,92,6,PX-006,signal to unstable utterance,0.6794764283320848,0.5444153355080779,0.5579988718520552,0.6304536407532413,0.5215664368441514,0.5397820477038222,0.6455995684111543
644,92,7,PX-007,silence feedback reset,0.6144461893377472,0.5206966527998783,0.5579988718520552,0.6304536407532413,0.46313530259842106,0.5397820477038222,0.6223893823391825
645,93,1,PX-001,amplify identity fracture,0.6664475536730192,0.5109743707562124,0.5579988718520552,0.6304536407532413,0.46313530259842106,0.5397820477038222,0.6223893823391825
646,93,2,PX-002,fracture to access recursion,0.6664475536730192,0.5444151948350443,0.5579988718520552,0.6364892403483384,0.46313530259842106,0.5397820477038222,0.6223893823391825
647,93,3,PX-003,negation to lock formation,0.6794760885672511,0.5444151948350443,0.5579989866960807,0.6364892403483384,0.46313530259842106,0.5397820477038222,0.6223893823391825
648,93,4,PX-004,lagged temporal recursion,0.6794760885672511,0.5444151948350443,0.5579989866960807,0.6304536614246699,0.48682808459007415,0.5397820477038222,0.6223893823391825
649,93,5,PX-005,false signal injection,0.6794760885672511,0.5444151948350443,0.5579989866960807,0.6304536614246699,0.5215664435086313,0.5397820477038222,0.6223893823391825
650,93,6,PX-006,signal to unstable utterance,0.6794760885672511,0.5444151948350443,0.5579989866960807,0.6304536614246699,0.5215664435086313,0.5397822879672943,0.6456001037690514
651,93,7,PX-007,silence feedback reset,0.6144458491311261,0.5206965011261342,0.5579989866960807,0.6304536614246699,0.46313526631775526,0.5397822879672943,0.6223898318240841
652,94,1,PX-001,amplify identity fracture,0.6664472212798435,0.5109742148931157,0.5579989866960807,0.6304536614246699,0.46313526631775526,0.5397822879672943,0.6223898318240841
653,94,2,PX-002,fracture to access recursion,0.6664472212798435,0.5444150211073899,0.5579989866960807,0.6364892587561393,0.46313526631775526,0.5397822879672943,0.6223898318240841
654,94,3,PX-003,negation to lock formation,0.6794757701820879,0.5444150211073899,0.5579990305854204,0.6364892587561393,0.46313526631775526,0.5397822879672943,0.6223898318240841
655,94,4,PX-004,lagged temporal recursion,0.6794757701820879,0.5444150211073899,0.5579990305854204,0.6304536269095283,0.48682804861344053,0.5397822879672943,0.6223898318240841
656,94,5,PX-005,false signal injection,0.6794757701820879,0.5444150211073899,0.5579990305854204,0.6304536269095283,0.5215664018896423,0.5397822879672943,0.6223898318240841
657,94,6,PX-006,signal to unstable utterance,0.6794757701820879,0.5444150211073899,0.5579990305854204,0.6304536269095283,0.5215664018896423,0.5397824421445797,0.645600534358147
658,94,7,PX-007,silence feedback reset,0.6144455376653343,0.5206963215904469,0.5579990305854204,0.6304536269095283,0.46313519640730866,0.5397824421445797,0.6223901828397918
659,95,1,PX-001,amplify identity fracture,0.6664469201677979,0.5109740332264864,0.5579990305854204,0.6304536269095283,0.46313519640730866,0.5397824421445797,0.6223901828397918
660,95,2,PX-002,fracture to access recursion,0.6664469201677979,0.5444148291371554,0.5579990305854204,0.6364892226764575,0.46313519640730866,0.5397824421445797,0.6223901828397918
661,95,3,PX-003,negation to lock formation,0.6794754805586632,0.5444148291371554,0.5579990189019005,0.6364892226764575,0.46313519640730866,0.5397824421445797,0.6223901828397918
662,95,4,PX-004,lagged temporal recursion,0.6794754805586632,0.5444148291371554,0.5579990189019005,0.6304535518747578,0.4868279789684176,0.5397824421445797,0.6223901828397918
663,95,5,PX-005,false signal injection,0.6794754805586632,0.5444148291371554,0.5579990189019005,0.6304535518747578,0.5215663252692737,0.5397824421445797,0.6223901828397918
664,95,6,PX-006,signal to unstable utterance,0.6794754805586632,0.5444148291371554,0.5579990189019005,0.6304535518747578,0.5215663252692737,0.5397825249233424,0.6456008684865545
665,95,7,PX-007,silence feedback reset,0.6144452602748683,0.5206961279813979,0.5579990189019005,0.6304535518747578,0.4631351037296375,0.5397825249233424,0.6223904453088106
666,96,1,PX-001,amplify identity fracture,0.6664466546510983,0.5109738391324504,0.5579990189019005,0.6304535518747578,0.4631351037296375,0.5397825249233424,0.6223904453088106
667,96,2,PX-002,fracture to access recursion,0.6664466546510983,0.5444146308829431,0.5579990189019005,0.636489146669264,0.4631351037296375,0.5397825249233424,0.6223904453088106
668,96,3,PX-003,negation to lock formation,0.6794752241663136,0.5444146308829431,0.5579989655065387,0.636489146669264,0.4631351037296375,0.5397825249233424,0.6223904453088106
669,96,4,PX-004,lagged temporal recursion,0.6794752241663136,0.5444146308829431,0.5579989655065387,0.6304534490460991,0.48682788651641734,0.5397825249233424,0.6223904453088106
670,96,5,PX-005,false signal injection,0.6794752241663136,0.5444146308829431,0.5579989655065387,0.6304534490460991,0.5215662251050502,0.5397825249233424,0.6223904453088106
671,96,6,PX-006,signal to unstable utterance,0.6794752241663136,0.5444146308829431,0.5579989655065387,0.6304534490460991,0.5215662251050502,0.5397825502610252,0.6456011162574534
672,96,7,PX-007,silence feedback reset,0.6144450196660073,0.5206959313167491,0.5579989655065387,0.6304534490460991,0.46313499742441516,0.5397825502610252,0.6223906302477723
673,97,1,PX-001,amplify identity fracture,0.6664464266019196,0.5109736432509586,0.5579989655065387,0.6304534490460991,0.46313499742441516,0.5397825502610252,0.6223906302477723
674,97,2,PX-002,fracture to access recursion,0.6664464266019196,0.5444144356670848,0.5579989655065387,0.6364890433558077,0.46313499742441516,0.5397825502610252,0.6223906302477723
675,97,3,PX-003,negation to lock formation,0.6794750030880315,0.5444144356670848,0.5579988825604429,0.6364890433558077,0.46313499742441516,0.5397825502610252,0.6223906302477723
676,97,4,PX-004,lagged temporal recursion,0.6794750030880315,0.5444144356670848,0.5579988825604429,0.6304533291750738,0.4868277803978105,0.5397825502610252,0.6223906302477723
677,97,5,PX-005,false signal injection,0.6794750030880315,0.5444144356670848,0.5579988825604429,0.6304533291750738,0.5215661110187275,0.5397825502610252,0.6223906302477723
678,97,6,PX-006,signal to unstable utterance,0.6794750030880315,0.5444144356670848,0.5579988825604429,0.6304533291750738,0.5215661110187275,0.5397825310113068,0.6456012887383702
679,97,7,PX-007,silence feedback reset,0.6144448164440194,0.5206957400777384,0.5579988825604429,0.6304533291750738,0.4631348849639839,0.5397825310113068,0.6223907490697713
680,98,1,PX-001,amplify identity fracture,0.666446235965552,0.5109734537266057,0.5579988825604429,0.6304533291750738,0.4631348849639839,0.5397825310113068,0.6223907490697713
681,98,2,PX-002,fracture to access recursion,0.666446235965552,0.5444142504442566,0.5579988825604429,0.6364889233891134,0.4631348849639839,0.5397825310113068,0.6223907490697713
682,98,3,PX-003,negation to lock formation,0.6794748175138894,0.5444142504442566,0.5579987804558401,0.6364889233891134,0.4631348849639839,0.5397825310113068,0.6223907490697713
683,98,4,PX-004,lagged temporal recursion,0.6794748175138894,0.5444142504442566,0.5579987804558401,0.6304532010916688,0.48682766808700717,0.5397825310113068,0.6223907490697713
684,98,5,PX-005,false signal injection,0.6794748175138894,0.5444142504442566,0.5579987804558401,0.6304532010916688,0.5215659908600816,0.5397825310113068,0.6223907490697713
685,98,6,PX-006,signal to unstable utterance,0.6794748175138894,0.5444142504442566,0.5579987804558401,0.6304532010916688,0.5215659908600816,0.5397824786841022,0.6456013972928067
686,98,7,PX-007,silence feedback reset,0.6144446495959712,0.5206955604867629,0.5579987804558401,0.6304532010916688,0.46313477226116934,0.5397824786841022,0.6223908130393262
687,99,1,PX-001,amplify identity fracture,0.6664460812272093,0.5109732764896432,0.5579987804558401,0.6304532010916688,0.46313477226116934,0.5397824786841022,0.6223908130393262
688,99,2,PX-002,fracture to access recursion,0.6664460812272093,0.5444140800985546,0.5579987804558401,0.6364887955091001,0.46313477226116934,0.5397824786841022,0.6223908130393262
689,99,3,PX-003,negation to lock formation,0.6794746661900171,0.5444140800985546,0.5579986678333931,0.6364887955091001,0.46313477226116934,0.5397824786841022,0.6223908130393262
690,99,4,PX-004,lagged temporal recursion,0.6794746661900171,0.5444140800985546,0.5579986678333931,0.6304530718199858,0.48682755549985907,0.5397824786841022,0.6223908130393262
691,99,5,PX-005,false signal injection,0.6794746661900171,0.5444140800985546,0.5579986678333931,0.6304530718199858,0.5215658708250946,0.5397824786841022,0.6223908130393262
692,99,6,PX-006,signal to unstable utterance,0.6794746661900171,0.5444140800985546,0.5579986678333931,0.6304530718199858,0.5215658708250946,0.5397824033163532,0.645601453061388
693,99,7,PX-007,silence feedback reset,0.6144445169208332,0.5206953968070509,0.5579986678333931,0.6304530718199858,0.46313466381250773,0.5397824033163532,0.6223908328646245
694,100,1,PX-001,amplify identity fracture,0.6664459598237662,0.5109731155564254,0.5579986678333931,0.6304530718199858,0.46313466381250773,0.5397824033163532,0.6223908328646245
695,100,2,PX-002,fracture to access recursion,0.6664459598237662,0.5444139277504704,0.5579986678333931,0.6364886666597439,0.46313466381250773,0.5397824033163532,0.6223908328646245
696,100,3,PX-003,negation to lock formation,0.6794745468161746,0.5444139277504704,0.5579985516643183,0.6364886666597439,0.46313466381250773,0.5397824033163532,0.6223908328646245
697,100,4,PX-004,lagged temporal recursion,0.6794745468161746,0.5444139277504704,0.5579985516643183,0.6304529467371147,0.48682744713653686,0.5397824033163532,0.6223908328646245
698,100,5,PX-005,false signal injection,0.6794745468161746,0.5444139277504704,0.5579985516643183,0.6304529467371147,0.5215657556107661,0.5397824033163532,0.6223908328646245
699,100,6,PX-006,signal to unstable utterance,0.6794745468161746,0.5444139277504704,0.5579985516643183,0.6304529467371147,0.5215657556107661,0.5397823134319812,0.6456014665769032
700,100,7,PX-007,silence feedback reset,0.614444415402654,0.520695251647221,0.5579985516643183,0.6304529467371147,0.4631345628627072,0.5397823134319812,0.6223908184100024
701,101,1,PX-001,amplify identity fracture,0.6664458684974901,0.5109729733327735,0.5579985516643183,0.6304529467371147,0.4631345628627072,0.5397823134319812,0.6223908184100024
702,101,2,PX-002,fracture to access recursion,0.6664458684974901,0.5444137950592901,0.5579985516643183,0.6364885421487094,0.4631345628627072,0.5397823134319812,0.6223908184100024
703,101,3,PX-003,negation to lock formation,0.6794744563886568,0.5444137950592901,0.5579984373784409,0.6364885421487094,0.4631345628627072,0.5397823134319812,0.6223908184100024
704,101,4,PX-004,lagged temporal recursion,0.6794744563886568,0.5444137950592901,0.5579984373784409,0.6304528297585548,0.4868273462457011,0.5397823134319812,0.6223908184100024
705,101,5,PX-005,false signal injection,0.6794744563886568,0.5444137950592901,0.5579984373784409,0.6304528297585548,0.5215656485916194,0.5397823134319812,0.6223908184100024
706,101,6,PX-006,signal to unstable utterance,0.6794744563886568,0.5444137950592901,0.5579984373784409,0.6304528297585548,0.5215656485916194,0.5397822160710789,0.6456014474961128
707,101,7,PX-007,silence feedback reset,0.6144443415258367,0.520695126257555,0.5579984373784409,0.6304528297585548,0.4631344715787446,0.5397822160710789,0.6223907785109881
708,102,1,PX-001,amplify identity fracture,0.6664458035918255,0.5109728509076055,0.5579984373784409,0.6304528297585548,0.4631344715787446,0.5397822160710789,0.6223907785109881
709,102,2,PX-002,fracture to access recursion,0.6664458035918255,0.5444136825101135,0.5579984373784409,0.6364884258329249,0.4631344715787446,0.5397822160710789,0.6223907785109881
710,102,3,PX-003,negation to lock formation,0.6794743914882098,0.5444136825101135,0.5579983290220698,0.6364884258329249,0.4631344715787446,0.5397822160710789,0.6223907785109881
711,102,4,PX-004,lagged temporal recursion,0.6794743914882098,0.5444136825101135,0.5579983290220698,0.630452723536478,0.48682725499836677,0.5397822160710789,0.6223907785109881
712,102,5,PX-005,false signal injection,0.6794743914882098,0.5444136825101135,0.5579983290220698,0.630452723536478,0.5215655520057229,0.5397822160710789,0.6223907785109881
713,102,6,PX-006,signal to unstable utterance,0.6794743914882098,0.5444136825101135,0.5579983290220698,0.630452723536478,0.5215655520057229,0.5397821168704932,0.645601404430726
714,102,7,PX-007,silence feedback reset,0.6144442915340625,0.5206950208083162,0.5579983290220698,0.630452723536478,0.46313439122441996,0.5397821168704932,0.6223907208744593
715,103,1,PX-001,amplify identity fracture,0.6664457612915567,0.5109727483276173,0.5579983290220698,0.630452723536478,0.46313439122441996,0.5397821168704932,0.6223907208744593
716,103,2,PX-002,fracture to access recursion,0.6664457612915567,0.5444135896778963,0.5579983290220698,0.6364883203165338,0.46313439122441996,0.5397821168704932,0.6223907208744593
717,103,3,PX-003,negation to lock formation,0.6794743485148829,0.5444135896778963,0.5579982294322829,0.6364883203165338,0.46313439122441996,0.5397821168704932,0.6223907208744593
718,103,4,PX-004,lagged temporal recursion,0.6794743485148829,0.5444135896778963,0.5579982294322829,0.6304526296599305,0.48682717466227804,0.5397821168704932,0.6223907208744593
719,103,5,PX-005,false signal injection,0.6794743485148829,0.5444135896778963,0.5579982294322829,0.6304526296599305,0.5215654671406056,0.5397821168704932,0.6223907208744593
720,103,6,PX-006,signal to unstable utterance,0.6794743485148829,0.5444135896778963,0.5579982294322829,0.6304526296599305,0.5215654671406056,0.5397820201802356,0.6456013448602893
721,103,7,PX-007,silence feedback reset,0.6144442616362588,0.5206949346434829,0.5579982294322829,0.6304526296599305,0.4631343223283842,0.5397820201802356,0.6223906520473221
722,104,1,PX-001,amplify identity fracture,0.6664457378113067,0.5109726648467681,0.5579982294322829,0.6304526296599305,0.4631343223283842,0.5397820201802356,0.6223906520473221
723,104,2,PX-002,fracture to access recursion,0.6664457378113067,0.5444135154636633,0.5579982294322829,0.6364882271504462,0.4631343223283842,0.5397820201802356,0.6223906520473221
724,104,3,PX-003,negation to lock formation,0.6794743238733639,0.5444135154636633,0.5579981404168034,0.6364882271504462,0.4631343223283842,0.5397820201802356,0.6223906520473221
725,104,4,PX-004,lagged temporal recursion,0.6794743238733639,0.5444135154636633,0.5579981404168034,0.6304525488486229,0.48682710576980315,0.5397820201802356,0.6223906520473221
726,104,5,PX-005,false signal injection,0.6794743238733639,0.5444135154636633,0.5579981404168034,0.6304525488486229,0.5215653945117712,0.5397820201802356,0.6223906520473221
727,104,6,PX-006,signal to unstable utterance,0.6794743238733639,0.5444135154636633,0.5579981404168034,0.6304525488486229,0.5215653945117712,0.5397819292024942,0.6456012751106638
728,104,7,PX-007,silence feedback reset,0.6144442481642658,0.5206948665058336,0.5579981404168034,0.6304525488486229,0.463134264840597,0.5397819292024942,0.6223905774384202
729,105,1,PX-001,amplify identity fracture,0.6664457295374039,0.51097259914682,0.5579981404168034,0.6304525488486229,0.463134264840597,0.5397819292024942,0.6223905774384202
730,105,2,PX-002,fracture to access recursion,0.6664457295374039,0.5444134583002969,0.5579981404168034,0.6364881470252444,0.463134264840597,0.5397819292024942,0.6223905774384202
731,105,3,PX-003,negation to lock formation,0.6794743141134391,0.5444134583002969,0.5579980629310344,0.6364881470252444,0.463134264840597,0.5397819292024942,0.6223905774384202
732,105,4,PX-004,lagged temporal recursion,0.6794743141134391,0.5444134583002969,0.5579980629310344,0.6304524811342217,0.48682704827430057,0.5397819292024942,0.6223905774384202
733,105,5,PX-005,false signal injection,0.6794743141134391,0.5444134583002969,0.5579980629310344,0.6304524811342217,0.5215653340285656,0.5397819292024942,0.6223905774384202
734,105,6,PX-006,signal to unstable utterance,0.6794743141134391,0.5444134583002969,0.5579980629310344,0.6304524811342217,0.5215653340285656,0.5397818461423244,0.6456012003831234
735,105,7,PX-007,silence feedback reset,0.6144442476876446,0.5206948147314299,0.5579980629310344,0.6304524811342217,0.46313421827384393,0.5397818461423244,0.6223905013799769
736,106,1,PX-001,amplify identity fracture,0.6664457331287788,0.5109725495272304,0.5579980629310344,0.6304524811342217,0.46313421827384393,0.5397818461423244,0.6223905013799769
737,106,2,PX-002,fracture to access recursion,0.6664457331287788,0.544413416327137,0.5579980629310344,0.6364880799514497,0.46313421827384393,0.5397818461423244,0.6223905013799769
738,106,3,PX-003,negation to lock formation,0.6794743160308679,0.544413416327137,0.5579979972459669,0.6364880799514497,0.46313421827384393,0.5397818461423244,0.6223905013799769
739,106,4,PX-004,lagged temporal recursion,0.6794743160308679,0.544413416327137,0.5579979972459669,0.6304524260250188,0.48682700169157905,0.5397818461423244,0.6223905013799769
740,106,5,PX-005,false signal injection,0.6794743160308679,0.544413416327137,0.5579979972459669,0.6304524260250188,0.5215652851439176,0.5397818461423244,0.6223905013799769
741,106,6,PX-006,signal to unstable utterance,0.6794743160308679,0.544413416327137,0.5579979972459669,0.6304524260250188,0.5215652851439176,0.5397817723612668,0.6456011248207212
742,106,7,PX-007,silence feedback reset,0.6144442570914382,0.5206947774132158,0.5579979972459669,0.6304524260250188,0.46313418182834337,0.5397817723612668,0.6223904272166161
743,107,1,PX-001,amplify identity fracture,0.6664457455827946,0.5109725140643057,0.5579979972459669,0.6304524260250188,0.46313418182834337,0.5397817723612668,0.6223904272166161
744,107,2,PX-002,fracture to access recursion,0.6664457455827946,0.5444133875340373,0.5579979972459669,0.6364880254231,0.46313418182834337,0.5397817723612668,0.6223904272166161
745,107,3,PX-003,negation to lock formation,0.6794743267342479,0.5444133875340373,0.5579979431025489,0.6364880254231,0.46313418182834337,0.5397817723612668,0.6223904272166161
746,107,4,PX-004,lagged temporal recursion,0.6794743267342479,0.5444133875340373,0.5579979431025489,0.6304523826515015,0.48682696522447616,0.5397817723612668,0.6223904272166161
747,107,5,PX-005,false signal injection,0.6794743267342479,0.5444133875340373,0.5579979431025489,0.6304523826515015,0.5215652469859421,0.5397817723612668,0.6223904272166161
748,107,6,PX-006,signal to unstable utterance,0.6794743267342479,0.5444133875340373,0.5579979431025489,0.6304523826515015,0.5215652469859421,0.5397817085271391,0.6456010516003228
749,107,7,PX-007,silence feedback reset,0.6144442736227586,0.5206947525347415,0.5579979431025489,0.6304523826515015,0.46313415449861356,0.5397817085271391,0.6223903574118079
750,108,1,PX-001,amplify identity fracture,0.6664457642718769,0.510972490740765,0.5579979431025489,0.6304523826515015,0.46313415449861356,0.5397817085271391,0.6223903574118079
751,108,2,PX-002,fracture to access recursion,0.6664457642718769,0.5444133698765685,0.5579979431025489,0.6364879825622181,0.46313415449861356,0.5397817085271391,0.6223903574118079
752,108,3,PX-003,negation to lock formation,0.6794743436834354,0.5444133698765685,0.5579978998497019,0.6364879825622181,0.46313415449861356,0.5397817085271391,0.6223903574118079
753,108,4,PX-004,lagged temporal recursion,0.6794743436834354,0.5444133698765685,0.5579978998497019,0.6304523498916973,0.4868269378697195,0.5397817085271391,0.6223903574118079
754,108,5,PX-005,false signal injection,0.6794743436834354,0.5444133698765685,0.5579978998497019,0.6304523498916973,0.5215652184706004,0.5397817085271391,0.6223903574118079
755,108,6,PX-006,signal to unstable utterance,0.6794743436834354,0.5444133698765685,0.5579978998497019,0.6304523498916973,0.5215652184706004,0.5397816547550235,0.6456009830404943
756,108,7,PX-007,silence feedback reset,0.6144442949118809,0.5206947380759476,0.5579978998497019,0.6304523498916973,0.46313413516267,0.5397816547550235,0.6223902936633428
757,109,1,PX-001,amplify identity fracture,0.6664457869565402,0.5109724775477461,0.5579978998497019,0.6304523498916973,0.46313413516267,0.5397816547550235,0.6223902936633428
758,109,2,PX-002,fracture to access recursion,0.6664457869565402,0.5444133613647929,0.5579978998497019,0.6364879502430949,0.46313413516267,0.5397816547550235,0.6223902936633428
759,109,3,PX-003,negation to lock formation,0.6794743647048697,0.5444133613647929,0.5579978665644937,0.6364879502430949,0.46313413516267,0.5397816547550235,0.6223902936633428
760,109,4,PX-004,lagged temporal recursion,0.6794743647048697,0.5444133613647929,0.5579978665644937,0.6304523264762344,0.4868269185071359,0.5397816547550235,0.6223902936633428
761,109,5,PX-005,false signal injection,0.6794743647048697,0.5444133613647929,0.5579978665644937,0.6304523264762344,0.5215651983955473,0.5397816547550235,0.6223902936633428
762,109,6,PX-006,signal to unstable utterance,0.6794743647048697,0.5444133613647929,0.5579978665644937,0.6304523264762344,0.5215651983955473,0.5397816107360224,0.6456009207171716
763,109,7,PX-007,silence feedback reset,0.6144443189731643,0.5206947320935823,0.5579978665644937,0.6304523264762344,0.463134122654301,0.5397816107360224,0.6223902370211123
764,110,1,PX-001,amplify identity fracture,0.6664458117799922,0.5109724725618813,0.5579978665644937,0.6304523264762344,0.463134122654301,0.5397816107360224,0.6223902370211123
765,110,2,PX-002,fracture to access recursion,0.6664458117799922,0.5444133601284847,0.5579978665644937,0.6364879271963565,0.463134122654301,0.5397816107360224,0.6223902370211123
766,110,3,PX-003,negation to lock formation,0.6794743879887666,0.5444133601284847,0.5579978421540375,0.6364879271963565,0.463134122654301,0.5397816107360224,0.6223902370211123
767,110,4,PX-004,lagged temporal recursion,0.6794743879887666,0.5444133601284847,0.5579978421540375,0.630452311073872,0.48682690597195183,0.5397816107360224,0.6223902370211123
768,110,5,PX-005,false signal injection,0.6794743879887666,0.5444133601284847,0.5579978421540375,0.630452311073872,0.5215651855160057,0.5397816107360224,0.6223902370211123
769,110,6,PX-006,signal to unstable utterance,0.6794743879887666,0.5444133601284847,0.5579978421540375,0.630452311073872,0.5215651855160057,0.5397815758516621,0.6456008655806815
770,110,7,PX-007,silence feedback reset,0.6144443441906244,0.5206947327792029,0.5579978421540375,0.630452311073872,0.4631341158196567,0.5397815758516621,0.6223901880020019
771,111,1,PX-001,amplify identity fracture,0.6664458372489677,0.5109724740004199,0.5579978421540375,0.630452311073872,0.4631341158196567,0.5397815758516621,0.6223901880020019
772,111,2,PX-002,fracture to access recursion,0.6664458372489677,0.5444133644619097,0.5579978421540375,0.6364879120935939,0.4631341158196567,0.5397815758516621,0.6223901880020019
773,111,3,PX-003,negation to lock formation,0.6794744120726638,0.5444133644619097,0.5579978254395112,0.6364879120935939,0.4631341158196567,0.5397815758516621,0.6223901880020019
774,111,4,PX-004,lagged temporal recursion,0.6794744120726638,0.5444133644619097,0.5579978254395112,0.6304523023588418,0.4868268991114156,0.5397815758516621,0.6223901880020019
775,111,5,PX-005,false signal injection,0.6794744120726638,0.5444133644619097,0.5579978254395112,0.6304523023588418,0.5215651786040172,0.5397815758516621,0.6223901880020019
776,111,6,PX-006,signal to unstable utterance,0.6794744120726638,0.5444133644619097,0.5579978254395112,0.6304523023588418,0.5215651786040172,0.5397815492728989,0.64560081806918
777,111,7,PX-007,silence feedback reset,0.6144443692924296,0.5206947384978812,0.5579978254395112,0.6304523023588418,0.4631341135597049,0.5397815492728989,0.622390146698066
778,112,1,PX-001,amplify identity fracture,0.6664458622048703,0.510972480257523,0.5579978254395112,0.6304523023588418,0.4631341135597049,0.5397815492728989,0.622390146698066
779,112,2,PX-002,fracture to access recursion,0.6664458622048703,0.5444133728513286,0.5579978254395112,0.6364879036139097,0.4631341135597049,0.5397815492728989,0.622390146698066
780,112,3,PX-003,negation to lock formation,0.6794744358152566,0.5444133728513286,0.5579978152233008,0.6364879036139097,0.4631341135597049,0.5397815492728989,0.622390146698066
781,112,4,PX-004,lagged temporal recursion,0.6794744358152566,0.5444133728513286,0.5579978152233008,0.6304522990617352,0.48682689682729197,0.5397815492728989,0.622390146698066
782,112,5,PX-005,false signal injection,0.6794744358152566,0.5444133728513286,0.5579978152233008,0.6304522990617352,0.5215651764927408,0.5397815492728989,0.622390146698066
783,112,6,PX-006,signal to unstable utterance,0.6794744358152566,0.5444133728513286,0.5579978152233008,0.6304522990617352,0.5215651764927408,0.5397815300435428,0.6456007782149037
784,112,7,PX-007,silence feedback reset,0.6144443933179936,0.5206947478107435,0.5579978152233008,0.6304522990617352,0.46313411486029066,0.5397815300435428,0.6223901128753481
785,113,1,PX-001,amplify identity fracture,0.6664458857886933,0.5109724899248377,0.5579978152233008,0.6304522990617352,0.46313411486029066,0.5397815300435428,0.6223901128753481
786,113,2,PX-002,fracture to access recursion,0.6664458857886933,0.5444133839883084,0.5579978152233008,0.6364879004941222,0.46313411486029066,0.5397815300435428,0.6223901128753481
787,113,3,PX-003,negation to lock formation,0.679474458363896,0.5444133839883084,0.5579978103406921,0.6364879004941222,0.46313411486029066,0.5397815300435428,0.6223901128753481
788,113,4,PX-004,lagged temporal recursion,0.679474458363896,0.5444133839883084,0.5579978103406921,0.6304523000059006,0.486826898105963,0.5397815300435428,0.6223901128753481
789,113,5,PX-005,false signal injection,0.679474458363896,0.5444133839883084,0.5579978103406921,0.6304523000059006,0.5215651781076642,0.5397815300435428,0.6223901128753481
790,113,6,PX-006,signal to unstable utterance,0.679474458363896,0.5444133839883084,0.5579978103406921,0.6304523000059006,0.5215651781076642,0.5397815171485715,0.6456007457407842
791,113,7,PX-007,silence feedback reset,0.6144444155807486,0.5206947594843544,0.5579978103406921,0.6304523000059006,0.4631341188116048,0.5397815171485715,0.6223900860617076
792,114,1,PX-001,amplify identity fracture,0.6664459074026031,0.510972501799334,0.5579978103406921,0.6304523000059006,0.4631341188116048,0.5397815171485715,0.6223900860617076
793,114,2,PX-002,fracture to access recursion,0.6664459074026031,0.5444133967717383,0.5579978103406921,0.6364879015645897,0.4631341188116048,0.5397815171485715,0.6223900860617076
794,114,3,PX-003,negation to lock formation,0.6794744791185591,0.5444133967717383,0.5579978096978017,0.6364879015645897,0.4631341188116048,0.5397815171485715,0.6223900860617076
795,114,4,PX-004,lagged temporal recursion,0.6794744791185591,0.5444133967717383,0.5579978096978017,0.6304523041314105,0.48682690203793827,0.5397815171485715,0.6223900860617076
796,114,5,PX-005,false signal injection,0.6794744791185591,0.5444133967717383,0.5579978096978017,0.6304523041314105,0.5215651824866518,0.5397815171485715,0.6223900860617076
797,114,6,PX-006,signal to unstable utterance,0.6794744791185591,0.5444133967717383,0.5579978096978017,0.6304523041314105,0.5215651824866518,0.5397815095682874,0.6456007201459453
798,114,7,PX-007,silence feedback reset,0.6144444356291041,0.5206947724897478,0.5579978096978017,0.6304523041314105,0.46313412461884895,0.5397815095682874,0.6223900656228492
799,115,1,PX-001,amplify identity fracture,0.6664459266705013,0.5109725148811668,0.5579978096978017,0.6304523041314105,0.46313412461884895,0.5397815095682874,0.6223900656228492
800,115,2,PX-002,fracture to access recursion,0.6664459266705013,0.5444134103011963,0.5579978096978017,0.6364879057727135,0.46313412461884895,0.5397815095682874,0.6223900656228492
801,115,3,PX-003,negation to lock formation,0.6794744976945576,0.5444134103011963,0.557997812297573,0.6364879057727135,0.46313412461884895,0.5397815095682874,0.6223900656228492
802,115,4,PX-004,lagged temporal recursion,0.6794744976945576,0.5444134103011963,0.557997812297573,0.6304523105086531,0.48682690782855975,0.5397815095682874,0.6223900656228492
803,115,5,PX-005,false signal injection,0.6794744976945576,0.5444134103011963,0.557997812297573,0.6304523105086531,0.5215651887907341,0.5397815095682874,0.6223900656228492
804,115,6,PX-006,signal to unstable utterance,0.6794744976945576,0.5444134103011963,0.557997812297573,0.6304523105086531,0.5215651887907341,0.5397815063195992,0.6456007007793962
805,115,7,PX-007,silence feedback reset,0.6144444532075666,0.5206947859936407,0.557997812297573,0.6304523105086531,0.46313413160579964,0.5397815063195992,0.6223900508264019
806,116,1,PX-001,amplify identity fracture,0.6664459433993649,0.510972528364052,0.557997812297573,0.6304523105086531,0.46313413160579964,0.5397815063195992,0.6223900508264019
807,116,2,PX-002,fracture to access recursion,0.6664459433993649,0.5444134238640121,0.557997812297573,0.6364879121961637,0.46313413160579964,0.5397815063195992,0.6223900508264019
808,116,3,PX-003,negation to lock formation,0.6794745138857604,0.5444134238640121,0.5579978172556895,0.6364879121961637,0.46313413160579964,0.5397815063195992,0.6223900508264019
809,116,4,PX-004,lagged temporal recursion,0.6794745138857604,0.5444134238640121,0.5579978172556895,0.6304523183435146,0.48682691480160356,0.5397815063195992,0.6223900508264019
810,116,5,PX-005,false signal injection,0.6794745138857604,0.5444134238640121,0.5579978172556895,0.6304523183435146,0.5215651963074441,0.5397815063195992,0.6223900508264019
811,116,6,PX-006,signal to unstable utterance,0.6794745138857604,0.5444134238640121,0.5579978172556895,0.6304523183435146,0.5215651963074441,0.5397815064859075,0.6456006869018655
812,116,7,PX-007,silence feedback reset,0.6144444682195139,0.5206947993440589,0.5579978172556895,0.6304523183435146,0.4631341392128438,0.5397815064859075,0.6223900408944094
813,117,1,PX-001,amplify identity fracture,0.666445957542701,0.5109725416203413,0.5579978172556895,0.6304523183435146,0.4631341392128438,0.5397815064859075,0.6223900408944094
814,117,2,PX-002,fracture to access recursion,0.666445957542701,0.5444134369180564,0.5579978172556895,0.6364879200477858,0.4631341392128438,0.5397815064859075,0.6223900408944094
815,117,3,PX-003,negation to lock formation,0.6794745276296533,0.5444134369180564,0.5579978238082122,0.6364879200477858,0.4631341392128438,0.5397815064859075,0.6223900408944094
816,117,4,PX-004,lagged temporal recursion,0.6794745276296533,0.5444134369180564,0.5579978238082122,0.6304523269759758,0.4868269223973494,0.5397815064859075,0.6223900408944094
817,117,5,PX-005,false signal injection,0.6794745276296533,0.5444134369180564,0.5579978238082122,0.6304523269759758,0.5215652044483691,0.5397815064859075,0.6223900408944094
818,117,6,PX-006,signal to unstable utterance,0.6794745276296533,0.5444134369180564,0.5579978238082122,0.6304523269759758,0.5215652044483691,0.5397815092371654,0.6456006777362004
819,117,7,PX-007,silence feedback reset,0.6144444806926896,0.5206948120522902,0.5579978238082122,0.6304523269759758,0.4631341469908959,0.5397815092371654,0.6223900350449576
820,118,1,PX-001,amplify identity fracture,0.6664459691670424,0.5109725541826616,0.5579978238082122,0.6304523269759758,0.4631341469908959,0.5397815092371654,0.6223900350449576
821,118,2,PX-002,fracture to access recursion,0.6664459691670424,0.5444134490719645,0.5579978238082122,0.6364879286740016,0.4631341469908959,0.5397815092371654,0.6223900350449576
822,118,3,PX-003,negation to lock formation,0.6794745389751687,0.5444134490719645,0.5579978313126335,0.6364879286740016,0.4631341469908959,0.5397815092371654,0.6223900350449576
823,118,4,PX-004,lagged temporal recursion,0.6794745389751687,0.5444134490719645,0.5579978313126335,0.6304523358737675,0.48682693016652756,0.5397815092371654,0.6223900350449576
824,118,5,PX-005,false signal injection,0.6794745389751687,0.5444134490719645,0.5579978313126335,0.6304523358737675,0.5215652127424059,0.5397815092371654,0.6223900350449576
825,118,6,PX-006,signal to unstable utterance,0.6794745389751687,0.5444134490719645,0.5579978313126335,0.6304523358737675,0.5215652127424059,0.5397815138416929,0.6456006725071055
826,118,7,PX-007,silence feedback reset,0.6144444907481205,0.5206948237727594,0.5579978313126335,0.6304523358737675,0.4631341545924295,0.5397815138416929,0.6223900325239193
827,119,1,PX-001,amplify identity fracture,0.6664459784220726,0.5109725657236706,0.5579978313126335,0.6304523358737675,0.4631341545924295,0.5397815138416929,0.6223900325239193
828,119,2,PX-002,fracture to access recursion,0.6664459784220726,0.5444134600641922,0.5579978313126335,0.6364879375483355,0.4631341545924295,0.5397815138416929,0.6223900325239193
829,119,3,PX-003,negation to lock formation,0.6794745480538843,0.5444134600641922,0.557997839243897,0.6364879375483355,0.4631341545924295,0.5397815138416929,0.6223900325239193
830,119,4,PX-004,lagged temporal recursion,0.6794745480538843,0.5444134600641922,0.557997839243897,0.6304523446225243,0.4868269377613765,0.5397815138416929,0.6223900325239193
831,119,5,PX-005,false signal injection,0.6794745480538843,0.5444134600641922,0.557997839243897,0.6304523446225243,0.5215652208260249,0.5397815138416929,0.6223900325239193
832,119,6,PX-006,signal to unstable utterance,0.6794745480538843,0.5444134600641922,0.557997839243897,0.6304523446225243,0.5215652208260249,0.5397815196712694,0.6456006704712244
833,119,7,PX-007,silence feedback reset,0.6144444985728558,0.5206948342821208,0.557997839243897,0.6304523446225243,0.46313416176067235,0.5397815196712694,0.6223900326279506
834,120,1,PX-001,amplify identity fracture,0.6664459855146807,0.5109725760351792,0.557997839243897,0.6304523446225243,0.46313416176067235,0.5397815196712694,0.6223900326279506
835,120,2,PX-002,fracture to access recursion,0.6664459855146807,0.5444134697420097,0.557997839243897,0.6364879462614966,0.46313416176067235,0.5397815196712694,0.6223900326279506
836,120,3,PX-003,negation to lock formation,0.6794745550549122,0.5444134697420097,0.5579978471867507,0.6364879462614966,0.46313416176067235,0.5397815196712694,0.6223900326279506
837,120,4,PX-004,lagged temporal recursion,0.6794745550549122,0.5444134697420097,0.5579978471867507,0.6304523529136705,0.4868269449248591,0.5397815196712694,0.6223900326279506
838,120,5,PX-005,false signal injection,0.6794745550549122,0.5444134697420097,0.5579978471867507,0.6304523529136705,0.5215652284316445,0.5397815196712694,0.6223900326279506
839,120,6,PX-006,signal to unstable utterance,0.6794745550549122,0.5444134697420097,0.5579978471867507,0.6304523529136705,0.5215652284316445,0.5397815262009236,0.6456006709387104
840,120,7,PX-007,silence feedback reset,0.614444504396682,0.5206948434585783,0.5579978471867507,0.6304523529136705,0.4631341683178332,0.5397815262009236,0.6223900347199408
841,121,1,PX-001,amplify identity fracture,0.6664459906870195,0.510972585007618,0.5579978471867507,0.6304523529136705,0.4631341683178332,0.5397815262009236,0.6223900347199408
842,121,2,PX-002,fracture to access recursion,0.6664459906870195,0.5444134780412767,0.5579978471867507,0.6364879545092377,0.4631341683178332,0.5397815262009236,0.6223900347199408
843,121,3,PX-003,negation to lock formation,0.6794745602035784,0.5444134780412767,0.5579978548256209,0.6364879545092377,0.4631341683178332,0.5397815262009236,0.6223900347199408
844,121,4,PX-004,lagged temporal recursion,0.6794745602035784,0.5444134780412767,0.5579978548256209,0.6304523605310608,0.48682695147890775,0.5397815262009236,0.6223900347199408
845,121,5,PX-005,false signal injection,0.6794745602035784,0.5444134780412767,0.5579978548256209,0.6304523605310608,0.5215652353750313,0.5397815262009236,0.6223900347199408
846,121,6,PX-006,signal to unstable utterance,0.6794745602035784,0.5444134780412767,0.5579978548256209,0.6304523605310608,0.5215652353750313,0.5397815330047084,0.6456006732874884
847,121,7,PX-007,silence feedback reset,0.614444508472767,0.5206948512621942,0.5579978548256209,0.6304523605310608,0.4631341741530572,0.5397815330047084,0.6223900382381307
848,122,1,PX-001,amplify identity fracture,0.6664459941984662,0.5109725926105699,0.5579978548256209,0.6304523605310608,0.4631341741530572,0.5397815330047084,0.6223900382381307
849,122,2,PX-002,fracture to access recursion,0.6664459941984662,0.5444134849676051,0.5579978548256209,0.6364879620790059,0.4631341741530572,0.5397815330047084,0.6223900382381307
850,122,3,PX-003,negation to lock formation,0.6794745637438172,0.5444134849676051,0.5579978619330022,0.6364879620790059,0.4631341741530572,0.5397815330047084,0.6223900382381307
851,122,4,PX-004,lagged temporal recursion,0.6794745637438172,0.5444134849676051,0.5579978619330022,0.6304523673372032,0.48682695731239256,0.5397815330047084,0.6223900382381307
852,122,5,PX-005,false signal injection,0.6794745637438172,0.5444134849676051,0.5579978619330022,0.6304523673372032,0.5215652415424559,0.5397815330047084,0.6223900382381307
853,122,6,PX-006,signal to unstable utterance,0.6794745637438172,0.5444134849676051,0.5579978619330022,0.6304523673372032,0.5215652415424559,0.5397815397485959,0.6456006769714088
854,122,7,PX-007,silence feedback reset,0.6144445110620534,0.5206948577167216,0.5579978619330022,0.6304523673372032,0.4631341792106499,0.5397815397485959,0.6223900427000625
855,123,1,PX-001,amplify identity fracture,0.6664459963112549,0.5109725988748812,0.5579978619330022,0.6304523673372032,0.4631341792106499,0.5397815397485959,0.6223900427000625
856,123,2,PX-002,fracture to access recursion,0.6664459963112549,0.5444134905793182,0.5579978619330022,0.6364879688362015,0.4631341792106499,0.5397815397485959,0.6223900427000625
857,123,3,PX-003,negation to lock formation,0.6794745659240775,0.5444134905793182,0.5579978683571795,0.6364879688362015,0.4631341792106499,0.5397815397485959,0.6223900427000625
858,123,4,PX-004,lagged temporal recursion,0.6794745659240775,0.5444134905793182,0.5579978683571795,0.6304523732597067,0.4868269623693566,0.5397815397485959,0.6223900427000625
859,123,5,PX-005,false signal injection,0.6794745659240775,0.5444134905793182,0.5579978683571795,0.6304523732597067,0.5215652468781701,0.5397815397485959,0.6223900427000625
860,123,6,PX-006,signal to unstable utterance,0.6794745659240775,0.5444134905793182,0.5579978683571795,0.6304523732597067,0.5215652468781701,0.5397815461814642,0.6456006815234453
861,123,7,PX-007,silence feedback reset,0.6144445124211079,0.5206948628933117,0.5579978683571795,0.6304523732597067,0.46313418347896956,0.5397815461814642,0.6223900477024557
862,124,1,PX-001,amplify identity fracture,0.6664459972794619,0.510972603876674,0.5579978683571795,0.6304523732597067,0.46313418347896956,0.5397815461814642,0.6223900477024557
863,124,2,PX-002,fracture to access recursion,0.6664459972794619,0.544413494972443,0.5579978683571795,0.6364879747106803,0.46313418347896956,0.5397815461814642,0.6223900477024557
864,124,3,PX-003,negation to lock formation,0.6794745669864511,0.544413494972443,0.5579978740099263,0.6364879747106803,0.46313418347896956,0.5397815461814642,0.6223900477024557
865,124,4,PX-004,lagged temporal recursion,0.6794745669864511,0.544413494972443,0.5579978740099263,0.6304523782784331,0.4868269666379149,0.5397815461814642,0.6223900477024557
866,124,5,PX-005,false signal injection,0.6794745669864511,0.544413494972443,0.5579978740099263,0.6304523782784331,0.5215652513726207,0.5397815461814642,0.6223900477024557
867,124,6,PX-006,signal to unstable utterance,0.6794745669864511,0.544413494972443,0.5579978740099263,0.6304523782784331,0.5215652513726207,0.5397815521249956,0.6456006865550057
868,124,7,PX-007,silence feedback reset,0.6144445127930726,0.5206948668962811,0.5579978740099263,0.6304523782784331,0.463134186980262,0.5397815521249956,0.622390052917995
869,125,1,PX-001,amplify identity fracture,0.6664459973409664,0.5109726077234299,0.5579978740099263,0.6304523782784331,0.463134186980262,0.5397815521249956,0.622390052917995
870,125,2,PX-002,fracture to access recursion,0.6664459973409664,0.5444134982678361,0.5579978740099263,0.6364879796839731,0.463134186980262,0.5397815521249956,0.622390052917995
871,125,3,PX-003,negation to lock formation,0.6794745671586722,0.5444134982678361,0.5579978788546691,0.6364879796839731,0.463134186980262,0.5397815521249956,0.622390052917995
872,125,4,PX-004,lagged temporal recursion,0.6794745671586722,0.5444134982678361,0.5579978788546691,0.6304523824136903,0.48682697014009496,0.5397815521249956,0.622390052917995
873,125,5,PX-005,false signal injection,0.6794745671586722,0.5444134982678361,0.5579978788546691,0.6304523824136903,0.521565255051686,0.5397815521249956,0.622390052917995
874,125,6,PX-006,signal to unstable utterance,0.6794745671586722,0.5444134982678361,0.5579978788546691,0.6304523824136903,0.521565255051686,0.539781557463141,0.6456006917523207
875,125,7,PX-007,silence feedback reset,0.6144445124013285,0.520694869851007,0.5579978788546691,0.6304523824136903,0.4631341897616133,0.539781557463141,0.622390058089901
876,126,1,PX-001,amplify identity fracture,0.6664459967119905,0.5109726105421966,0.5579978788546691,0.6304523824136903,0.4631341897616133,0.539781557463141,0.622390058089901
877,126,2,PX-002,fracture to access recursion,0.6664459967119905,0.5444135006004386,0.5579978788546691,0.6364879837775518,0.4631341897616133,0.539781557463141,0.622390058089901
878,126,3,PX-003,negation to lock formation,0.6794745666486117,0.5444135006004386,0.5579978828954719,0.6364879837775518,0.4631341897616133,0.539781557463141,0.622390058089901
879,126,4,PX-004,lagged temporal recursion,0.6794745666486117,0.5444135006004386,0.5579978828954719,0.6304523857156784,0.4868269729227913,0.539781557463141,0.622390058089901
880,126,5,PX-005,false signal injection,0.6794745666486117,0.5444135006004386,0.5579978828954719,0.6304523857156784,0.5215652579671128,0.539781557463141,0.622390058089901
881,126,6,PX-006,signal to unstable utterance,0.6794745666486117,0.5444135006004386,0.5579978828954719,0.6304523857156784,0.5215652579671128,0.5397815621316755,0.6456006968707567
882,126,7,PX-007,silence feedback reset,0.6144445114454642,0.5206948718939116,0.5579978828954719,0.6304523857156784,0.4631341918871055,0.5397815621316755,0.6223900630250327
883,127,1,PX-001,amplify identity fracture,0.6664459955838059,0.5109726124698657,0.5579978828954719,0.6304523857156784,0.4631341918871055,0.5397815621316755,0.6223900630250327
884,127,2,PX-002,fracture to access recursion,0.6664459955838059,0.5444135021105645,0.5579978828954719,0.6364879870423523,0.4631341918871055,0.5397815621316755,0.6223900630250327
885,127,3,PX-003,negation to lock formation,0.6794745656408819,0.5444135021105645,0.5579978861670767,0.6364879870423523,0.4631341918871055,0.5397815621316755,0.6223900630250327
886,127,4,PX-004,lagged temporal recursion,0.6794745656408819,0.5444135021105645,0.5579978861670767,0.6304523882553055,0.48682697504992267,0.5397815621316755,0.6223900630250327
887,127,5,PX-005,false signal injection,0.6794745656408819,0.5444135021105645,0.5579978861670767,0.6304523882553055,0.5215652601882406,0.5397815621316755,0.6223900630250327
888,127,6,PX-006,signal to unstable utterance,0.6794745656408819,0.5444135021105645,0.5579978861670767,0.6304523882553055,0.5215652601882406,0.5397815661082295,0.6456007017277775
889,127,7,PX-007,silence feedback reset,0.6144445100991534,0.5206948731644261,0.5579978861670767,0.6304523882553055,0.46313419343119433,0.5397815661082295,0.6223900675861477
890,128,1,PX-001,amplify identity fracture,0.6664459941212192,0.510972613645409,0.5579978861670767,0.6304523882553055,0.46313419343119433,0.5397815661082295,0.6223900675861477
891,128,2,PX-002,fracture to access recursion,0.6664459941212192,0.5444135029370805,0.5579978861670767,0.6364879895496643,0.46313419343119433,0.5397815661082295,0.6223900675861477
892,128,3,PX-003,negation to lock formation,0.6794745642951746,0.5444135029370805,0.5579978887261378,0.6364879895496643,0.46313419343119433,0.5397815661082295,0.6223900675861477
893,128,4,PX-004,lagged temporal recursion,0.6794745642951746,0.5444135029370805,0.5579978887261378,0.6304523901164016,0.4868269765958095,0.5397815661082295,0.6223900675861477
894,128,5,PX-005,false signal injection,0.6794745642951746,0.5444135029370805,0.5579978887261378,0.6304523901164016,0.5215652617950286,0.5397815661082295,0.6223900675861477
895,128,6,PX-006,signal to unstable utterance,0.6794745642951746,0.5444135029370805,0.5579978887261378,0.6304523901164016,0.5215652617950286,0.5397815694030769,0.6456007061951584
896,128,7,PX-007,silence feedback reset,0.6144445085095644,0.5206948737987748,0.5579978887261378,0.6304523901164016,0.46313419447327636,0.5397815694030769,0.6223900716838262
897,129,1,PX-001,amplify identity fracture,0.6664459924624632,0.5109726142039042,0.5579978887261378,0.6304523901164016,0.46313419447327636,0.5397815694030769,0.6223900716838262
898,129,2,PX-002,fracture to access recursion,0.6664459924624632,0.5444135032122863,0.5579978887261378,0.6364879913834154,0.46313419447327636,0.5397815694030769,0.6223900716838262
899,129,3,PX-003,negation to lock formation,0.6794745627459822,0.5444135032122863,0.5579978906437068,0.6364879913834154,0.46313419447327636,0.5397815694030769,0.6223900716838262
900,129,4,PX-004,lagged temporal recursion,0.6794745627459822,0.5444135032122863,0.5579978906437068,0.6304523913893012,0.48682697763973903,0.5397815694030769,0.6223900716838262
901,129,5,PX-005,false signal injection,0.6794745627459822,0.5444135032122863,0.5579978906437068,0.6304523913893012,0.5215652628723467,0.5397815694030769,0.6223900716838262
902,129,6,PX-006,signal to unstable utterance,0.6794745627459822,0.5444135032122863,0.5579978906437068,0.6304523913893012,0.5215652628723467,0.5397815720508589,0.6456007101909382
903,129,7,PX-007,silence feedback reset,0.614444506797958,0.520694873925384,0.5579978906437068,0.6304523913893012,0.4631341950933705,0.5397815720508589,0.6223900752684609
904,130,1,PX-001,amplify identity fracture,0.6664459907201621,0.5109726142721545,0.5579978906437068,0.6304523913893012,0.4631341950933705,0.5397815720508589,0.6223900752684609
905,130,2,PX-002,fracture to access recursion,0.6664459907201621,0.5444135030582887,0.5579978906437068,0.6364879926338182,0.4631341950933705,0.5397815720508589,0.6223900752684609
906,130,3,PX-003,negation to lock formation,0.6794745611033788,0.5444135030582887,0.5579978919989628,0.6364879926338182,0.4631341950933705,0.5397815720508589,0.6223900752684609
907,130,4,PX-004,lagged temporal recursion,0.6794745611033788,0.5444135030582887,0.5579978919989628,0.6304523921657181,0.48682697826164556,0.5397815720508589,0.6223900752684609
908,130,5,PX-005,false signal injection,0.6794745611033788,0.5444135030582887,0.5579978919989628,0.6304523921657181,0.5215652635054489,0.5397815720508589,0.6223900752684609
909,130,6,PX-006,signal to unstable utterance,0.6794745611033788,0.5444135030582887,0.5579978919989628,0.6304523921657181,0.5215652635054489,0.5397815741033437,0.6456007136714912
910,130,7,PX-007,silence feedback reset,0.6144445050611586,0.5206948736617053,0.5579978919989628,0.6304523921657181,0.4631341953688172,0.5397815741033437,0.6223900783226101
911,131,1,PX-001,amplify identity fracture,0.6664459889830718,0.5109726139656906,0.5579978919989628,0.6304523921657181,0.4631341953688172,0.5397815741033437,0.6223900783226101
912,131,2,PX-002,fracture to access recursion,0.6664459889830718,0.5444135025846507,0.5579978919989628,0.6364879933923033,0.4631341953688172,0.5397815741033437,0.6223900783226101
913,131,3,PX-003,negation to lock formation,0.6794745594545731,0.5444135025846507,0.5579978928741349,0.6364879933923033,0.4631341953688172,0.5397815741033437,0.6223900783226101
914,131,4,PX-004,lagged temporal recursion,0.6794745594545731,0.5444135025846507,0.5579978928741349,0.6304523925348006,0.48682697853880674,0.5397815741033437,0.6223900783226101
915,131,5,PX-005,false signal injection,0.6794745594545731,0.5444135025846507,0.5579978928741349,0.6304523925348006,0.5215652637765233,0.5397815741033437,0.6223900783226101
916,131,6,PX-006,signal to unstable utterance,0.6794745594545731,0.5444135025846507,0.5579978928741349,0.6304523925348006,0.5215652637765233,0.5397815756232585,0.6456007166240004
917,131,7,PX-007,silence feedback reset,0.6144445033736339,0.5206948731122365,0.5579978928741349,0.6304523925348006,0.46313419537187867,0.5397815756232585,0.6223900808539276
918,132,1,PX-001,amplify identity fracture,0.6664459873183399,0.51097261338694,0.5579978928741349,0.6304523925348006,0.46313419537187867,0.5397815756232585,0.6223900808539276
919,132,2,PX-002,fracture to access recursion,0.6664459873183399,0.544413501887102,0.5579978928741349,0.6364879937476244,0.46313419537187867,0.5397815756232585,0.6223900808539276
920,132,3,PX-003,negation to lock formation,0.6794745578659886,0.544413501887102,0.5579978933505282,0.6364879937476244,0.46313419537187867,0.5397815756232585,0.6223900808539276
921,132,4,PX-004,lagged temporal recursion,0.6794745578659886,0.544413501887102,0.5579978933505282,0.63045239258024,0.4868269785434407,0.5397815756232585,0.6223900808539276
922,132,5,PX-005,false signal injection,0.6794745578659886,0.544413501887102,0.5579978933505282,0.63045239258024,0.5215652637621955,0.5397815756232585,0.6223900808539276
923,132,6,PX-006,signal to unstable utterance,0.6794745578659886,0.544413501887102,0.5579978933505282,0.63045239258024,0.5215652637621955,0.5397815766791757,0.6456007190595336
924,132,7,PX-007,silence feedback reset,0.614444501789954,0.520694872367531,0.5579978933505282,0.63045239258024,0.46313419516811766,0.5397815766791757,0.62239008288881
925,133,1,PX-001,amplify identity fracture,0.6664459857740727,0.5109726126243528,0.5579978933505282,0.63045239258024,0.46313419516811766,0.5397815766791757,0.62239008288881
926,133,2,PX-002,fracture to access recursion,0.6664459857740727,0.5444135010471055,0.5579978933505282,0.6364879937830091,0.46313419516811766,0.5397815766791757,0.62239008288881
927,133,3,PX-003,negation to lock formation,0.6794745563856597,0.5444135010471055,0.5579978935055451,0.6364879937830091,0.46313419516811766,0.5397815766791757,0.62239008288881
928,133,4,PX-004,lagged temporal recursion,0.6794745563856597,0.5444135010471055,0.5579978935055451,0.6304523923782908,0.48682697834108263,0.5397815766791757,0.62239008288881
929,133,5,PX-005,false signal injection,0.6794745563856597,0.5444135010471055,0.5579978935055451,0.6304523923782908,0.521565263531852,0.5397815766791757,0.62239008288881
930,133,6,PX-006,signal to unstable utterance,0.6794745563856597,0.5444135010471055,0.5579978935055451,0.6304523923782908,0.521565263531852,0.539781577341404,0.6456007210068471
931,133,7,PX-007,silence feedback reset,0.6144445003474411,0.5206948715039939,0.5579978935055451,0.6304523923782908,0.46313419481543155,0.539781577341404,0.6223900844668376
932,134,1,PX-001,amplify identity fracture,0.6664459843820323,0.5109726117522893,0.5579978935055451,0.6304523923782908,0.46313419481543155,0.539781577341404,0.6223900844668376
933,134,2,PX-002,fracture to access recursion,0.6664459843820323,0.5444135001320892,0.5579978935055451,0.636487993574214,0.46313419481543155,0.539781577341404,0.6223900844668376
934,134,3,PX-003,negation to lock formation,0.6794745550457748,0.5444135001320892,0.5579978934105785,0.636487993574214,0.46313419481543155,0.539781577341404,0.6223900844668376
935,134,4,PX-004,lagged temporal recursion,0.6794745550457748,0.5444135001320892,0.5579978934105785,0.6304523919965613,0.48682697798961555,0.539781577341404,0.6223900844668376
936,134,5,PX-005,false signal injection,0.6794745550457748,0.5444135001320892,0.5579978934105785,0.6304523919965613,0.5215652631466539,0.539781577341404,0.6223900844668376
937,134,6,PX-006,signal to unstable utterance,0.6794745550457748,0.5444135001320892,0.5579978934105785,0.6304523919965613,0.5215652631466539,0.5397815776788004,0.6456007225069883
938,134,7,PX-007,silence feedback reset,0.614444499068858,0.5206948705842854,0.5579978934105785,0.6304523919965613,0.46313419436362085,0.5397815776788004,0.6223900856360366
939,135,1,PX-001,amplify identity fracture,0.6664459831603271,0.5109726108314895,0.5579978934105785,0.6304523919965613,0.46313419436362085,0.5397815776788004,0.6223900856360366
940,135,2,PX-002,fracture to access recursion,0.6664459831603271,0.5444134991961757,0.5579978934105785,0.6364879931883431,0.46313419436362085,0.5397815776788004,0.6223900856360366
941,135,3,PX-003,negation to lock formation,0.6794745538652299,0.5444134991961757,0.5579978931296495,0.6364879931883431,0.46313419436362085,0.5397815776788004,0.6223900856360366
942,135,4,PX-004,lagged temporal recursion,0.6794745538652299,0.5444134991961757,0.5579978931296495,0.630452391493436,0.48682697753883625,0.5397815776788004,0.6223900856360366
943,135,5,PX-005,false signal injection,0.6794745538652299,0.5444134991961757,0.5579978931296495,0.630452391493436,0.5215652626591115,0.5397815776788004,0.6223900856360366
944,135,6,PX-006,signal to unstable utterance,0.6794745538652299,0.5444134991961757,0.5579978931296495,0.630452391493436,0.5215652626591115,0.5397815777564092,0.6456007236087157
945,135,7,PX-007,silence feedback reset,0.6144444979650233,0.5206948696581678,0.5579978931296495,0.630452391493436,0.46313419385438015,0.5397815777564092,0.622390086448951
946,136,1,PX-001,amplify identity fracture,0.6664459821159915,0.5109726099099656,0.5579978931296495,0.630452391493436,0.46313419385438015,0.5397815777564092,0.622390086448951
947,136,2,PX-002,fracture to access recursion,0.6664459821159915,0.5444134982812591,0.5579978931296495,0.6364879926832919,0.46313419385438015,0.5397815777564092,0.622390086448951
948,136,3,PX-003,negation to lock formation,0.6794745528520899,0.5444134982812591,0.5579978927186641,0.6364879926832919,0.46313419385438015,0.5397815777564092,0.622390086448951
949,136,4,PX-004,lagged temporal recursion,0.6794745528520899,0.5444134982812591,0.5579978927186641,0.6304523909180009,0.486826977030444,0.5397815777564092,0.622390086448951
950,136,5,PX-005,false signal injection,0.6794745528520899,0.5444134982812591,0.5579978927186641,0.6304523909180009,0.5215652621131032,0.5397815777564092,0.622390086448951
951,136,6,PX-006,signal to unstable utterance,0.6794745528520899,0.5444134982812591,0.5579978927186641,0.6304523909180009,0.5215652621131032,0.53978157763382,0.6456007243647188
952,136,7,PX-007,silence feedback reset,0.6144444970372654,0.5206948687636558,0.5579978927186641,0.6304523909180009,0.46313419332161143,0.53978157763382,0.6223900869594844
953,137,1,PX-001,amplify identity fracture,0.6664459812473785,0.5109726090241807,0.5579978927186641,0.6304523909180009,0.46313419332161143,0.53978157763382,0.6223900869594844
954,137,2,PX-002,fracture to access recursion,0.6664459812473785,0.5444134974183042,0.5579978927186641,0.636487992107688,0.46313419332161143,0.53978157763382,0.6223900869594844
955,137,3,PX-003,negation to lock formation,0.6794745520058824,0.5444134974183042,0.5579978922251682,0.636487992107688,0.46313419332161143,0.53978157763382,0.6223900869594844
956,137,4,PX-004,lagged temporal recursion,0.6794745520058824,0.5444134974183042,0.5579978922251682,0.6304523903103527,0.48682697649835144,0.53978157763382,0.6223900869594844
957,137,5,PX-005,false signal injection,0.6794745520058824,0.5444134974183042,0.5579978922251682,0.6304523903103527,0.5215652615442286,0.53978157763382,0.6223900869594844
958,137,6,PX-006,signal to unstable utterance,0.6794745520058824,0.5444134974183042,0.5579978922251682,0.6304523903103527,0.5215652615442286,0.5397815773641361,0.6456007248285959
959,137,7,PX-007,silence feedback reset,0.6144444962796589,0.5206948679283525,0.5579978922251682,0.6304523903103527,0.46313419279196816,0.5397815773641361,0.6223900872204494
960,138,1,PX-001,amplify identity fracture,0.6664459805463193,0.5109726082003975,0.5579978922251682,0.6304523903103527,0.46313419279196816,0.5397815773641361,0.6223900872204494
961,138,2,PX-002,fracture to access recursion,0.6664459805463193,0.5444134966287633,0.5579978922251682,0.6364879915012109,0.46313419279196816,0.5397815773641361,0.6223900872204494
962,138,3,PX-003,negation to lock formation,0.6794745513196756,0.5444134966287633,0.5579978916884919,0.6364879915012109,0.46313419279196816,0.5397815773641361,0.6223900872204494
963,138,4,PX-004,lagged temporal recursion,0.6794745513196756,0.5444134966287633,0.5579978916884919,0.6304523897021876,0.48682697596922697,0.5397815773641361,0.6223900872204494
964,138,5,PX-005,false signal injection,0.6794745513196756,0.5444134966287633,0.5579978916884919,0.6304523897021876,0.5215652609804032,0.5397815773641361,0.6223900872204494
965,138,6,PX-006,signal to unstable utterance,0.6794745513196756,0.5444134966287633,0.5579978916884919,0.6304523897021876,0.5215652609804032,0.5397815769934482,0.6456007250525239
966,138,7,PX-007,silence feedback reset,0.6144444956810066,0.5206948671708735,0.5579978916884919,0.6304523897021876,0.4631341922855532,0.5397815769934482,0.6223900872817509
967,139,1,PX-001,amplify identity fracture,0.6664459800000162,0.5109726074561044,0.5579978916884919,0.6304523897021876,0.4631341922855532,0.5397815769934482,0.6223900872817509
968,139,2,PX-002,fracture to access recursion,0.6664459800000162,0.544413495926024,0.5579978916884919,0.6364879908951878,0.4631341922855532,0.5397815769934482,0.6223900872817509
969,139,3,PX-003,negation to lock formation,0.6794745507819087,0.544413495926024,0.5579978911401813,0.6364879908951878,0.4631341922855532,0.5397815769934482,0.6223900872817509
970,139,4,PX-004,lagged temporal recursion,0.6794745507819087,0.544413495926024,0.5579978911401813,0.6304523891175793,0.48682697546319104,0.5397815769934482,0.6223900872817509
971,139,5,PX-005,false signal injection,0.6794745507819087,0.544413495926024,0.5579978911401813,0.6304523891175793,0.5215652604426122,0.5397815769934482,0.6223900872817509
972,139,6,PX-006,signal to unstable utterance,0.6794745507819087,0.544413495926024,0.5579978911401813,0.6304523891175793,0.5215652604426122,0.5397815765607097,0.6456007250855463
973,139,7,PX-007,silence feedback reset,0.614444495226552,0.5206948665022807,0.5579978911401813,0.6304523891175793,0.4631341918167071,0.5397815765607097,0.6223900871891221
974,140,1,PX-001,amplify identity fracture,0.6664459795926637,0.5109726068014422,0.5579978911401813,0.6304523891175793,0.4631341918167071,0.5397815765607097,0.6223900871891221
975,140,2,PX-002,fracture to access recursion,0.6664459795926637,0.5444134953168277,0.5579978911401813,0.6364879903133738,0.4631341918167071,0.5397815765607097,0.6223900871891221
976,140,3,PX-003,negation to lock formation,0.6794745503779629,0.5444134953168277,0.5579978906046337,0.6364879903133738,0.4631341918167071,0.5397815765607097,0.6223900871891221
977,140,4,PX-004,lagged temporal recursion,0.6794745503779629,0.5444134953168277,0.5579978906046337,0.6304523885738681,0.4868269749946029,0.5397815765607097,0.6223900871891221
978,140,5,PX-005,false signal injection,0.6794745503779629,0.5444134953168277,0.5579978906046337,0.6304523885738681,0.521565259945755,0.5397815765607097,0.6223900871891221
979,140,6,PX-006,signal to unstable utterance,0.6794745503779629,0.5444134953168277,0.5579978906046337,0.6304523885738681,0.521565259945755,0.5397815760979242,0.6456007249723983
980,140,7,PX-007,silence feedback reset,0.6144444948994189,0.5206948659274679,0.5579978906046337,0.6304523885738681,0.46313419139483314,0.5397815760979242,0.6223900869833296
