{
  "canonical_params": {
    "alpha": 1.0,
    "beta": 1.0,
    "gamma": 0.5
  },
  "best_fit": {
    "s": 1.0092523497419017,
    "a1": 0.3309335119946766,
    "a2": 1.9640246646630286
  },
  "median_relative_error": 0.014640416401621044,
  "per_mode_errors": [
    0.0092523497419017,
    0.014211962905127001,
    0.014211962950074764,
    0.015068869853167324,
    0.05367623428137868,
    0.7467656850997256
  ],
  "assignment": {
    "row_ind": [
      0,
      1,
      2,
      3,
      4,
      5
    ],
    "col_ind": [
      0,
      1,
      2,
      4,
      5,
      3
    ]
  },
  "bounds_used": "[0, 2]",
  "verdict": "WEAKLY COMPATIBLE",
  "narrow_bounds_error": 0.014640416401621044,
  "wide_bounds_error": 0.014640416401621044
}