{
  "err_best": 0.014640416401621044,
  "p_param": 0.0,
  "null_mean": 0.46591480785214373,
  "null_median": 0.46289721750803003,
  "null_std": 0.4480898808609084,
  "n_draws": 10000
}