{
  "err_best": 0.014640416401621044,
  "p_perm": 0.003,
  "null_mean": 0.6887340362528319,
  "null_median": 0.7221913804485834,
  "null_std": 0.25248518049784857,
  "n_permutations": 10000
}