index,cycle,phase_index,step_id,operator_name,identity_split,access_recursion,contradiction_lock,temporal_feedback,false_signal,utterance_instability,silence_gain
0,0,0,initial,initial,0.12,0.08,0.05,0.1,0.06,0.04,0.05
1,1,1,PX-001,amplify identity fracture,0.19735199999999997,0.07988,0.05,0.1,0.06,0.04,0.05
2,1,2,PX-002,fracture to access recursion,0.19735199999999997,0.0907056128,0.05,0.10244905154560001,0.06,0.04,0.05
3,1,3,PX-003,negation to lock formation,0.19967656109359735,0.0907056128,0.057922304512000006,0.10244905154560001,0.06,0.04,0.05
4,1,4,PX-004,lagged temporal recursion,0.19967656109359735,0.0907056128,0.057922304512000006,0.10771912779703975,0.0640502392051687,0.04,0.05
5,1,5,PX-005,false signal injection,0.19967656109359735,0.0907056128,0.057922304512000006,0.10771912779703975,0.06695410454659827,0.04,0.05
6,1,6,PX-006,signal to unstable utterance,0.19967656109359735,0.0907056128,0.057922304512000006,0.10771912779703975,0.06695410454659827,0.04314134863410188,0.05
7,1,7,PX-007,silence feedback reset,0.19895945888668234,0.09029681235646846,0.057922304512000006,0.10771912779703975,0.06601531136951595,0.04314134863410188,0.050076583026519336
8,2,1,PX-001,amplify identity fracture,0.26955814163170877,0.09016115968183849,0.057922304512000006,0.10771912779703975,0.06601531136951595,0.04314134863410188,0.050076583026519336
9,2,2,PX-002,fracture to access recursion,0.26955814163170877,0.10625100665097804,0.057922304512000006,0.11056330002364907,0.06601531136951595,0.04314134863410188,0.050076583026519336
10,2,3,PX-003,negation to lock formation,0.27206518632341425,0.10625100665097804,0.06864460635664811,0.11056330002364907,0.06601531136951595,0.04314134863410188,0.050076583026519336
11,2,4,PX-004,lagged temporal recursion,0.27206518632341425,0.10625100665097804,0.06864460635664811,0.1225216192869255,0.07059264402712402,0.04314134863410188,0.050076583026519336
12,2,5,PX-005,false signal injection,0.27206518632341425,0.10625100665097804,0.06864460635664811,0.1225216192869255,0.07428275170160728,0.04314134863410188,0.050076583026519336
13,2,6,PX-006,signal to unstable utterance,0.27206518632341425,0.10625100665097804,0.06864460635664811,0.1225216192869255,0.07428275170160728,0.047106474889405496,0.050076583026519336
14,2,7,PX-007,silence feedback reset,0.2704165529710935,0.10576140552256211,0.06864460635664811,0.1225216192869255,0.07321784180816387,0.047106474889405496,0.05119963292041641
15,3,1,PX-001,amplify identity fracture,0.3348539077995695,0.10559895716836502,0.06864460635664811,0.1225216192869255,0.07321784180816387,0.047106474889405496,0.05119963292041641
16,3,2,PX-002,fracture to access recursion,0.3348539077995695,0.12597518635008473,0.06864460635664811,0.1258378343627805,0.07321784180816387,0.047106474889405496,0.05119963292041641
17,3,3,PX-003,negation to lock formation,0.3375733286980029,0.12597518635008473,0.08176913103216306,0.1258378343627805,0.07321784180816387,0.047106474889405496,0.05119963292041641
18,3,4,PX-004,lagged temporal recursion,0.3375733286980029,0.12597518635008473,0.08176913103216306,0.142604513463241,0.07850437455837825,0.047106474889405496,0.05119963292041641
19,3,5,PX-005,false signal injection,0.3375733286980029,0.12597518635008473,0.08176913103216306,0.142604513463241,0.08326501715462456,0.047106474889405496,0.05119963292041641
20,3,6,PX-006,signal to unstable utterance,0.3375733286980029,0.12597518635008473,0.08176913103216306,0.142604513463241,0.08326501715462456,0.05206395877796386,0.05119963292041641
21,3,7,PX-007,silence feedback reset,0.33498676240290337,0.1253690368189734,0.08176913103216306,0.142604513463241,0.08201857289496095,0.05206395877796386,0.05346286824620559
22,4,1,PX-001,amplify identity fracture,0.39381987489547365,0.12516795917004522,0.08176913103216306,0.142604513463241,0.08201857289496095,0.05206395877796386,0.05346286824620559
23,4,2,PX-002,fracture to access recursion,0.39381987489547365,0.1489653529129736,0.08176913103216306,0.14643618010037915,0.08201857289496095,0.05206395877796386,0.05346286824620559
24,4,3,PX-003,negation to lock formation,0.39675830235909165,0.1489653529129736,0.09694898733643982,0.14643618010037915,0.08201857289496095,0.05206395877796386,0.05346286824620559
25,4,4,PX-004,lagged temporal recursion,0.39675830235909165,0.1489653529129736,0.09694898733643982,0.16651967304985646,0.08813305157925583,0.05206395877796386,0.05346286824620559
26,4,5,PX-005,false signal injection,0.39675830235909165,0.1489653529129736,0.09694898733643982,0.16651967304985646,0.09411099639317759,0.05206395877796386,0.05346286824620559
27,4,6,PX-006,signal to unstable utterance,0.39675830235909165,0.1489653529129736,0.09694898733643982,0.16651967304985646,0.09411099639317759,0.05814920341012214,0.05346286824620559
28,4,7,PX-007,silence feedback reset,0.3931716712201166,0.14820208190704712,0.09694898733643982,0.16651967304985646,0.09261079560638684,0.05814920341012214,0.05693128495250444
29,5,1,PX-001,amplify identity fracture,0.4469248984980263,0.147948961858379,0.09694898733643982,0.16651967304985646,0.09261079560638684,0.05814920341012214,0.05693128495250444
30,5,2,PX-002,fracture to access recursion,0.4469248984980263,0.17440445868007817,0.09694898733643982,0.17088055360712348,0.09261079560638684,0.05814920341012214,0.05693128495250444
31,5,3,PX-003,negation to lock formation,0.4500739066674726,0.17440445868007817,0.11387271496744669,0.17088055360712348,0.09261079560638684,0.05814920341012214,0.05693128495250444
32,5,4,PX-004,lagged temporal recursion,0.4500739066674726,0.17440445868007817,0.11387271496744669,0.1930991050491907,0.099619437338375,0.05814920341012214,0.05693128495250444
33,5,5,PX-005,false signal injection,0.4500739066674726,0.17440445868007817,0.11387271496744669,0.1930991050491907,0.10686176278336665,0.05814920341012214,0.05693128495250444
34,5,6,PX-006,signal to unstable utterance,0.4500739066674726,0.17440445868007817,0.11387271496744669,0.1930991050491907,0.10686176278336665,0.06545972837526198,0.05693128495250444
35,5,7,PX-007,silence feedback reset,0.44537850576794097,0.17343685220482674,0.11387271496744669,0.1930991050491907,0.10501726117458486,0.06545972837526198,0.061645115840018826
36,6,1,PX-001,amplify identity fracture,0.4945471598980016,0.1731161061594739,0.11387271496744669,0.1930991050491907,0.10501726117458486,0.06545972837526198,0.061645115840018826
37,6,2,PX-002,fracture to access recursion,0.4945471598980016,0.20155917796517717,0.11387271496744669,0.19797825348176024,0.10501726117458486,0.06545972837526198,0.061645115840018826
38,6,3,PX-003,negation to lock formation,0.49788954093119286,0.20155917796517717,0.13225293313286363,0.19797825348176024,0.10501726117458486,0.06545972837526198,0.061645115840018826
39,6,4,PX-004,lagged temporal recursion,0.49788954093119286,0.20155917796517717,0.13225293313286363,0.22139685019181382,0.11294311554866444,0.06545972837526198,0.061645115840018826
40,6,5,PX-005,false signal injection,0.49788954093119286,0.20155917796517717,0.13225293313286363,0.22139685019181382,0.12142703475227269,0.06545972837526198,0.061645115840018826
41,6,6,PX-006,signal to unstable utterance,0.49788954093119286,0.20155917796517717,0.13225293313286363,0.22139685019181382,0.12142703475227269,0.07405296415468485,0.061645115840018826
42,6,7,PX-007,silence feedback reset,0.49194022271056836,0.2003324884173106,0.13225293313286363,0.22139685019181382,0.11912790756008465,0.07405296415468485,0.06762224376375961
43,7,1,PX-001,amplify identity fracture,0.536994513804396,0.19992608044634394,0.13225293313286363,0.22139685019181382,0.11912790756008465,0.07405296415468485,0.06762224376375961
44,7,2,PX-002,fracture to access recursion,0.536994513804396,0.22977021095192743,0.13225293313286363,0.2267638444911917,0.11912790756008465,0.07405296415468485,0.06762224376375961
45,7,3,PX-003,negation to lock formation,0.5405091487809445,0.22977021095192743,0.15181828644957632,0.2267638444911917,0.11912790756008465,0.07405296415468485,0.06762224376375961
46,7,4,PX-004,lagged temporal recursion,0.5405091487809445,0.22977021095192743,0.15181828644957632,0.2506438191160054,0.12795931337615854,0.07405296415468485,0.06762224376375961
47,7,5,PX-005,false signal injection,0.5405091487809445,0.22977021095192743,0.15181828644957632,0.2506438191160054,0.1376156405104231,0.07405296415468485,0.06762224376375961
48,7,6,PX-006,signal to unstable utterance,0.5405091487809445,0.22977021095192743,0.15181828644957632,0.2506438191160054,0.1376156405104231,0.08394592406022892,0.06762224376375961
49,7,7,PX-007,silence feedback reset,0.5331350407219579,0.22822216408466472,0.15181828644957632,0.2506438191160054,0.13473111954668593,0.08394592406022892,0.0748596638184842
50,8,1,PX-001,amplify identity fracture,0.574523494751591,0.22770962505028558,0.15181828644957632,0.2506438191160054,0.13473111954668593,0.08394592406022892,0.0748596638184842
51,8,2,PX-002,fracture to access recursion,0.574523494751591,0.2584449323130866,0.15181828644957632,0.25645383833941415,0.13473111954668593,0.08394592406022892,0.0748596638184842
52,8,3,PX-003,negation to lock formation,0.5781891466078966,0.2584449323130866,0.17230807394008169,0.25645383833941415,0.13473111954668593,0.08394592406022892,0.0748596638184842
53,8,4,PX-004,lagged temporal recursion,0.5781891466078966,0.2584449323130866,0.17230807394008169,0.28021279272632915,0.14442949592472623,0.08394592406022892,0.0748596638184842
54,8,5,PX-005,false signal injection,0.5781891466078966,0.2584449323130866,0.17230807394008169,0.28021279272632915,0.1551609973355879,0.08394592406022892,0.0748596638184842
55,8,6,PX-006,signal to unstable utterance,0.5781891466078966,0.2584449323130866,0.17230807394008169,0.28021279272632915,0.1551609973355879,0.09511632968109375,0.0748596638184842
56,8,7,PX-007,silence feedback reset,0.5692046351822194,0.2565065698287534,0.17230807394008169,0.28021279272632915,0.15154052645052832,0.09511632968109375,0.0833344292893471
57,9,1,PX-001,amplify identity fracture,0.6073565285428143,0.255865294970584,0.17230807394008169,0.28021279272632915,0.15154052645052832,0.09511632968109375,0.0833344292893471
58,9,2,PX-002,fracture to access recursion,0.6073565285428143,0.2870522134758178,0.17230807394008169,0.2864112880587137,0.15154052645052832,0.09511632968109375,0.0833344292893471
59,9,3,PX-003,negation to lock formation,0.6111547470200192,0.2870522134758178,0.1934690758060383,0.2864112880587137,0.15154052645052832,0.09511632968109375,0.0833344292893471
60,9,4,PX-004,lagged temporal recursion,0.6111547470200192,0.2870522134758178,0.1934690758060383,0.3095914127295767,0.16204755713292726,0.09511632968109375,0.0833344292893471
61,9,5,PX-005,false signal injection,0.6111547470200192,0.2870522134758178,0.1934690758060383,0.3095914127295767,0.1737431249220578,0.09511632968109375,0.0833344292893471
62,9,6,PX-006,signal to unstable utterance,0.6111547470200192,0.2870522134758178,0.1934690758060383,0.3095914127295767,0.1737431249220578,0.10750489757670735,0.0833344292893471
63,9,7,PX-007,silence feedback reset,0.600370401406726,0.2846494728395083,0.1934690758060383,0.3095914127295767,0.16921864001649042,0.10750489757670735,0.09300439755523882
64,10,1,PX-001,amplify identity fracture,0.6356969984618754,0.28385526325743266,0.1934690758060383,0.3095914127295767,0.16921864001649042,0.10750489757670735,0.09300439755523882
65,10,2,PX-002,fracture to access recursion,0.6356969984618754,0.31511912380136053,0.1934690758060383,0.31611824120214443,0.16921864001649042,0.10750489757670735,0.09300439755523882
66,10,3,PX-003,negation to lock formation,0.6396142425742481,0.31511912380136053,0.21505417720050277,0.31611824120214443,0.16921864001649042,0.10750489757670735,0.09300439755523882
67,10,4,PX-004,lagged temporal recursion,0.6396142425742481,0.31511912380136053,0.21505417720050277,0.33836143493919063,0.18046281493988053,0.10750489757670735,0.09300439755523882
68,10,5,PX-005,false signal injection,0.6396142425742481,0.31511912380136053,0.21505417720050277,0.33836143493919063,0.19300817894766564,0.10750489757670735,0.09300439755523882
69,10,6,PX-006,signal to unstable utterance,0.6396142425742481,0.31511912380136053,0.21505417720050277,0.33836143493919063,0.19300817894766564,0.12101857684634011,0.09300439755523882
70,10,7,PX-007,silence feedback reset,0.6268473216725277,0.31217502562661814,0.21505417720050277,0.33836143493919063,0.18739810271368237,0.12101857684634011,0.10380900259865711
71,11,1,PX-001,amplify identity fracture,0.6597418922177667,0.31120282828522283,0.21505417720050277,0.33836143493919063,0.18739810271368237,0.12101857684634011,0.10380900259865711
72,11,2,PX-002,fracture to access recursion,0.6597418922177667,0.34222913259256793,0.21505417720050277,0.3451543947055072,0.18739810271368237,0.12101857684634011,0.10380900259865711
73,11,3,PX-003,negation to lock formation,0.6637709300011545,0.34222913259256793,0.23682244103740313,0.3451543947055072,0.18739810271368237,0.12101857684634011,0.10380900259865711
74,11,4,PX-004,lagged temporal recursion,0.6637709300011545,0.34222913259256793,0.23682244103740313,0.36618285286826147,0.199300537953461,0.12101857684634011,0.10380900259865711
75,11,5,PX-005,false signal injection,0.6637709300011545,0.34222913259256793,0.23682244103740313,0.36618285286826147,0.21258607441684882,0.12101857684634011,0.10380900259865711
76,11,6,PX-006,signal to unstable utterance,0.6637709300011545,0.34222913259256793,0.23682244103740313,0.36618285286826147,0.21258607441684882,0.13553457216965015,0.10380900259865711
77,11,7,PX-007,silence feedback reset,0.6488550920519036,0.3386664181492071,0.23682244103740313,0.36618285286826147,0.20570090910304237,0.13553457216965015,0.11567021117535832
78,12,1,PX-001,amplify identity fracture,0.6796918363299097,0.33749120966604745,0.23682244103740313,0.36618285286826147,0.20570090910304237,0.13553457216965015,0.11567021117535832
79,12,2,PX-002,fracture to access recursion,0.6796918363299097,0.36802138302139953,0.23682244103740313,0.37318060076036447,0.20570090910304237,0.13553457216965015,0.11567021117535832
80,12,3,PX-003,negation to lock formation,0.683832464978517,0.36802138302139953,0.25854031325108884,0.37318060076036447,0.20570090910304237,0.13553457216965015,0.11567021117535832
81,12,4,PX-004,lagged temporal recursion,0.683832464978517,0.36802138302139953,0.25854031325108884,0.3927817584312522,0.21818035684875645,0.13553457216965015,0.11567021117535832
82,12,5,PX-005,false signal injection,0.683832464978517,0.36802138302139953,0.25854031325108884,0.3927817584312522,0.23210644426786373,0.13553457216965015,0.11567021117535832
83,12,6,PX-006,signal to unstable utterance,0.683832464978517,0.36802138302139953,0.25854031325108884,0.3927817584312522,0.23210644426786373,0.15090500509222582,0.11567021117535832
84,12,7,PX-007,silence feedback reset,0.6666262995399427,0.363765422285451,0.25854031325108884,0.3927817584312522,0.22375565969987934,0.15090500509222582,0.12849376368682539
85,13,1,PX-001,amplify identity fracture,0.6957584229385005,0.36236317463919343,0.25854031325108884,0.3927817584312522,0.22375565969987934,0.15090500509222582,0.12849376368682539
86,13,2,PX-002,fracture to access recursion,0.6957584229385005,0.39219058850766675,0.25854031325108884,0.3999261168166553,0.22375565969987934,0.15090500509222582,0.12849376368682539
87,13,3,PX-003,negation to lock formation,0.7000175564901268,0.39219058850766675,0.2799836625068,0.3999261168166553,0.22375565969987934,0.15090500509222582,0.12849376368682539
88,13,4,PX-004,lagged temporal recursion,0.7000175564901268,0.39219058850766675,0.2799836625068,0.4179410153530169,0.23673263360976196,0.15090500509222582,0.12849376368682539
89,13,5,PX-005,false signal injection,0.7000175564901268,0.39219058850766675,0.2799836625068,0.4179410153530169,0.2512129370128292,0.15090500509222582,0.12849376368682539
90,13,6,PX-006,signal to unstable utterance,0.7000175564901268,0.39219058850766675,0.2799836625068,0.4179410153530169,0.2512129370128292,0.16696206634568825,0.12873646305634112
91,13,7,PX-007,silence feedback reset,0.6803829432531111,0.38716503264282276,0.2799836625068,0.4179410153530169,0.2411980867487336,0.16696206634568825,0.14237850485360715
92,14,1,PX-001,amplify identity fracture,0.7081365253836356,0.3855113132884443,0.2799836625068,0.4179410153530169,0.2411980867487336,0.16696206634568825,0.14237850485360715
93,14,2,PX-002,fracture to access recursion,0.7081365253836356,0.4144757696028385,0.2799836625068,0.4251784957214911,0.2411980867487336,0.16696206634568825,0.14237850485360715
94,14,3,PX-003,negation to lock formation,0.7125281664584,0.4144757696028385,0.30093803827539234,0.4251784957214911,0.2411980867487336,0.16696206634568825,0.14237850485360715
95,14,4,PX-004,lagged temporal recursion,0.7125281664584,0.4144757696028385,0.30093803827539234,0.4414894170505721,0.25459820732226,0.16696206634568825,0.14237850485360715
96,14,5,PX-005,false signal injection,0.7125281664584,0.4144757696028385,0.30093803827539234,0.4414894170505721,0.2695621894308675,0.16696206634568825,0.14237850485360715
97,14,6,PX-006,signal to unstable utterance,0.7125281664584,0.4144757696028385,0.30093803827539234,0.4414894170505721,0.2695621894308675,0.1835223929967301,0.14318543724765823
98,14,7,PX-007,silence feedback reset,0.6903288873415686,0.40860251959262583,0.30093803827539234,0.4414894170505721,0.25767843035701754,0.1835223929967301,0.15744788533558826
99,15,1,PX-001,amplify identity fracture,0.7170029745649139,0.40667251151304623,0.30093803827539234,0.4414894170505721,0.25767843035701754,0.1835223929967301,0.15744788533558826
100,15,2,PX-002,fracture to access recursion,0.7170029745649139,0.4346549115467885,0.30093803827539234,0.44877219809146696,0.25767843035701754,0.1835223929967301,0.15744788533558826
101,15,3,PX-003,negation to lock formation,0.7215478916012875,0.4346549115467885,0.32119892634109404,0.44877219809146696,0.25767843035701754,0.1835223929967301,0.15744788533558826
102,15,4,PX-004,lagged temporal recursion,0.7215478916012875,0.4346549115467885,0.32119892634109404,0.4632924402674117,0.27143490921553887,0.1835223929967301,0.15744788533558826
103,15,5,PX-005,false signal injection,0.7215478916012875,0.4346549115467885,0.32119892634109404,0.4632924402674117,0.28682909940085705,0.1835223929967301,0.15744788533558826
104,15,6,PX-006,signal to unstable utterance,0.7215478916012875,0.4346549115467885,0.32119892634109404,0.4632924402674117,0.28682909940085705,0.20039121977912444,0.15880915364113932
105,15,7,PX-007,silence feedback reset,0.6966995155409261,0.42786796576724306,0.32119892634109404,0.4632924402674117,0.2728953331903626,0.20039121977912444,0.17349512603747097
106,16,1,PX-001,amplify identity fracture,0.7225714265927123,0.42564097556779756,0.32119892634109404,0.4632924402674117,0.2728953331903626,0.20039121977912444,0.17349512603747097
107,16,2,PX-002,fracture to access recursion,0.7225714265927123,0.45256085575025723,0.32119892634109404,0.47057922524301804,0.2728953331903626,0.20039121977912444,0.17349512603747097
108,16,3,PX-003,negation to lock formation,0.7272957045002254,0.45256085575025723,0.340576159801496,0.47057922524301804,0.2728953331903626,0.20039121977912444,0.17349512603747097
109,16,4,PX-004,lagged temporal recursion,0.7272957045002254,0.45256085575025723,0.340576159801496,0.48325056662458654,0.2869502828796081,0.20039121977912444,0.17349512603747097
110,16,5,PX-005,false signal injection,0.7272957045002254,0.45256085575025723,0.340576159801496,0.48325056662458654,0.3027366297759837,0.20039121977912444,0.17349512603747097
111,16,6,PX-006,signal to unstable utterance,0.7272957045002254,0.45256085575025723,0.340576159801496,0.48325056662458654,0.3027366297759837,0.2173683442804706,0.17539173468382974
112,16,7,PX-007,silence feedback reset,0.6997692643683153,0.44480954745269224,0.340576159801496,0.48325056662458654,0.2866049899275732,0.2173683442804706,0.19030732918325985
113,17,1,PX-001,amplify identity fracture,0.7250896858043224,0.4422700319435642,0.340576159801496,0.48325056662458654,0.2866049899275732,0.2173683442804706,0.19030732918325985
114,17,2,PX-002,fracture to access recursion,0.7250896858043224,0.46808259600241603,0.340576159801496,0.4905070091123008,0.2866049899275732,0.2173683442804706,0.19030732918325985
115,17,3,PX-003,negation to lock formation,0.7300229254340844,0.46808259600241603,0.358898111494689,0.4905070091123008,0.2866049899275732,0.2173683442804706,0.19030732918325985
116,17,4,PX-004,lagged temporal recursion,0.7300229254340844,0.46808259600241603,0.358898111494689,0.5012977109827179,0.30090992135060524,0.2173683442804706,0.19030732918325985
117,17,5,PX-005,false signal injection,0.7300229254340844,0.46808259600241603,0.358898111494689,0.5012977109827179,0.31706337201296547,0.2173683442804706,0.19030732918325985
118,17,6,PX-006,signal to unstable utterance,0.7300229254340844,0.46808259600241603,0.358898111494689,0.5012977109827179,0.31706337201296547,0.23425407992674052,0.19271224855505673
119,17,7,PX-007,silence feedback reset,0.6998454190450394,0.45933404904442765,0.358898111494689,0.5012977109827179,0.2986270183942552,0.23425407992674052,0.2076686425454715
120,18,1,PX-001,amplify identity fracture,0.7248347595394392,0.45647237069122854,0.358898111494689,0.5012977109827179,0.2986270183942552,0.23425407992674052,0.2076686425454715
121,18,2,PX-002,fracture to access recursion,0.7248347595394392,0.481165012521508,0.358898111494689,0.5084964537769031,0.2986270183942552,0.23425407992674052,0.2076686425454715
122,18,3,PX-003,negation to lock formation,0.7300080780712495,0.481165012521508,0.3760154097335344,0.5084964537769031,0.2986270183942552,0.23425407992674052,0.2076686425454715
123,18,4,PX-004,lagged temporal recursion,0.7300080780712495,0.481165012521508,0.3760154097335344,0.5173995118020009,0.31314261992521225,0.23425407992674052,0.2076686425454715
124,18,5,PX-005,false signal injection,0.7300080780712495,0.481165012521508,0.3760154097335344,0.5173995118020009,0.3296481959821972,0.23425407992674052,0.2076686425454715
125,18,6,PX-006,signal to unstable utterance,0.7300080780712495,0.481165012521508,0.3760154097335344,0.5173995118020009,0.3296481959821972,0.25085496113709804,0.2105481319330409
126,18,7,PX-007,silence feedback reset,0.6972600048000346,0.47140566378408133,0.3760154097335344,0.5173995118020009,0.308846774108453,0.25085496113709804,0.22536386763736854
127,19,1,PX-001,amplify identity fracture,0.7221062161458658,0.4682185296755851,0.3760154097335344,0.5173995118020009,0.308846774108453,0.25085496113709804,0.22536386763736854
128,19,2,PX-002,fracture to access recursion,0.7221062161458658,0.4918069067860649,0.3760154097335344,0.5245198994014241,0.308846774108453,0.25085496113709804,0.22536386763736854
129,19,3,PX-003,negation to lock formation,0.7275502103451714,0.4918069067860649,0.3918039564471256,0.5245198994014241,0.308846774108453,0.25085496113709804,0.22536386763736854
130,19,4,PX-004,lagged temporal recursion,0.7275502103451714,0.4918069067860649,0.3918039564471256,0.531551336200369,0.3235421109381269,0.25085496113709804,0.22536386763736854
131,19,5,PX-005,false signal injection,0.7275502103451714,0.4918069067860649,0.3918039564471256,0.531551336200369,0.3403917593808301,0.25085496113709804,0.22536386763736854
132,19,6,PX-006,signal to unstable utterance,0.7275502103451714,0.4918069067860649,0.3918039564471256,0.531551336200369,0.3403917593808301,0.2669889666858612,0.22867896841172894
133,19,7,PX-007,silence feedback reset,0.6923605412859346,0.4810430212152916,0.3918039564471256,0.531551336200369,0.3172141303140152,0.2669889666858612,0.24318228742601503
134,20,1,PX-001,amplify identity fracture,0.7172184738495179,0.47753358694780795,0.3918039564471256,0.531551336200369,0.3172141303140152,0.2669889666858612,0.24318228742601503
135,20,2,PX-002,fracture to access recursion,0.7172184738495179,0.5000573575510018,0.3918039564471256,0.5385788722294073,0.3172141303140152,0.2669889666858612,0.24318228742601503
136,20,3,PX-003,negation to lock formation,0.7229613011892506,0.5000573575510018,0.40616708014205194,0.5385788722294073,0.3172141303140152,0.2669889666858612,0.24318228742601503
137,20,4,PX-004,lagged temporal recursion,0.7229613011892506,0.5000573575510018,0.40616708014205194,0.5437759359166561,0.33206543132678173,0.2669889666858612,0.24318228742601503
138,20,5,PX-005,false signal injection,0.7229613011892506,0.5000573575510018,0.40616708014205194,0.5437759359166561,0.3492549142465251,0.2669889666858612,0.24318228742601503
139,20,6,PX-006,signal to unstable utterance,0.7229613011892506,0.5000573575510018,0.40616708014205194,0.5437759359166561,0.3492549142465251,0.28249005095704105,0.24689039303315016
140,20,7,PX-007,silence feedback reset,0.68550042679722,0.4883145435830141,0.40616708014205194,0.5437759359166561,0.3237390427264919,0.28249005095704105,0.2609214898755112
141,21,1,PX-001,amplify identity fracture,0.7104926472676572,0.48449219083582734,0.40616708014205194,0.5437759359166561,0.3237390427264919,0.28249005095704105,0.2609214898755112
142,21,2,PX-002,fracture to access recursion,0.7104926472676572,0.5060105641062532,0.40616708014205194,0.5507015617974259,0.3237390427264919,0.28249005095704105,0.2609214898755112
143,21,3,PX-003,negation to lock formation,0.7165583578528731,0.5060105641062532,0.4190367206890218,0.5507015617974259,0.3237390427264919,0.28249005095704105,0.2609214898755112
144,21,4,PX-004,lagged temporal recursion,0.7165583578528731,0.5060105641062532,0.4190367206890218,0.5541207572921302,0.3387282520773518,0.28249005095704105,0.2609214898755112
145,21,5,PX-005,false signal injection,0.7165583578528731,0.5060105641062532,0.4190367206890218,0.5541207572921302,0.356254305892048,0.28249005095704105,0.2609214898755112
146,21,6,PX-006,signal to unstable utterance,0.7165583578528731,0.5060105641062532,0.4190367206890218,0.5541207572921302,0.356254305892048,0.2972118156837302,0.26497790204779154
147,21,7,PX-007,silence feedback reset,0.6770296466102191,0.4933323742473187,0.4190367206890218,0.5541207572921302,0.32848447011754567,0.2972118156837302,0.2783909787717477
148,22,1,PX-001,amplify identity fracture,0.7022485252796767,0.48921219577152364,0.4190367206890218,0.5541207572921302,0.32848447011754567,0.2972118156837302,0.2783909787717477
149,22,2,PX-002,fracture to access recursion,0.7022485252796767,0.5097994623081205,0.4190367206890218,0.5609400272377348,0.32848447011754567,0.2972118156837302,0.2783909787717477
150,22,3,PX-003,negation to lock formation,0.7086557441700227,0.5097994623081205,0.4303736125145529,0.5609400272377348,0.32848447011754567,0.2972118156837302,0.2783909787717477
151,22,4,PX-004,lagged temporal recursion,0.7086557441700227,0.5097994623081205,0.4303736125145529,0.5626549574586455,0.34359773179349895,0.2972118156837302,0.2783909787717477
152,22,5,PX-005,false signal injection,0.7086557441700227,0.5097994623081205,0.4303736125145529,0.5626549574586455,0.36145567581319576,0.2972118156837302,0.2783909787717477
153,22,6,PX-006,signal to unstable utterance,0.7086557441700227,0.5097994623081205,0.4303736125145529,0.5626549574586455,0.36145567581319576,0.31103021167095035,0.2827503693005385
154,22,7,PX-007,silence feedback reset,0.6672863727943882,0.49624522761285383,0.4303736125145529,0.5626549574586455,0.33155739622250857,0.31103021167095035,0.2954153914626172
155,23,1,PX-001,amplify identity fracture,0.6927971604215244,0.4918472732675526,0.4303736125145529,0.5626549574586455,0.33155739622250857,0.31103021167095035,0.2954153914626172
156,23,2,PX-002,fracture to access recursion,0.6927971604215244,0.5115884817064765,0.4303736125145529,0.569367178047513,0.33155739622250857,0.31103021167095035,0.2954153914626172
157,23,3,PX-003,negation to lock formation,0.6995581803642897,0.5115884817064765,0.44016650054682693,0.569367178047513,0.33155739622250857,0.31103021167095035,0.2954153914626172
158,23,4,PX-004,lagged temporal recursion,0.6995581803642897,0.5115884817064765,0.44016650054682693,0.569466210529122,0.34678361528368407,0.31103021167095035,0.2954153914626172
159,23,5,PX-005,false signal injection,0.6995581803642897,0.5115884817064765,0.44016650054682693,0.569466210529122,0.3649655280045011,0.31103021167095035,0.2954153914626172
160,23,6,PX-006,signal to unstable utterance,0.6995581803642897,0.5115884817064765,0.44016650054682693,0.569466210529122,0.3649655280045011,0.3238452240356103,0.3000331043841312
161,23,7,PX-007,silence feedback reset,0.6565898636524177,0.49723057378533986,0.44016650054682693,0.569466210529122,0.3330987779548529,0.3238452240356103,0.3118371815227518
162,24,1,PX-001,amplify identity fracture,0.68243443138164,0.492578924364455,0.44016650054682693,0.569466210529122,0.3330987779548529,0.3238452240356103,0.3118371815227518
163,24,2,PX-002,fracture to access recursion,0.68243443138164,0.5115658529858725,0.44016650054682693,0.5760736020866194,0.3330987779548529,0.3238452240356103,0.3118371815227518
164,24,3,PX-003,negation to lock formation,0.6895547354472138,0.5115658529858725,0.4484304829741023,0.5760736020866194,0.3330987779548529,0.3238452240356103,0.3118371815227518
165,24,4,PX-004,lagged temporal recursion,0.6895547354472138,0.5115658529858725,0.4484304829741023,0.5746574035114271,0.3484283669412154,0.3238452240356103,0.3118371815227518
166,24,5,PX-005,false signal injection,0.6895547354472138,0.5115658529858725,0.4484304829741023,0.5746574035114271,0.3669218836916331,0.3238452240356103,0.3118371815227518
167,24,6,PX-006,signal to unstable utterance,0.6895547354472138,0.5115658529858725,0.4484304829741023,0.5746574035114271,0.3669218836916331,0.3355815583372263,0.31667032952507074
168,24,7,PX-007,silence feedback reset,0.6452349027141245,0.49648658992884787,0.4484304829741023,0.5746574035114271,0.33327322893409056,0.3355815583372263,0.3275186690478762
169,25,1,PX-001,amplify identity fracture,0.6714358125253826,0.4916083311148394,0.4484304829741023,0.5746574035114271,0.33327322893409056,0.3355815583372263,0.3275186690478762
170,25,2,PX-002,fracture to access recursion,0.6714358125253826,0.5099358743412357,0.4484304829741023,0.5811643269764762,0.33327322893409056,0.3355815583372263,0.3275186690478762
171,25,3,PX-003,negation to lock formation,0.6789140093577263,0.5099358743412357,0.4552046216492384,0.5811643269764762,0.33327322893409056,0.3355815583372263,0.3275186690478762
172,25,4,PX-004,lagged temporal recursion,0.6789140093577263,0.5099358743412357,0.4552046216492384,0.5783433246818774,0.3486971080313974,0.3355815583372263,0.3275186690478762
173,25,5,PX-005,false signal injection,0.6789140093577263,0.5099358743412357,0.4552046216492384,0.5783433246818774,0.3674848329059299,0.3355815583372263,0.3275186690478762
174,25,6,PX-006,signal to unstable utterance,0.6789140093577263,0.5099358743412357,0.4552046216492384,0.5783433246818774,0.3674848329059299,0.3461884019888764,0.3325269980229693
175,25,7,PX-007,silence feedback reset,0.6334878599179421,0.49422428768328536,0.4552046216492384,0.5783433246818774,0.33225915008105006,0.3461884019888764,0.342343408009606
176,26,1,PX-001,amplify identity fracture,0.6600524616515167,0.48914845487428693,0.4552046216492384,0.5783433246818774,0.33225915008105006,0.3461884019888764,0.342343408009606
177,26,2,PX-002,fracture to access recursion,0.6600524616515167,0.5069115086853746,0.4552046216492384,0.5847556033248605,0.33225915008105006,0.3461884019888764,0.342343408009606
178,26,3,PX-003,negation to lock formation,0.6678805864552376,0.5069115086853746,0.4605489918680475,0.5847556033248605,0.33225915008105006,0.3461884019888764,0.342343408009606
179,26,4,PX-004,lagged temporal recursion,0.6678805864552376,0.5069115086853746,0.4605489918680475,0.580647440492217,0.3477680306977515,0.3461884019888764,0.342343408009606
180,26,5,PX-005,false signal injection,0.6678805864552376,0.5069115086853746,0.4605489918680475,0.580647440492217,0.36682750515933893,0.3461884019888764,0.342343408009606
181,26,6,PX-006,signal to unstable utterance,0.6678805864552376,0.5069115086853746,0.4605489918680475,0.580647440492217,0.36682750515933893,0.35563838050235075,0.3474899228329538
182,26,7,PX-007,silence feedback reset,0.6215843255727342,0.4906601701354519,0.4605489918680475,0.580647440492217,0.33023986489701707,0.35563838050235075,0.35621686475567715
183,27,1,PX-001,amplify identity fracture,0.6485086298583994,0.48541672731146773,0.4605489918680475,0.580647440492217,0.33023986489701707,0.35563838050235075,0.35621686475567715
184,27,2,PX-002,fracture to access recursion,0.6485086298583994,0.5027076196543958,0.4605489918680475,0.5869717923018011,0.33023986489701707,0.35563838050235075,0.35621686475567715
185,27,3,PX-003,negation to lock formation,0.656672743768754,0.5027076196543958,0.46454135742027425,0.5869717923018011,0.33023986489701707,0.35563838050235075,0.35621686475567715
186,27,4,PX-004,lagged temporal recursion,0.656672743768754,0.5027076196543958,0.46454135742027425,0.5816988439603437,0.3458238127498222,0.35563838050235075,0.35621686475567715
187,27,5,PX-005,false signal injection,0.656672743768754,0.5027076196543958,0.46454135742027425,0.5816988439603437,0.36512794678529226,0.35563838050235075,0.35621686475567715
188,27,6,PX-006,signal to unstable utterance,0.656672743768754,0.5027076196543958,0.46454135742027425,0.5816988439603437,0.36512794678529226,0.3639258585264113,0.3614682258980581
189,27,7,PX-007,silence feedback reset,0.6097281687205478,0.486009693573707,0.46454135742027425,0.5816988439603437,0.32739613468147627,0.3639258585264113,0.3690664409168991
190,28,1,PX-001,amplify identity fracture,0.6370003118786981,0.48062859753795617,0.46454135742027425,0.5816988439603437,0.32739613468147627,0.3639258585264113,0.3690664409168991
191,28,2,PX-002,fracture to access recursion,0.6370003118786981,0.4975350739367885,0.46454135742027425,0.5879424288582847,0.32739613468147627,0.3639258585264113,0.3690664409168991
192,28,3,PX-003,negation to lock formation,0.6454813214366606,0.4975350739367885,0.4672736553497199,0.5879424288582847,0.32739613468147627,0.3639258585264113,0.3690664409168991
193,28,4,PX-004,lagged temporal recursion,0.6454813214366606,0.4975350739367885,0.4672736553497199,0.5816294407652658,0.34304438308314705,0.3639258585264113,0.3690664409168991
194,28,5,PX-005,false signal injection,0.6454813214366606,0.4975350739367885,0.4672736553497199,0.5816294407652658,0.36256223384589925,0.3639258585264113,0.3690664409168991
195,28,6,PX-006,signal to unstable utterance,0.6454813214366606,0.4975350739367885,0.4672736553497199,0.5816294407652658,0.36256223384589925,0.37106475057640703,0.3743931542880255
196,28,7,PX-007,silence feedback reset,0.5980918074923912,0.48048172021901947,0.4672736553497199,0.5816294407652658,0.32390024562385084,0.37106475057640703,0.38084090529723097
197,29,1,PX-001,amplify identity fracture,0.6256949941196467,0.47499210741981,0.4672736553497199,0.5816294407652658,0.32390024562385084,0.37106475057640703,0.38084090529723097
198,29,2,PX-002,fracture to access recursion,0.6256949941196467,0.49159585123108324,0.4672736553497199,0.5877995177011764,0.32390024562385084,0.37106475057640703,0.38084090529723097
199,29,3,PX-003,negation to lock formation,0.6344696104050007,0.49159585123108324,0.4688484603467367,0.5877995177011764,0.32390024562385084,0.37106475057640703,0.38084090529723097
200,29,4,PX-004,lagged temporal recursion,0.6344696104050007,0.49159585123108324,0.4688484603467367,0.5805714212361149,0.3396012134356728,0.37106475057640703,0.38084090529723097
201,29,5,PX-005,false signal injection,0.6344696104050007,0.49159585123108324,0.4688484603467367,0.5805714212361149,0.35929899016092637,0.37106475057640703,0.38084090529723097
202,29,6,PX-006,signal to unstable utterance,0.6344696104050007,0.49159585123108324,0.4688484603467367,0.5805714212361149,0.35929899016092637,0.37708600703124645,0.3862173363206752
203,29,7,PX-007,silence feedback reset,0.586817447281962,0.47427405899414504,0.4688484603467367,0.5805714212361149,0.31991169707773887,0.37708600703124645,0.39150932154171275
204,30,1,PX-001,amplify identity fracture,0.6147323204124269,0.4687035775422961,0.4688484603467367,0.5805714212361149,0.31991169707773887,0.37708600703124645,0.39150932154171275
205,30,2,PX-002,fracture to access recursion,0.6147323204124269,0.4850792204743877,0.4688484603467367,0.5866751038770589,0.31991169707773887,0.37708600703124645,0.39150932154171275
206,30,3,PX-003,negation to lock formation,0.6237740823369449,0.4850792204743877,0.46937557462371043,0.5866751038770589,0.31991169707773887,0.37708600703124645,0.39150932154171275
207,30,4,PX-004,lagged temporal recursion,0.6237740823369449,0.4850792204743877,0.46937557462371043,0.5786550487977127,0.33565315828230824,0.37708600703124645,0.39150932154171275
208,30,5,PX-005,false signal injection,0.6237740823369449,0.4850792204743877,0.46937557462371043,0.5786550487977127,0.3554953384807674,0.37708600703124645,0.39150932154171275
209,30,6,PX-006,signal to unstable utterance,0.6237740823369449,0.4850792204743877,0.46937557462371043,0.5786550487977127,0.3554953384807674,0.3820349299641854,0.3969135689487266
210,30,7,PX-007,silence feedback reset,0.5760190375120627,0.467570110693286,0.46937557462371043,0.5786550487977127,0.31557439222167827,0.3820349299641854,0.40105957135043846
211,31,1,PX-001,amplify identity fracture,0.6042254794411506,0.4619444066481582,0.46937557462371043,0.5786550487977127,0.31557439222167827,0.3820349299641854,0.40105957135043846
212,31,2,PX-002,fracture to access recursion,0.6042254794411506,0.4781589689136978,0.46937557462371043,0.5846991448204291,0.31557439222167827,0.3820349299641854,0.40105957135043846
213,31,3,PX-003,negation to lock formation,0.6135057757133152,0.4781589689136978,0.4689688592919262,0.5846991448204291,0.31557439222167827,0.3820349299641854,0.40105957135043846
214,31,4,PX-004,lagged temporal recursion,0.6135057757133152,0.4781589689136978,0.4689688592919262,0.5760067793568674,0.33134374382350856,0.3820349299641854,0.40105957135043846
215,31,5,PX-005,false signal injection,0.6135057757133152,0.4781589689136978,0.4689688592919262,0.5760067793568674,0.35129420094688063,0.3820349299641854,0.40105957135043846
216,31,6,PX-006,signal to unstable utterance,0.6135057757133152,0.4781589689136978,0.4689688592919262,0.5760067793568674,0.35129420094688063,0.38596845398591595,0.40647323705810257
217,31,7,PX-007,silence feedback reset,0.5657847126169312,0.4605365674002578,0.4689688592919262,0.5760067793568674,0.3110151445137335,0.38596845398591595,0.40949657747774043
218,32,1,PX-001,amplify identity fracture,0.5942631190291588,0.4548789229556452,0.4689688592919262,0.5760067793568674,0.3110151445137335,0.38596845398591595,0.40949657747774043
219,32,2,PX-002,fracture to access recursion,0.5942631190291588,0.47099161347147783,0.4689688592919262,0.5819976968896177,0.3110151445137335,0.38596845398591595,0.40949657747774043
220,32,3,PX-003,negation to lock formation,0.6037521562623354,0.47099161347147783,0.4677433912574699,0.5819976968896177,0.3110151445137335,0.38596845398591595,0.40949657747774043
221,32,4,PX-004,lagged temporal recursion,0.6037521562623354,0.47099161347147783,0.4677433912574699,0.5727477122636746,0.3267997245042966,0.38596845398591595,0.40949657747774043
222,32,5,PX-005,false signal injection,0.6037521562623354,0.47099161347147783,0.4677433912574699,0.5727477122636746,0.34682278776522013,0.38596845398591595,0.40949657747774043
223,32,6,PX-006,signal to unstable utterance,0.6037521562623354,0.47099161347147783,0.4677433912574699,0.5727477122636746,0.34682278776522013,0.38895250295947603,0.4149044669414448
224,32,7,PX-007,silence feedback reset,0.5561795107613444,0.4533220665898307,0.4677433912574699,0.5727477122636746,0.30634326486613744,0.38895250295947603,0.4168403280854968
225,33,1,PX-001,amplify identity fracture,0.5849116064492601,0.4476531790208597,0.4677433912574699,0.5727477122636746,0.30634326486613744,0.38895250295947603,0.4168403280854968
226,33,2,PX-002,fracture to access recursion,0.5849116064492601,0.4637154834676321,0.4677433912574699,0.5786914172987837,0.30634326486613744,0.38895250295947603,0.4168403280854968
227,33,3,PX-003,negation to lock formation,0.5945792849113373,0.4637154834676321,0.4658129984978947,0.5786914172987837,0.30634326486613744,0.38895250295947603,0.4168403280854968
228,33,4,PX-004,lagged temporal recursion,0.5945792849113373,0.4637154834676321,0.4658129984978947,0.5689923621799502,0.3221306802367714,0.38895250295947603,0.4168403280854968
229,33,5,PX-005,false signal injection,0.5945792849113373,0.4637154834676321,0.4658129984978947,0.5689923621799502,0.3421920696960607,0.38895250295947603,0.4168403280854968
230,33,6,PX-006,signal to unstable utterance,0.5945792849113373,0.4637154834676321,0.4658129984978947,0.5689923621799502,0.3421920696960607,0.3910595073187263,0.4222301115447254
231,33,7,PX-007,silence feedback reset,0.5472481987009037,0.4460566684651684,0.4658129984978947,0.5689923621799502,0.3016509796080882,0.3910595073187263,0.4231237959010816
232,34,1,PX-001,amplify identity fracture,0.576217476324065,0.4403945527427292,0.4658129984978947,0.5689923621799502,0.3016509796080882,0.3910595073187263,0.4231237959010816
233,34,2,PX-002,fracture to access recursion,0.576217476324065,0.45645053973724725,0.4658129984978947,0.5748943722473653,0.3016509796080882,0.3910595073187263,0.4231237959010816
234,34,3,PX-003,negation to lock formation,0.5860341484216497,0.45645053973724725,0.46328819850492337,0.5748943722473653,0.3016509796080882,0.3910595073187263,0.4231237959010816
235,34,4,PX-004,lagged temporal recursion,0.5860341484216497,0.45645053973724725,0.46328819850492337,0.5648477324905495,0.3174294140343029,0.3910595073187263,0.4231237959010816
236,34,5,PX-005,false signal injection,0.5860341484216497,0.45645053973724725,0.46328819850492337,0.5648477324905495,0.3374970157507293,0.3910595073187263,0.4231237959010816
237,34,6,PX-006,signal to unstable utterance,0.5860341484216497,0.45645053973724725,0.46328819850492337,0.5648477324905495,0.3374970157507293,0.3923661412920003,0.4284856558030673
238,34,7,PX-007,silence feedback reset,0.5390180682040765,0.4388520092783147,0.46328819850492337,0.5648477324905495,0.2970144399125387,0.3923661412920003,0.42839083383280413
239,35,1,PX-001,amplify identity fracture,0.5682099346040441,0.4332120039327965,0.46328819850492337,0.5648477324905495,0.2970144399125387,0.3923661412920003,0.42839083383280413
240,35,2,PX-002,fracture to access recursion,0.5682099346040441,0.44929878562233283,0.46328819850492337,0.5707131340511336,0.2970144399125387,0.3923661412920003,0.42839083383280413
241,35,3,PX-003,negation to lock formation,0.5781470333139089,0.44929878562233283,0.4602745410898892,0.5707131340511336,0.2970144399125387,0.3923661412920003,0.42839083383280413
242,35,4,PX-004,lagged temporal recursion,0.5781470333139089,0.44929878562233283,0.4602745410898892,0.5604126646812867,0.3127729203509819,0.3923661412920003,0.42839083383280413
243,35,5,PX-005,false signal injection,0.5781470333139089,0.44929878562233283,0.4602745410898892,0.5604126646812867,0.33281738546346923,0.3923661412920003,0.42839083383280413
244,35,6,PX-006,signal to unstable utterance,0.5781470333139089,0.44929878562233283,0.4602745410898892,0.5604126646812867,0.33281738546346923,0.39295131636985536,0.4337171181411131
245,35,7,PX-007,silence feedback reset,0.5315016050802154,0.43180198099036693,0.4602745410898892,0.5604126646812867,0.29249511073924206,0.39295131636985536,0.43269411486589443
246,36,1,PX-001,amplify identity fracture,0.560903315371593,0.4261968357115079,0.4602745410898892,0.5604126646812867,0.29249511073924206,0.39295131636985536,0.43269411486589443
247,36,2,PX-002,fracture to access recursion,0.560903315371593,0.44234512740752385,0.4602745410898892,0.5662461441567354,0.29249511073924206,0.39295131636985536,0.43269411486589443
248,36,3,PX-003,negation to lock formation,0.570933849869053,0.44234512740752385,0.45687133829983684,0.5662461441567354,0.29249511073924206,0.39295131636985536,0.43269411486589443
249,36,4,PX-004,lagged temporal recursion,0.570933849869053,0.44234512740752385,0.45687133829983684,0.5557774341422773,0.3082237208191005,0.39295131636985536,0.43269411486589443
250,36,5,PX-005,false signal injection,0.570933849869053,0.44234512740752385,0.45687133829983684,0.5557774341422773,0.3282188878568195,0.39295131636985536,0.43269411486589443
251,36,6,PX-006,signal to unstable utterance,0.570933849869053,0.44234512740752385,0.45687133829983684,0.5557774341422773,0.3282188878568195,0.39289444790904154,0.43797901050244875
252,36,7,PX-007,silence feedback reset,0.5246989638066892,0.4249837954274942,0.45687133829983684,0.5557774341422773,0.28814136362122394,0.39289444790904154,0.43609316959713534
253,37,1,PX-001,amplify identity fracture,0.5542994144272891,0.4194238195162323,0.45687133829983684,0.5557774341422773,0.28814136362122394,0.39289444790904154,0.43609316959713534
254,37,2,PX-002,fracture to access recursion,0.5542994144272891,0.43565855236798273,0.45687133829983684,0.5615833149414003,0.28814136362122394,0.39289444790904154,0.43609316959713534
255,37,3,PX-003,negation to lock formation,0.5643983378797741,0.43565855236798273,0.45317075092051623,0.5615833149414003,0.28814136362122394,0.39289444790904154,0.43609316959713534
256,37,4,PX-004,lagged temporal recursion,0.5643983378797741,0.43565855236798273,0.45317075092051623,0.5510235608331493,0.3038313988463145,0.39289444790904154,0.43609316959713534
257,37,5,PX-005,false signal injection,0.5643983378797741,0.43565855236798273,0.45317075092051623,0.5510235608331493,0.32375454999101366,0.39289444790904154,0.43609316959713534
258,37,6,PX-006,signal to unstable utterance,0.5643983378797741,0.43565855236798273,0.45317075092051623,0.5510235608331493,0.32375454999101366,0.39227399626558285,0.44133240531790063
259,37,7,PX-007,silence feedback reset,0.5186002077861543,0.4184593058032047,0.45317075092051623,0.5510235608331493,0.2839901365168108,0.39227399626558285,0.4386525607495221
260,38,1,PX-001,amplify identity fracture,0.5483896481498992,0.4129525584214034,0.45317075092051623,0.5510235608331493,0.2839901365168108,0.39227399626558285,0.4386525607495221
261,38,2,PX-002,fracture to access recursion,0.5483896481498992,0.42929350865498006,0.45317075092051623,0.55680584095935,0.2839901365168108,0.39227399626558285,0.4386525607495221
262,38,3,PX-003,negation to lock formation,0.5585341080896741,0.42929350865498006,0.4492571925429219,0.55680584095935,0.2839901365168108,0.39227399626558285,0.4386525607495221
263,38,4,PX-004,lagged temporal recursion,0.5585341080896741,0.42929350865498006,0.4492571925429219,0.5462238028307397,0.29963420173665506,0.39227399626558285,0.4386525607495221
264,38,5,PX-005,false signal injection,0.5585341080896741,0.42929350865498006,0.4492571925429219,0.5462238028307397,0.31946617136000655,0.39227399626558285,0.4386525607495221
265,38,6,PX-006,signal to unstable utterance,0.5585341080896741,0.42929350865498006,0.4492571925429219,0.5462238028307397,0.31946617136000655,0.3911662722616062,0.44384314454852736
266,38,7,PX-007,silence feedback reset,0.5131872969613832,0.41227647714294563,0.4492571925429219,0.5462238028307397,0.2800685610297332,0.3911662722616062,0.44044022119946546
267,39,1,PX-001,amplify identity fracture,0.5431570070492862,0.4068289828593004,0.4492571925429219,0.5462238028307397,0.2800685610297332,0.3911662722616062,0.44044022119946546
268,39,2,PX-002,fracture to access recursion,0.5431570070492862,0.42329139010035555,0.4492571925429219,0.5519861895495666,0.2800685610297332,0.3911662722616062,0.44044022119946546
269,39,3,PX-003,negation to lock formation,0.5533264921447847,0.42329139010035555,0.44520700776494626,0.5519861895495666,0.2800685610297332,0.3911662722616062,0.44044022119946546
270,39,4,PX-004,lagged temporal recursion,0.5533264921447847,0.42329139010035555,0.44520700776494626,0.5414423016306263,0.2956606144430256,0.3911662722616062,0.44044022119946546
271,39,5,PX-005,false signal injection,0.5533264921447847,0.42329139010035555,0.44520700776494626,0.5414423016306263,0.3153857725024768,0.3911662722616062,0.44044022119946546
272,39,6,PX-006,signal to unstable utterance,0.5533264921447847,0.42329139010035555,0.44520700776494626,0.5414423016306263,0.3153857725024768,0.38964448876370095,0.4455802139728806
273,39,7,PX-007,silence feedback reset,0.5084358210079591,0.40647091732105195,0.44520700776494626,0.5414423016306263,0.2763954898661021,0.38964448876370095,0.4415259709108484
274,40,1,PX-001,amplify identity fracture,0.5385777903738672,0.4010868933285359,0.44520700776494626,0.5414423016306263,0.2763954898661021,0.38964448876370095,0.4415259709108484
275,40,2,PX-002,fracture to access recursion,0.5385777903738672,0.4176820485522028,0.44520700776494626,0.5471882411956555,0.2763954898661021,0.38964448876370095,0.4415259709108484
276,40,3,PX-003,negation to lock formation,0.548754189120518,0.4176820485522028,0.4410883799848396,0.5471882411956555,0.2763954898661021,0.38964448876370095,0.4415259709108484
277,40,4,PX-004,lagged temporal recursion,0.548754189120518,0.4176820485522028,0.4410883799848396,0.5367348498670601,0.29193084019049587,0.38964448876370095,0.4415259709108484
278,40,5,PX-005,false signal injection,0.548754189120518,0.4176820485522028,0.4410883799848396,0.5367348498670601,0.3115369746443584,0.38964448876370095,0.4415259709108484
279,40,6,PX-006,signal to unstable utterance,0.548754189120518,0.4176820485522028,0.4410883799848396,0.5367348498670601,0.3115369746443584,0.38777803516082665,0.4466142955922195
280,40,7,PX-007,silence feedback reset,0.5043164881127105,0.40106740025907445,0.4410883799848396,0.5367348498670601,0.2729828841731861,0.38777803516082665,0.44198021891742784
281,41,1,PX-001,amplify identity fracture,0.5346231211322566,0.39574948453805997,0.4410883799848396,0.5367348498670601,0.2729828841731861,0.38777803516082665,0.44198021891742784
282,41,2,PX-002,fracture to access recursion,0.5346231211322566,0.41248527501485294,0.4410883799848396,0.5424675514527816,0.2729828841731861,0.38777803516082665,0.44198021891742784
283,41,3,PX-003,negation to lock formation,0.5447907083538107,0.41248527501485294,0.43696142559947065,0.5424675514527816,0.2729828841731861,0.38777803516082665,0.44198021891742784
284,41,4,PX-004,lagged temporal recursion,0.5447907083538107,0.41248527501485294,0.43696142559947065,0.5321492545575534,0.288458148822699,0.38777803516082665,0.44198021891742784
285,41,5,PX-005,false signal injection,0.5447907083538107,0.41248527501485294,0.43696142559947065,0.5321492545575534,0.3079362708085043,0.38777803516082665,0.44198021891742784
286,41,6,PX-006,signal to unstable utterance,0.5447907083538107,0.41248527501485294,0.43696142559947065,0.5321492545575534,0.3079362708085043,0.38563194898686914,0.4470165025485833
287,41,7,PX-007,silence feedback reset,0.5007963871186671,0.3960813310814949,0.43696142559947065,0.5321492545575534,0.2698370411534904,0.38563194898686914,0.4418728491518038
288,42,1,PX-001,amplify identity fracture,0.531260250265541,0.39083080349367033,0.43696142559947065,0.5321492545575534,0.2698370411534904,0.38563194898686914,0.4418728491518038
289,42,2,PX-002,fracture to access recursion,0.531260250265541,0.4077122076505064,0.43696142559947065,0.5378717083658116,0.2698370411534904,0.38563194898686914,0.4418728491518038
290,42,3,PX-003,negation to lock formation,0.5414056167179627,0.4077122076505064,0.4328784344903157,0.5378717083658116,0.2698370411534904,0.38563194898686914,0.4418728491518038
291,42,4,PX-004,lagged temporal recursion,0.5414056167179627,0.4077122076505064,0.4328784344903157,0.5277257718134771,0.28525007359376586,0.38563194898686914,0.4418728491518038
292,42,5,PX-005,false signal injection,0.5414056167179627,0.4077122076505064,0.4328784344903157,0.5277257718134771,0.3045941673434426,0.38563194898686914,0.4418728491518038
293,42,6,PX-006,signal to unstable utterance,0.5414056167179627,0.4077122076505064,0.4328784344903157,0.5277257718134771,0.3045941673434426,0.38326655825707057,0.4468572942733919
294,42,7,PX-007,silence feedback reset,0.49784004533387244,0.3915201189357937,0.4328784344903157,0.5277257718134771,0.26695965749999395,0.38326655825707057,0.44127228337583524
295,43,1,PX-001,amplify identity fracture,0.5284536649507506,0.38633710962968243,0.4328784344903157,0.5277257718134771,0.26695965749999395,0.38326655825707057,0.44127228337583524
296,43,2,PX-002,fracture to access recursion,0.5284536649507506,0.4033666390587982,0.4328784344903157,0.5334407618576077,0.26695965749999395,0.38326655825707057,0.44127228337583524
297,43,3,PX-003,negation to lock formation,0.5385656040749649,0.4033666390587982,0.42888422081185956,0.5334407618576077,0.26695965749999395,0.38326655825707057,0.44127228337583524
298,43,4,PX-004,lagged temporal recursion,0.5385656040749649,0.4033666390587982,0.42888422081185956,0.5234975919747686,0.28230945166475846,0.38326655825707057,0.44127228337583524
299,43,5,PX-005,false signal injection,0.5385656040749649,0.4033666390587982,0.42888422081185956,0.5234975919747686,0.3015161885493007,0.38326655825707057,0.44127228337583524
300,43,6,PX-006,signal to unstable utterance,0.5385656040749649,0.4033666390587982,0.42888422081185956,0.5234975919747686,0.3015161885493007,0.3807372687563619,0.4462055645816791
301,43,7,PX-007,silence feedback reset,0.4954103063019864,0.3873844364262772,0.42888422081185956,0.5234975919747686,0.26434873454779184,0.3807372687563619,0.44024471053082925
302,44,1,PX-001,amplify identity fracture,0.5261660196871017,0.38226811795391813,0.42888422081185956,0.5234975919747686,0.26434873454779184,0.3807372687563619,0.44024471053082925
303,44,2,PX-002,fracture to access recursion,0.5261660196871017,0.3994462069907658,0.42888422081185956,0.529207704359998,0.26434873454779184,0.3807372687563619,0.44024471053082925
304,44,3,PX-003,negation to lock formation,0.5362353839318407,0.3994462069907658,0.4250165527634628,0.529207704359998,0.26434873454779184,0.3807372687563619,0.44024471053082925
305,44,4,PX-004,lagged temporal recursion,0.5362353839318407,0.3994462069907658,0.4250165527634628,0.5194913571575287,0.2796353135191687,0.3807372687563619,0.44024471053082925
306,44,5,PX-005,false signal injection,0.5362353839318407,0.3994462069907658,0.4250165527634628,0.5194913571575287,0.29870374665215793,0.3807372687563619,0.44024471053082925
307,44,6,PX-006,signal to unstable utterance,0.5362353839318407,0.3994462069907658,0.4250165527634628,0.5194913571575287,0.29870374665215793,0.37809447208956465,0.44512789190507407
308,44,7,PX-007,silence feedback reset,0.49346905198704627,0.3836693551559019,0.4250165527634628,0.5194913571575287,0.2619993375123517,0.37809447208956465,0.4388534692601614
309,45,1,PX-001,amplify identity fracture,0.5243589104764869,0.37861811632913256,0.4250165527634628,0.5194913571575287,0.2619993375123517,0.37809447208956465,0.4388534692601614
310,45,2,PX-002,fracture to access recursion,0.5243589104764869,0.3959434618352981,0.4250165527634628,0.5251989848221935,0.2619993375123517,0.37809447208956465,0.4388534692601614
311,45,3,PX-003,negation to lock formation,0.5343784478170648,0.3959434618352981,0.42130663482481273,0.5251989848221935,0.2619993375123517,0.37809447208956465,0.4388534692601614
312,45,4,PX-004,lagged temporal recursion,0.5343784478170648,0.3959434618352981,0.42130663482481273,0.5157276961219426,0.2772236327684006,0.37809447208956465,0.4388534692601614
313,45,5,PX-005,false signal injection,0.5343784478170648,0.3959434618352981,0.42130663482481273,0.5157276961219426,0.29615488556588515,0.37809447208956465,0.4388534692601614
314,45,6,PX-006,signal to unstable utterance,0.5343784478170648,0.3959434618352981,0.42130663482481273,0.5157276961219426,0.29615488556588515,0.37538355242437443,0.4436879385890158
315,45,7,PX-007,silence feedback reset,0.4919777927050117,0.3803653548920835,0.42130663482481273,0.5157276961219426,0.25990422469962954,0.37538355242437443,0.437158568914139
316,46,1,PX-001,amplify identity fracture,0.5229935125776575,0.37537695566580925,0.42130663482481273,0.5157276961219426,0.25990422469962954,0.37538355242437443,0.437158568914139
317,46,2,PX-002,fracture to access recursion,0.5229935125776575,0.392846811062319,0.42130663482481273,0.5214350410298715,0.25990422469962954,0.37538355242437443,0.437158568914139
318,46,3,PX-003,negation to lock formation,0.5329576920441189,0.392846811062319,0.4177796205794195,0.5214350410298715,0.25990422469962954,0.37538355242437443,0.437158568914139
319,46,4,PX-004,lagged temporal recursion,0.5329576920441189,0.392846811062319,0.4177796205794195,0.5122217640862511,0.27506795124431505,0.37538355242437443,0.437158568914139
320,46,5,PX-005,false signal injection,0.5329576920441189,0.392846811062319,0.4177796205794195,0.5122217640862511,0.2938649104508,0.37538355242437443,0.437158568914139
321,46,6,PX-006,signal to unstable utterance,0.5329576920441189,0.392846811062319,0.4177796205794195,0.5122217640862511,0.2938649104508,0.3726449722570774,0.4419459849340745
322,46,7,PX-007,silence feedback reset,0.4908981462062165,0.3774592096657498,0.4177796205794195,0.5122217640862511,0.2580543639433227,0.3726449722570774,0.43521633378779556
323,47,1,PX-001,amplify identity fracture,0.5220311014402388,0.3725309172641948,0.4177796205794195,0.5122217640862511,0.2580543639433227,0.3726449722570774,0.43521633378779556
324,47,2,PX-002,fracture to access recursion,0.5220311014402388,0.39014134563022607,0.4177796205794195,0.5179308378061069,0.2580543639433227,0.3726449722570774,0.43521633378779556
325,47,3,PX-003,negation to lock formation,0.5319359347440081,0.39014134563022607,0.41445513855044064,0.5179308378061069,0.2580543639433227,0.3726449722570774,0.43521633378779556
326,47,4,PX-004,lagged temporal recursion,0.5319359347440081,0.39014134563022607,0.41445513855044064,0.5089837775743304,0.2731598956471194,0.3726449722570774,0.43521633378779556
327,47,5,PX-005,false signal injection,0.5319359347440081,0.39014134563022607,0.41445513855044064,0.5089837775743304,0.2918269167236195,0.3726449722570774,0.43521633378779556
328,47,6,PX-006,signal to unstable utterance,0.5319359347440081,0.39014134563022607,0.41445513855044064,0.5089837775743304,0.2918269167236195,0.36991442001027075,0.43995858321676395
329,47,7,PX-007,silence feedback reset,0.4901922249377727,0.374934758027779,0.41445513855044064,0.5089837775743304,0.256439353426598,0.36991442001027075,0.43307915544992115
330,48,1,PX-001,amplify identity fracture,0.5214334748818078,0.37006346517711425,0.41445513855044064,0.5089837775743304,0.256439353426598,0.36991442001027075,0.43307915544992115
331,48,2,PX-002,fracture to access recursion,0.5214334748818078,0.3878095565121462,0.41445513855044064,0.5146964010781054,0.256439353426598,0.36991442001027075,0.43307915544992115
332,48,3,PX-003,negation to lock formation,0.5312763396592303,0.3878095565121462,0.4113478173172098,0.5146964010781054,0.256439353426598,0.36991442001027075,0.43307915544992115
333,48,4,PX-004,lagged temporal recursion,0.5312763396592303,0.3878095565121462,0.4113478173172098,0.5060195365601283,0.2714896019779349,0.36991442001027075,0.43307915544992115
334,48,5,PX-005,false signal injection,0.5312763396592303,0.3878095565121462,0.4113478173172098,0.5060195365601283,0.29003223247464316,0.36991442001027075,0.43307915544992115
335,48,6,PX-006,signal to unstable utterance,0.5312763396592303,0.3878095565121462,0.4113478173172098,0.5060195365601283,0.29003223247464316,0.36722300469426256,0.4377783170831802
336,48,7,PX-007,silence feedback reset,0.48982294796294207,0.3727735670829691,0.4113478173172098,0.5060195365601283,0.2550477630117194,0.36722300469426256,0.43079533860802827
337,49,1,PX-001,amplify identity fracture,0.5211632926513444,0.3679558936313002,0.4113478173172098,0.5060195365601283,0.2550477630117194,0.36722300469426256,0.43079533860802827
338,49,2,PX-002,fracture to access recursion,0.5211632926513444,0.38583195130904063,0.4113478173172098,0.5117373399436548,0.2550477630117194,0.36722300469426256,0.43079533860802827
339,49,3,PX-003,negation to lock formation,0.5309427614603026,0.38583195130904063,0.4084677995180288,0.5117373399436548,0.2550477630117194,0.36722300469426256,0.43079533860802827
340,49,4,PX-004,lagged temporal recursion,0.5309427614603026,0.38583195130904063,0.4084677995180288,0.5033309280527569,0.2700460630436509,0.36722300469426256,0.43079533860802827
341,49,5,PX-005,false signal injection,0.5309427614603026,0.38583195130904063,0.4084677995180288,0.5033309280527569,0.2884707876677763,0.36722300469426256,0.43079533860802827
342,49,6,PX-006,signal to unstable utterance,0.5309427614603026,0.38583195130904063,0.4084677995180288,0.5033309280527569,0.2884707876677763,0.3645974851400722,0.43545365229806043
343,49,7,PX-007,silence feedback reset,0.48975429147653443,0.37095550113769094,0.4084677995180288,0.5033309280527569,0.2538674106293314,0.3645974851400722,0.428409026862523
344,50,1,PX-001,amplify identity fracture,0.5211843474455111,0.36618788058014,0.4084677995180288,0.5033309280527569,0.2538674106293314,0.3645974851400722,0.428409026862523
345,50,2,PX-002,fracture to access recursion,0.5211843474455111,0.384187581712388,0.4084677995180288,0.5090553507426393,0.2538674106293314,0.3645974851400722,0.428409026862523
346,50,3,PX-003,negation to lock formation,0.530900025470249,0.384187581712388,0.4058212371673546,0.5090553507426393,0.2538674106293314,0.3645974851400722,0.428409026862523
347,50,4,PX-004,lagged temporal recursion,0.530900025470249,0.384187581712388,0.4058212371673546,0.5009164068578718,0.268817412857616,0.3645974851400722,0.428409026862523
348,50,5,PX-005,false signal injection,0.530900025470249,0.384187581712388,0.4058212371673546,0.5009164068578718,0.2871314223869908,0.3645974851400722,0.428409026862523
349,50,6,PX-006,signal to unstable utterance,0.530900025470249,0.384187581712388,0.4058212371673546,0.5009164068578718,0.2871314223869908,0.36206052338926625,0.43302886571039256
350,50,7,PX-007,silence feedback reset,0.4899514894589788,0.36945920613439304,0.4058212371673546,0.5009164068578718,0.25288558645425113,0.36206052338926625,0.42596019580817274
351,51,1,PX-001,amplify identity fracture,0.5214617793680473,0.3647379586607489,0.4058212371673546,0.5009164068578718,0.25288558645425113,0.36206052338926625,0.42596019580817274
352,51,2,PX-002,fracture to access recursion,0.5214617793680473,0.3828544926292828,0.4058212371673546,0.5066486987328326,0.25288558645425113,0.36206052338926625,0.42596019580817274
353,51,3,PX-003,negation to lock formation,0.5311141528046219,0.3828544926292828,0.4034107630453353,0.5066486987328326,0.25288558645425113,0.36206052338926625,0.42596019580817274
354,51,4,PX-004,lagged temporal recursion,0.5311141528046219,0.3828544926292828,0.4034107630453353,0.49877145057126177,0.26779116004572756,0.36206052338926625,0.42596019580817274
355,51,5,PX-005,false signal injection,0.5311141528046219,0.3828544926292828,0.4034107630453353,0.49877145057126177,0.28600214500304644,0.36206052338926625,0.42596019580817274
356,51,6,PX-006,signal to unstable utterance,0.5311141528046219,0.3828544926292828,0.4034107630453353,0.49877145057126177,0.28600214500304644,0.3596309536781557,0.4305440403505742
357,51,7,PX-007,silence feedback reset,0.4903811938348271,0.3682625207594721,0.4034107630453353,0.49877145057126177,0.2520892357100669,0.3596309536781557,0.4234847021441829
358,52,1,PX-001,amplify identity fracture,0.5219622438534449,0.36358391444203136,0.4034107630453353,0.49877145057126177,0.2520892357100669,0.3596309536781557,0.4234847021441829
359,52,2,PX-002,fracture to access recursion,0.5219622438534449,0.3818101033171196,0.4034107630453353,0.5045126742985481,0.2520892357100669,0.3596309536781557,0.4234847021441829
360,52,3,PX-003,negation to lock formation,0.5315525401511861,0.3818101033171196,0.4012359347951203,0.5045126742985481,0.2520892357100669,0.3596309536781557,0.4234847021441829
361,52,4,PX-004,lagged temporal recursion,0.5315525401511861,0.3818101033171196,0.4012359347951203,0.4968889869334691,0.26695438058945337,0.3596309536781557,0.4234847021441829
362,52,5,PX-005,false signal injection,0.5315525401511861,0.3818101033171196,0.4012359347951203,0.4968889869334691,0.2850703496429562,0.3596309536781557,0.4234847021441829
363,52,6,PX-006,signal to unstable utterance,0.5315525401511861,0.3818101033171196,0.4012359347951203,0.4968889869334691,0.2850703496429562,0.35732406007387923,0.42803511571488734
364,52,7,PX-007,silence feedback reset,0.491011601585145,0.367342824409071,0.4012359347951203,0.4968889869334691,0.25146510912495024,0.35732406007387923,0.4210143786825115
365,53,1,PX-001,amplify identity fracture,0.5226540412801397,0.3627031260796091,0.4012359347951203,0.4968889869334691,0.25146510912495024,0.35732406007387923,0.4210143786825115
366,53,2,PX-002,fracture to access recursion,0.5226540412801397,0.38103153007762464,0.4012359347951203,0.5026400217066984,0.25146510912495024,0.35732406007387923,0.4210143786825115
367,53,3,PX-003,negation to lock formation,0.5321841017847976,0.38103153007762464,0.39929364983901444,0.5026400217066984,0.25146510912495024,0.35732406007387923,0.4210143786825115
368,53,4,PX-004,lagged temporal recursion,0.5321841017847976,0.38103153007762464,0.39929364983901444,0.4952597925277399,0.2662938785151323,0.35732406007387923,0.4210143786825115
369,53,5,PX-005,false signal injection,0.5321841017847976,0.38103153007762464,0.39929364983901444,0.4952597925277399,0.284323000868095,0.35732406007387923,0.4210143786825115
370,53,6,PX-006,signal to unstable utterance,0.5321841017847976,0.38103153007762464,0.39929364983901444,0.4952597925277399,0.284323000868095,0.35515185721303383,0.4255339834545015
371,53,7,PX-007,silence feedback reset,0.4918125546220537,0.3666773312443122,0.39929364983901444,0.4952597925277399,0.25099988837969006,0.35515185721303383,0.41857716634480074
372,54,1,PX-001,amplify identity fracture,0.5235072149114545,0.36207284849605864,0.39929364983901444,0.4952597925277399,0.25099988837969006,0.35515185721303383,0.41857716634480074
373,54,2,PX-002,fracture to access recursion,0.5235072149114545,0.38049585907381334,0.39929364983901444,0.5010213392932774,0.25099988837969006,0.35515185721303383,0.41857716634480074
374,54,3,PX-003,negation to lock formation,0.5329793799724184,0.38049585907381334,0.397578530352931,0.5010213392932774,0.25099988837969006,0.35515185721303383,0.41857716634480074
375,54,4,PX-004,lagged temporal recursion,0.5329793799724184,0.38049585907381334,0.397578530352931,0.4938728624671569,0.26579632154425575,0.35515185721303383,0.41857716634480074
376,54,5,PX-005,false signal injection,0.5329793799724184,0.38049585907381334,0.397578530352931,0.4938728624671569,0.283746792077164,0.35515185721303383,0.41857716634480074
377,54,6,PX-006,signal to unstable utterance,0.5329793799724184,0.38049585907381334,0.397578530352931,0.4938728624671569,0.283746792077164,0.35312336977331577,0.42306861982074645
378,54,7,PX-007,silence feedback reset,0.4927556168639131,0.36624333848837193,0.397578530352931,0.4938728624671569,0.25068029238461703,0.35312336977331577,0.4161972753756487
379,55,1,PX-001,amplify identity fracture,0.5244936224381856,0.36167045410027165,0.397578530352931,0.4938728624671569,0.25068029238461703,0.35312336977331577,0.4161972753756487
380,55,2,PX-002,fracture to access recursion,0.5244936224381856,0.38018037676579475,0.397578530352931,0.4996454506423158,0.25068029238461703,0.35312336977331577,0.4161972753756487
381,55,3,PX-003,negation to lock formation,0.53391062868381,0.38018037676579475,0.39608327837412316,0.4996454506423158,0.25068029238461703,0.35312336977331577,0.4161972753756487
382,55,4,PX-004,lagged temporal recursion,0.53391062868381,0.38018037676579475,0.39608327837412316,0.49271575121964595,0.265448357290273,0.35312336977331577,0.4161972753756487
383,55,5,PX-005,false signal injection,0.53391062868381,0.38018037676579475,0.39608327837412316,0.49271575121964595,0.2833282828881936,0.35312336977331577,0.4161972753756487
384,55,6,PX-006,signal to unstable utterance,0.53391062868381,0.38018037676579475,0.39608327837412316,0.49271575121964595,0.2833282828881936,0.35124490729341373,0.4206632472935858
385,55,7,PX-007,silence feedback reset,0.49381413183582273,0.3660184360045136,0.39608327837412316,0.49271575121964595,0.2504931689097575,0.35124490729341373,0.4138953690513721
386,56,1,PX-001,amplify identity fracture,0.5255869852534338,0.3614736359350228,0.39608327837412316,0.49271575121964595,0.2504931689097575,0.35124490729341373,0.4138953690513721
387,56,2,PX-002,fracture to access recursion,0.5255869852534338,0.3800627643896968,0.39608327837412316,0.4984997468373303,0.2504931689097575,0.35124490729341373,0.4138953690513721
388,56,3,PX-003,negation to lock formation,0.5349518744844745,0.3800627643896968,0.3947990017113439,0.4984997468373303,0.2504931689097575,0.35124490729341373,0.4138953690513721
389,56,4,PX-004,lagged temporal recursion,0.5349518744844745,0.3800627643896968,0.3947990017113439,0.4917748850894461,0.26523671433908386,0.35124490729341373,0.4138953690513721
390,56,5,PX-005,false signal injection,0.5349518744844745,0.3800627643896968,0.3947990017113439,0.4917748850894461,0.28305401963876914,0.35124490729341373,0.4138953690513721
391,56,6,PX-006,signal to unstable utterance,0.5349518744844745,0.3800627643896968,0.3947990017113439,0.4917748850894461,0.28305401963876914,0.3495203317668437,0.4183385188156708
392,56,7,PX-007,silence feedback reset,0.4949632632396634,0.3659806831114454,0.3947990017113439,0.4917748850894461,0.2504255749722359,0.3495203317668437,0.41168876411664374
393,57,1,PX-001,amplify identity fracture,0.5267629186563731,0.3614605790578239,0.3947990017113439,0.4917748850894461,0.2504255749722359,0.3495203317668437,0.41168876411664374
394,57,2,PX-002,fracture to access recursion,0.5267629186563731,0.38012126188180106,0.3947990017113439,0.49757050024944083,0.2504255749722359,0.3495203317668437,0.41168876411664374
395,57,3,PX-003,negation to lock formation,0.5360789576388288,0.38012126188180106,0.39371551172639907,0.49757050024944083,0.2504255749722359,0.3495203317668437,0.41168876411664374
396,57,4,PX-004,lagged temporal recursion,0.5360789576388288,0.38012126188180106,0.39371551172639907,0.49103584713607545,0.26514829148363767,0.3495203317668437,0.41168876411664374
397,57,5,PX-005,false signal injection,0.5360789576388288,0.38012126188180106,0.39371551172639907,0.49103584713607545,0.28291064218106093,0.3495203317668437,0.41168876411664374
398,57,6,PX-006,signal to unstable utterance,0.5360789576388288,0.38012126188180106,0.39371551172639907,0.49103584713607545,0.28291064218106093,0.3479513160930078,0.416111718958907
399,57,7,PX-007,silence feedback reset,0.49618002026458624,0.3661087575833064,0.39371551172639907,0.49103584713607545,0.2504648484476649,0.3479513160930078,0.40959164303182166
400,58,1,PX-001,amplify identity fracture,0.5279989454392591,0.3616101049568998,0.39371551172639907,0.49103584713607545,0.2504648484476649,0.3479513160930078,0.40959164303182166
401,58,2,PX-002,fracture to access recursion,0.5279989454392591,0.38033480571179595,0.39371551172639907,0.49684315060188855,0.2504648484476649,0.3479513160930078,0.40959164303182166
402,58,3,PX-003,negation to lock formation,0.5372695557775257,0.38033480571179595,0.39282159430318,0.49684315060188855,0.2504648484476649,0.3479513160930078,0.40959164303182166
403,58,4,PX-004,lagged temporal recursion,0.5372695557775257,0.38033480571179595,0.39282159430318,0.4904836354895814,0.2651702374900899,0.3479513160930078,0.40959164303182166
404,58,5,PX-005,false signal injection,0.5372695557775257,0.38033480571179595,0.39282159430318,0.4904836354895814,0.28288497933468043,0.3479513160930078,0.40959164303182166
405,58,6,PX-006,signal to unstable utterance,0.5372695557775257,0.38033480571179595,0.39282159430318,0.4904836354895814,0.28288497933468043,0.3465375919946369,0.41399697715991585
406,58,7,PX-007,silence feedback reset,0.49744326891501844,0.36638208087273283,0.39282159430318,0.4904836354895814,0.2505986726042277,0.3465375919946369,0.40761527386233076
407,59,1,PX-001,amplify identity fracture,0.5292744947398648,0.36190179290573715,0.39282159430318,0.4904836354895814,0.2505986726042277,0.3465375919946369,0.40761527386233076
408,59,2,PX-002,fracture to access recursion,0.5292744947398648,0.3806831442550229,0.39282159430318,0.4963025642403178,0.2505986726042277,0.3465375919946369,0.40761527386233076
409,59,3,PX-003,negation to lock formation,0.5385031919642255,0.3806831442550229,0.39210525545076297,0.4963025642403178,0.2505986726042277,0.3465375919946369,0.40761527386233076
410,59,4,PX-004,lagged temporal recursion,0.5385031919642255,0.3806831442550229,0.39210525545076297,0.49010289613375313,0.26529002304115357,0.3465375919946369,0.40761527386233076
411,59,5,PX-005,false signal injection,0.5385031919642255,0.3806831442550229,0.39210525545076297,0.49010289613375313,0.2829641346874098,0.3465375919946369,0.40761527386233076
412,59,6,PX-006,signal to unstable utterance,0.5385031919642255,0.3806831442550229,0.39210525545076297,0.49010289613375313,0.2829641346874098,0.34527718642505983,0.4120054888759294
413,59,7,PX-007,silence feedback reset,0.49873373029147106,0.3667809228007758,0.39210525545076297,0.49010289613375313,0.25081513464332134,0.34527718642505983,0.4057682342928548
414,60,1,PX-001,amplify identity fracture,0.530570887617085,0.36231608137826055,0.39210525545076297,0.49010289613375313,0.25081513464332134,0.34527718642505983,0.4057682342928548
415,60,2,PX-002,fracture to access recursion,0.530570887617085,0.38114693361307955,0.39210525545076297,0.4959332676616574,0.25081513464332134,0.34527718642505983,0.4057682342928548
416,60,3,PX-003,negation to lock formation,0.539761228613453,0.38114693361307955,0.39155394303161084,0.4959332676616574,0.25081513464332134,0.34527718642505983,0.4057682342928548
417,60,4,PX-004,lagged temporal recursion,0.539761228613453,0.38114693361307955,0.39155394303161084,0.4898781312938323,0.2654955059167034,0.34527718642505983,0.4057682342928548
418,60,5,PX-005,false signal injection,0.539761228613453,0.38114693361307955,0.39155394303161084,0.4898781312938323,0.2831355638902785,0.34527718642505983,0.4057682342928548
419,60,6,PX-006,signal to unstable utterance,0.539761228613453,0.38114693361307955,0.39155394303161084,0.4898781312938323,0.2831355638902785,0.3441666458100837,0.4101457411378183
420,60,7,PX-007,silence feedback reset,0.5000339665433922,0.3672864882817068,0.39155394303161084,0.4898781312938323,0.2511027788523265,0.3441666458100837,0.40405663681057447
421,61,1,PX-001,amplify identity fracture,0.531871310507976,0.3628343519856746,0.39155394303161084,0.4898781312938323,0.2511027788523265,0.3441666458100837,0.40405663681057447
422,61,2,PX-002,fracture to access recursion,0.531871310507976,0.38170781618675553,0.39155394303161084,0.4957196564286204,0.2511027788523265,0.3441666458100837,0.40405663681057447
423,61,3,PX-003,negation to lock formation,0.5410268484417539,0.38170781618675553,0.39115474608969986,0.4957196564286204,0.2511027788523265,0.3441666458100837,0.40405663681057447
424,61,4,PX-004,lagged temporal recursion,0.5410268484417539,0.38170781618675553,0.39115474608969986,0.48979388459604173,0.2657749900166905,0.3441666458100837,0.40405663681057447
425,61,5,PX-005,false signal injection,0.5410268484417539,0.38170781618675553,0.39115474608969986,0.48979388459604173,0.2833871441668461,0.3441666458100837,0.40405663681057447
426,61,6,PX-006,signal to unstable utterance,0.5410268484417539,0.38170781618675553,0.39115474608969986,0.48979388459604173,0.2833871441668461,0.34320124771463023,0.4084237395187167
427,61,7,PX-007,silence feedback reset,0.5013283550984644,0.3678809880921504,0.39115474608969986,0.48979388459604173,0.251450654616836,0.34320124771463023,0.40248435258193327
428,62,1,PX-001,amplify identity fracture,0.5331607775281518,0.3634389978525663,0.39115474608969986,0.48979388459604173,0.251450654616836,0.34320124771463023,0.40248435258193327
429,62,2,PX-002,fracture to access recursion,0.5331607775281518,0.38234848381111763,0.39115474608969986,0.49564618063571764,0.251450654616836,0.34320124771463023,0.40248435258193327
430,62,3,PX-003,negation to lock formation,0.5422850234591436,0.38234848381111763,0.3908945731971801,0.49564618063571764,0.251450654616836,0.34320124771463023,0.40248435258193327
431,62,4,PX-004,lagged temporal recursion,0.5422850234591436,0.38234848381111763,0.3908945731971801,0.48983490417420644,0.2661172784914531,0.34320124771463023,0.40248435258193327
432,62,5,PX-005,false signal injection,0.5422850234591436,0.38234848381111763,0.3908945731971801,0.48983490417420644,0.2837072364340851,0.34320124771463023,0.40248435258193327
433,62,6,PX-006,signal to unstable utterance,0.5422850234591436,0.38234848381111763,0.3908945731971801,0.48983490417420644,0.2837072364340851,0.34237519970877056,0.4068432340030127
434,62,7,PX-007,silence feedback reset,0.5026030517366153,0.368547695246191,0.3908945731971801,0.48983490417420644,0.2518483592857658,0.34237519970877056,0.40105323195580733
435,63,1,PX-001,amplify identity fracture,0.5344260824637365,0.3641134779169406,0.3908945731971801,0.48983490417420644,0.2518483592857658,0.34237519970877056,0.40105323195580733
436,63,2,PX-002,fracture to access recursion,0.5344260824637365,0.3830527268720279,0.3908945731971801,0.49569750810753643,0.2518483592857658,0.34237519970877056,0.40105323195580733
437,63,3,PX-003,negation to lock formation,0.5435224729079212,0.3830527268720279,0.39076031115837967,0.49569750810753643,0.2518483592857658,0.34237519970877056,0.40105323195580733
438,63,4,PX-004,lagged temporal recursion,0.5435224729079212,0.3830527268720279,0.39076031115837967,0.4899862848926593,0.26651172100456244,0.34237519970877056,0.40105323195580733
439,63,5,PX-005,false signal injection,0.5435224729079212,0.3830527268720279,0.39076031115837967,0.4899862848926593,0.2840847402012397,0.34237519970877056,0.40105323195580733
440,63,6,PX-006,signal to unstable utterance,0.5435224729079212,0.3830527268720279,0.39076031115837967,0.4899862848926593,0.2840847402012397,0.34168182534471603,0.40540594163991084
441,63,7,PX-007,silence feedback reset,0.5038459430993493,0.36927098819179377,0.39076031115837967,0.4899862848926593,0.2522860757182505,0.34168182534471603,0.39976331987198654
442,64,1,PX-001,amplify identity fracture,0.5356557412531837,0.364842358306635,0.39076031115837967,0.4899862848926593,0.2522860757182505,0.34168182534471603,0.39976331987198654
443,64,2,PX-002,fracture to access recursion,0.5356557412531837,0.3838054705265072,0.39076031115837967,0.4958586665097116,0.2522860757182505,0.34168182534471603,0.39976331987198654
444,64,3,PX-003,negation to lock formation,0.544727611013918,0.3838054705265072,0.39073896531929175,0.4958586665097116,0.2522860757182505,0.34168182534471603,0.39976331987198654
445,64,4,PX-004,lagged temporal recursion,0.544727611013918,0.3838054705265072,0.39073896531929175,0.4902335908410903,0.26694825499915154,0.34168182534471603,0.39976331987198654
446,64,5,PX-005,false signal injection,0.544727611013918,0.3838054705265072,0.39073896531929175,0.4902335908410903,0.2845091412610975,0.34168182534471603,0.39976331987198654
447,64,6,PX-006,signal to unstable utterance,0.544727611013918,0.3838054705265072,0.39073896531929175,0.4902335908410903,0.2845091412610975,0.34111373725708305,0.4041117642070573
448,64,7,PX-007,silence feedback reset,0.5050465892878823,0.37003638178792503,0.39073896531929175,0.4902335908410903,0.2527546042520637,0.34111373725708305,0.39861306474674
449,65,1,PX-001,amplify identity fracture,0.53683992575431,0.3656113417015566,0.39073896531929175,0.4902335908410903,0.2527546042520637,0.34111373725708305,0.39861306474674
450,65,2,PX-002,fracture to access recursion,0.53683992575431,0.38459279893480286,0.39073896531929175,0.4961151655441314,0.2527546042520637,0.34111373725708305,0.39861306474674
451,65,3,PX-003,negation to lock formation,0.5458904854154821,0.38459279893480286,0.3908177826386238,0.4961151655441314,0.2527546042520637,0.34111373725708305,0.39861306474674
452,65,4,PX-004,lagged temporal recursion,0.5458904854154821,0.38459279893480286,0.3908177826386238,0.4905629592407157,0.267417440756748,0.34111373725708305,0.39861306474674
453,65,5,PX-005,false signal injection,0.5458904854154821,0.38459279893480286,0.3908177826386238,0.4905629592407157,0.2849705521033576,0.34111373725708305,0.39861306474674
454,65,6,PX-006,signal to unstable utterance,0.5458904854154821,0.38459279893480286,0.3908177826386238,0.4905629592407157,0.2849705521033576,0.34066299747303014,0.4029589994012989
455,65,7,PX-007,silence feedback reset,0.5061961572913508,0.3708305468440513,0.3908177826386238,0.4905629592407157,0.25324538880632136,0.34066299747303014,0.39759951965555096
456,66,1,PX-001,amplify identity fracture,0.5379703896209094,0.36640728542508727,0.3908177826386238,0.4905629592407157,0.25324538880632136,0.34066299747303014,0.39759951965555096
457,66,2,PX-002,fracture to access recursion,0.5379703896209094,0.3854019682678114,0.3908177826386238,0.4964531003872304,0.25324538880632136,0.34066299747303014,0.39759951965555096
458,66,3,PX-003,negation to lock formation,0.5470027071640874,0.3854019682678114,0.39098435858979064,0.4964531003872304,0.25324538880632136,0.34066299747303014,0.39759951965555096
459,66,4,PX-004,lagged temporal recursion,0.5470027071640874,0.3854019682678114,0.39098435858979064,0.4909611868851721,0.2679104900152663,0.34066299747303014,0.39759951965555096
460,66,5,PX-005,false signal injection,0.5470027071640874,0.3854019682678114,0.39098435858979064,0.4909611868851721,0.28545974495082205,0.34066299747303014,0.39759951965555096
461,66,6,PX-006,signal to unstable utterance,0.5470027071640874,0.3854019682678114,0.39098435858979064,0.4909611868851721,0.28545974495082205,0.3403212650746488,0.40194454432344245
462,66,7,PX-007,silence feedback reset,0.5072873460857226,0.37164131889183893,0.39098435858979064,0.4909611868851721,0.2537505368540926,0.3403212650746488,0.39671853484470637
463,67,1,PX-001,amplify identity fracture,0.5390403871614009,0.3672182089062832,0.39098435858979064,0.4909611868851721,0.2537505368540926,0.3403212650746488,0.39671853484470637
464,67,2,PX-002,fracture to access recursion,0.5390403871614009,0.38622140916761605,0.39098435858979064,0.4968592375168387,0.2537505368540926,0.3403212650746488,0.39671853484470637
465,67,3,PX-003,negation to lock formation,0.5480573732353788,0.38622140916761605,0.39122672888634014,0.4968592375168387,0.2537505368540926,0.3403212650746488,0.39671853484470637
466,67,4,PX-004,lagged temporal recursion,0.5480573732353788,0.38622140916761605,0.39122672888634014,0.4914158002256429,0.2684192879380847,0.3403212650746488,0.39671853484470637
467,67,5,PX-005,false signal injection,0.5480573732353788,0.38622140916761605,0.39122672888634014,0.4914158002256429,0.28596817733514734,0.3403212650746488,0.39671853484470637
468,67,6,PX-006,signal to unstable utterance,0.5480573732353788,0.38622140916761605,0.39122672888634014,0.4914158002256429,0.28596817733514734,0.3400799313997021,0.40106409023910145
469,67,7,PX-007,silence feedback reset,0.5083143043438646,0.3724576968006209,0.39122672888634014,0.4914158002256429,0.2542628330617524,0.3400799313997021,0.3959649407852659
470,68,1,PX-001,amplify identity fracture,0.5400445861081655,0.36803329110486066,0.39122672888634014,0.4914158002256429,0.2542628330617524,0.3400799313997021,0.3959649407852659
471,68,2,PX-002,fracture to access recursion,0.5400445861081655,0.3870407192996045,0.39122672888634014,0.49732108406079534,0.2542628330617524,0.3400799313997021,0.3959649407852659
472,68,3,PX-003,negation to lock formation,0.5490489825405862,0.3870407192996045,0.3915334469587602,0.49732108406079534,0.2542628330617524,0.3400799313997021,0.3959649407852659
473,68,4,PX-004,lagged temporal recursion,0.5490489825405862,0.3870407192996045,0.3915334469587602,0.4919151101985709,0.26893640828789633,0.3400799313997021,0.3959649407852659
474,68,5,PX-005,false signal injection,0.5490489825405862,0.3870407192996045,0.3915334469587602,0.4919151101985709,0.2864880101796487,0.3400799313997021,0.3959649407852659
475,68,6,PX-006,signal to unstable utterance,0.5490489825405862,0.3870407192996045,0.3915334469587602,0.4919151101985709,0.2864880101796487,0.33993024300343244,0.4003123077847499
476,68,7,PX-007,silence feedback reset,0.5092725417885744,0.3732698318318262,0.3915334469587602,0.4919151101985709,0.25477574648084134,0.33993024300343244,0.3953327211410238
477,69,1,PX-001,amplify identity fracture,0.5409789752815805,0.36884285848168835,0.3915334469587602,0.4919151101985709,0.25477574648084134,0.33993024300343244,0.3953327211410238
478,69,2,PX-002,fracture to access recursion,0.5409789752815805,0.3878506466308863,0.3915334469587602,0.4978269417901569,0.25477574648084134,0.33993024300343244,0.3953327211410238
479,69,3,PX-003,negation to lock formation,0.5499733464772246,0.3878506466308863,0.39189364805944127,0.4978269417901569,0.25477574648084134,0.33993024300343244,0.3953327211410238
480,69,4,PX-004,lagged temporal recursion,0.5499733464772246,0.3878506466308863,0.39189364805944127,0.4924482528857921,0.2694551217469865,0.33993024300343244,0.3953327211410238
481,69,5,PX-005,false signal injection,0.5499733464772246,0.3878506466308863,0.39189364805944127,0.4924482528857921,0.28701211843260904,0.33993024300343244,0.3953327211410238
482,69,6,PX-006,signal to unstable utterance,0.5499733464772246,0.3878506466308863,0.39189364805944127,0.4924482528857921,0.28701211843260904,0.33986341263739545,0.39968302195245353
483,69,7,PX-007,silence feedback reset,0.5101588352963601,0.3740690077421406,0.39189364805944127,0.4924482528857921,0.255283431285127,0.33986341263739545,0.39481517516147246
484,70,1,PX-001,amplify identity fracture,0.5418407681801586,0.36963836411771483,0.39189364805944127,0.4924482528857921,0.255283431285127,0.33986341263739545,0.39481517516147246
485,70,2,PX-002,fracture to access recursion,0.5418407681801586,0.3886430640913174,0.39189364805944127,0.4983659468712931,0.255283431285127,0.33986341263739545,0.39481517516147246
486,70,3,PX-003,negation to lock formation,0.5508274950983345,0.3886430640913174,0.3922971008345724,0.4983659468712931,0.255283431285127,0.33986341263739545,0.39481517516147246
487,70,4,PX-004,lagged temporal recursion,0.5508274950983345,0.3886430640913174,0.3922971008345724,0.49300521709032513,0.2699693974303285,0.33986341263739545,0.39481517516147246
488,70,5,PX-005,false signal injection,0.5508274950983345,0.3886430640913174,0.3922971008345724,0.49300521709032513,0.28753409438692024,0.33986341263739545,0.39481517516147246
489,70,6,PX-006,signal to unstable utterance,0.5508274950983345,0.3886430640913174,0.3922971008345724,0.49300521709032513,0.28753409438692024,0.3398707185336646,0.3991693763330475
490,70,7,PX-007,silence feedback reset,0.5109711309154265,0.3748476125807366,0.3922971008345724,0.49300521709032513,0.2557807211617758,0.3398707185336646,0.39440506913560175
491,71,1,PX-001,amplify identity fracture,0.5426283035623187,0.37041235862408,0.3922971008345724,0.49300521709032513,0.2557807211617758,0.3398707185336646,0.39440506913560175
492,71,2,PX-002,fracture to access recursion,0.5426283035623187,0.38941093631120965,0.3922971008345724,0.4989280964838578,0.2557807211617758,0.3398707185336646,0.39440506913560175
493,71,3,PX-003,negation to lock formation,0.5516095800063181,0.38941093631120965,0.3927342471758359,0.4989280964838578,0.2557807211617758,0.3398707185336646,0.39440506913560175
494,71,4,PX-004,lagged temporal recursion,0.5516095800063181,0.38941093631120965,0.3927342471758359,0.49357685990530165,0.27047389775097413,0.3398707185336646,0.39440506913560175
495,71,5,PX-005,false signal injection,0.5516095800063181,0.38941093631120965,0.3927342471758359,0.49357685990530165,0.288048243922753,0.3398707185336646,0.39440506913560175
496,71,6,PX-006,signal to unstable utterance,0.5516095800063181,0.38941093631120965,0.3927342471758359,0.49357685990530165,0.288048243922753,0.33994359231585275,0.39876398622952214
497,71,7,PX-007,silence feedback reset,0.5117084429935177,0.37559910287364684,0.3927342471758359,0.49357685990530165,0.256263117583394,0.33994359231585275,0.39409477665587256
498,72,1,PX-001,amplify identity fracture,0.5433409441024988,0.37115845353687277,0.3927342471758359,0.49357685990530165,0.256263117583394,0.33994359231585275,0.39409477665587256
499,72,2,PX-002,fracture to access recursion,0.5433409441024988,0.39014827917572203,0.3927342471758359,0.49950426340458304,0.256263117583394,0.33994359231585275,0.39409477665587256
500,72,3,PX-003,negation to lock formation,0.5523187750874512,0.39014827917572203,0.39319623114920016,0.49950426340458304,0.256263117583394,0.33994359231585275,0.39409477665587256
501,72,4,PX-004,lagged temporal recursion,0.5523187750874512,0.39014827917572203,0.39319623114920016,0.4941549113473316,0.27096396691124675,0.33994359231585275,0.39409477665587256
502,72,5,PX-005,false signal injection,0.5523187750874512,0.39014827917572203,0.39319623114920016,0.4941549113473316,0.28854957601232556,0.33994359231585275,0.39409477665587256
503,72,6,PX-006,signal to unstable utterance,0.5523187750874512,0.39014827917572203,0.39319623114920016,0.4941549113473316,0.28854957601232556,0.3400736958929402,0.39845908037300914
504,72,7,PX-007,silence feedback reset,0.5123707516184696,0.3763179609406316,0.39319623114920016,0.4941549113473316,0.25672677230067514,0.3400736958929402,0.3938764075463299
505,73,1,PX-001,amplify identity fracture,0.54397897420243,0.3718712779441179,0.39319623114920016,0.4941549113473316,0.25672677230067514,0.3400736958929402,0.3938764075463299
506,73,2,PX-002,fracture to access recursion,0.54397897420243,0.39085011298318406,0.39319623114920016,0.5000861996488881,0.25672677230067514,0.3400736958929402,0.3938764075463299
507,73,3,PX-003,negation to lock formation,0.5529551761945155,0.39085011298318406,0.3936749177907477,0.5000861996488881,0.25672677230067514,0.3400736958929402,0.3938764075463299
508,73,4,PX-004,lagged temporal recursion,0.5529551761945155,0.39085011298318406,0.3936749177907477,0.4947319691176368,0.2714356134019595,0.3400736958929402,0.3938764075463299
509,73,5,PX-005,false signal injection,0.5529551761945155,0.39085011298318406,0.3936749177907477,0.4947319691176368,0.2890337859237681,0.3400736958929402,0.3938764075463299
510,73,6,PX-006,signal to unstable utterance,0.5529551761945155,0.39085011298318406,0.3936749177907477,0.4947319691176368,0.2890337859237681,0.34025298772794466,0.3982466310852167
511,73,7,PX-007,silence feedback reset,0.5129588995563994,0.3769996461403702,0.3936749177907477,0.4947319691176368,0.2571684644981817,0.34025298772794466,0.3937419254062913
512,74,1,PX-001,amplify identity fracture,0.5445434980166073,0.3725464291439062,0.3936749177907477,0.4947319691176368,0.2571684644981817,0.34025298772794466,0.3937419254062913
513,74,2,PX-002,fracture to access recursion,0.5445434980166073,0.3915124100376249,0.3936749177907477,0.5006665302522083,0.2571684644981817,0.34025298772794466,0.3937419254062913
514,74,3,PX-003,negation to lock formation,0.5535197008571406,0.3915124100376249,0.39416290255795455,0.5006665302522083,0.2571684644981817,0.34025298772794466,0.3937419254062913
515,74,4,PX-004,lagged temporal recursion,0.5535197008571406,0.3915124100376249,0.39416290255795455,0.49530148454327616,0.2718854869901662,0.34025298772794466,0.3937419254062913
516,74,5,PX-005,false signal injection,0.5535197008571406,0.3915124100376249,0.39416290255795455,0.49530148454327616,0.2894972326496726,0.34025298772794466,0.3937419254062913
517,74,6,PX-006,signal to unstable utterance,0.5535197008571406,0.3915124100376249,0.39416290255795455,0.49530148454327616,0.2894972326496726,0.3404737789105663,0.39811847283497015
518,74,7,PX-007,silence feedback reset,0.5134744898305394,0.3776405408833833,0.39416290255795455,0.49530148454327616,0.2575855731442887,0.3404737789105663,0.39368325381246794
519,75,1,PX-001,amplify identity fracture,0.545036338709678,0.3731804181761892,0.39416290255795455,0.49530148454327616,0.2575855731442887,0.3404737789105663,0.39368325381246794
520,75,2,PX-002,fracture to access recursion,0.545036338709678,0.39213203754021675,0.39416290255795455,0.5012387382595632,0.2575855731442887,0.3404737789105663,0.39368325381246794
521,75,3,PX-003,negation to lock formation,0.5540139890528668,0.39213203754021675,0.39465351222676737,0.5012387382595632,0.2575855731442887,0.3404737789105663,0.39368325381246794
522,75,4,PX-004,lagged temporal recursion,0.5540139890528668,0.39213203754021675,0.39465351222676737,0.49585774073561395,0.27231085075989664,0.3404737789105663,0.39368325381246794
523,75,5,PX-005,false signal injection,0.5540139890528668,0.39213203754021675,0.39465351222676737,0.49585774073561395,0.2899369111614033,0.3404737789105663,0.39368325381246794
524,75,6,PX-006,signal to unstable utterance,0.5540139890528668,0.39213203754021675,0.39465351222676737,0.49585774073561395,0.2899369111614033,0.340728779500259,0.39806640923362957
525,75,7,PX-007,silence feedback reset,0.5139197850198701,0.37823789228495086,0.39465351222676737,0.49585774073561395,0.25797604513761835,0.340728779500259,0.3936923713083328
526,76,1,PX-001,amplify identity fracture,0.5454599399039473,0.373770611102981,0.39465351222676737,0.49585774073561395,0.25797604513761835,0.340728779500259,0.3936923713083328
527,76,2,PX-002,fracture to access recursion,0.5454599399039473,0.39270669666704094,0.39465351222676737,0.5017971419741932,0.25797604513761835,0.340728779500259,0.3936923713083328
528,76,3,PX-003,negation to lock formation,0.5544403060080474,0.39270669666704094,0.39514079802789953,0.5017971419741932,0.25797604513761835,0.340728779500259,0.3936923713083328
529,76,4,PX-004,lagged temporal recursion,0.5544403060080474,0.39270669666704094,0.39514079802789953,0.49639582398294924,0.2727095488371783,0.340728779500259,0.3936923713083328
530,76,5,PX-005,false signal injection,0.5544403060080474,0.39270669666704094,0.39514079802789953,0.49639582398294924,0.29035042014994467,0.340728779500259,0.3936923713083328
531,76,6,PX-006,signal to unstable utterance,0.5544403060080474,0.39270669666704094,0.39514079802789953,0.49639582398294924,0.29035042014994467,0.3410111356426718,0.39808230860506455
532,76,7,PX-007,silence feedback reset,0.5142976092737911,0.37878975034975826,0.39514079802789953,0.49639582398294924,0.2583383599046389,0.3410111356426718,0.3937613953902164
533,77,1,PX-001,amplify identity fracture,0.5458172701995243,0.3743151669300413,0.39514079802789953,0.49639582398294924,0.2583383599046389,0.3410111356426718,0.3937613953902164
534,77,2,PX-002,fracture to access recursion,0.5458172701995243,0.3932348587295023,0.39514079802789953,0.5023368654932988,0.2583383599046389,0.3410111356426718,0.3937613953902164
535,77,3,PX-003,negation to lock formation,0.5548014479186049,0.3932348587295023,0.3956195218178982,0.5023368654932988,0.2583383599046389,0.3410111356426718,0.3937613953902164
536,77,4,PX-004,lagged temporal recursion,0.5548014479186049,0.3932348587295023,0.3956195218178982,0.4969115893682894,0.27307997047877003,0.3410111356426718,0.3937613953902164
537,77,5,PX-005,false signal injection,0.5548014479186049,0.3932348587295023,0.3956195218178982,0.4969115893682894,0.2907359259563473,0.3410111356426718,0.3937613953902164
538,77,6,PX-006,signal to unstable utterance,0.5548014479186049,0.3932348587295023,0.3956195218178982,0.4969115893682894,0.2907359259563473,0.34131445799689497,0.39815818835068106
539,77,7,PX-007,silence feedback reset,0.5146112539404485,0.3792949035845362,0.3956195218178982,0.4969115893682894,0.2586714911357905,0.34131445799689497,0.3938826557748481
540,78,1,PX-001,amplify identity fracture,0.546111731560454,0.37481297306616396,0.3956195218178982,0.4969115893682894,0.2586714911357905,0.34131445799689497,0.3938826557748481
541,78,2,PX-002,fracture to access recursion,0.546111731560454,0.393715699307822,0.3956195218178982,0.5028538035304552,0.2586714911357905,0.34131445799689497,0.3938826557748481
542,78,3,PX-003,negation to lock formation,0.5551006513889517,0.393715699307822,0.3960851360799131,0.5028538035304552,0.2586714911357905,0.34131445799689497,0.3938826557748481
543,78,4,PX-004,lagged temporal recursion,0.5551006513889517,0.393715699307822,0.3960851360799131,0.4974016215712506,0.27342101123283274,0.34131445799689497,0.3938826557748481
544,78,5,PX-005,false signal injection,0.5551006513889517,0.393715699307822,0.3960851360799131,0.4974016215712506,0.2910921234190506,0.34131445799689497,0.3938826557748481
545,78,6,PX-006,signal to unstable utterance,0.5551006513889517,0.393715699307822,0.3960851360799131,0.4974016215712506,0.2910921234190506,0.34163284204225713,0.3982862884085569
546,78,7,PX-007,silence feedback reset,0.5148643875957037,0.3797528129239754,0.3960851360799131,0.4974016215712506,0.2589748663607785,0.34163284204225713,0.394048757302521
547,79,1,PX-001,amplify identity fracture,0.5463470722604608,0.37526357920353054,0.3960851360799131,0.4974016215712506,0.2589748663607785,0.34163284204225713,0.394048757302521
548,79,2,PX-002,fracture to access recursion,0.5463470722604608,0.3941490312272047,0.3960851360799131,0.5033445814898723,0.2589748663607785,0.34163284204225713,0.394048757302521
549,79,3,PX-003,negation to lock formation,0.5553415072860192,0.3941490312272047,0.39653375854426126,0.5033445814898723,0.2589748663607785,0.34163284204225713,0.394048757302521
550,79,4,PX-004,lagged temporal recursion,0.5553415072860192,0.3941490312272047,0.39653375854426126,0.4978631917749259,0.27373203188954104,0.34163284204225713,0.394048757302521
551,79,5,PX-005,false signal injection,0.5553415072860192,0.3941490312272047,0.39653375854426126,0.4978631917749259,0.2914181943717259,0.34163284204225713,0.394048757302521
552,79,6,PX-006,signal to unstable utterance,0.5553415072860192,0.3941490312272047,0.39653375854426126,0.4978631917749259,0.2914181943717259,0.3419608808604602,0.39845913417770995
553,79,7,PX-007,silence feedback reset,0.5150609711408844,0.3801635448289759,0.39653375854426126,0.4978631917749259,0.25924832505859113,0.3419608808604602,0.3942526328932597
554,80,1,PX-001,amplify identity fracture,0.5465273049748589,0.37566713047461014,0.39653375854426126,0.4978631917749259,0.25924832505859113,0.3419608808604602,0.3942526328932597
555,80,2,PX-002,fracture to access recursion,0.5465273049748589,0.39453523721112227,0.39653375854426126,0.5038065117172913,0.25924832505859113,0.3419608808604602,0.3942526328932597
556,80,3,PX-003,negation to lock formation,0.5555278795973763,0.39453523721112227,0.3969621422087328,0.5038065117172913,0.25924832505859113,0.3419608808604602,0.3942526328932597
557,80,4,PX-004,lagged temporal recursion,0.5555278795973763,0.39453523721112227,0.3969621422087328,0.4982942115544439,0.2740128159314937,0.3419608808604602,0.3942526328932597
558,80,5,PX-005,false signal injection,0.5555278795973763,0.39453523721112227,0.3969621422087328,0.4982942115544439,0.29171376451475367,0.3419608808604602,0.3942526328932597
559,80,6,PX-006,signal to unstable utterance,0.5555278795973763,0.39453523721112227,0.3969621422087328,0.4982942115544439,0.29171376451475367,0.34229367101063984,0.39866958934345637
560,80,7,PX-007,silence feedback reset,0.5152051785141327,0.3805277043758144,0.3969621422087328,0.4982942115544439,0.25949207597604895,0.34229367101063984,0.3944875870297935
561,81,1,PX-001,amplify identity fracture,0.5466566304939281,0.37602430069889836,0.3969621422087328,0.4982942115544439,0.25949207597604895,0.34229367101063984,0.3944875870297935
562,81,2,PX-002,fracture to access recursion,0.5466566304939281,0.39487520299793527,0.3969621422087328,0.5042375468061743,0.25949207597604895,0.34229367101063984,0.3944875870297935
563,81,3,PX-003,negation to lock formation,0.5556638297709504,0.39487520299793527,0.3973676415224014,0.5042375468061743,0.25949207597604895,0.34229367101063984,0.3944875870297935
564,81,4,PX-004,lagged temporal recursion,0.5556638297709504,0.39487520299793527,0.3973676415224014,0.4986931845742746,0.2742635261694085,0.34229367101063984,0.3944875870297935
565,81,5,PX-005,false signal injection,0.5556638297709504,0.39487520299793527,0.3973676415224014,0.4986931845742746,0.291978859357576,0.34229367101063984,0.3944875870297935
566,81,6,PX-006,signal to unstable utterance,0.5556638297709504,0.39487520299793527,0.3973676415224014,0.4986931845742746,0.291978859357576,0.3426268121307487,0.3989108990972473
567,81,7,PX-007,silence feedback reset,0.5153013234358952,0.38084636910162156,0.3973676415224014,0.4986931845742746,0.2597066542924476,0.3426268121307487,0.3947473302902705
568,82,1,PX-001,amplify identity fracture,0.5467393674206805,0.3763362264780133,0.3973676415224014,0.4986931845742746,0.2597066542924476,0.3426268121307487,0.3947473302902705
569,82,2,PX-002,fracture to access recursion,0.5467393674206805,0.39517025164749414,0.3973676415224014,0.5046362307864062,0.2597066542924476,0.3426268121307487,0.3947473302902705
570,82,3,PX-003,negation to lock formation,0.5557535469018144,0.39517025164749414,0.3977481754741381,0.5046362307864062,0.2597066542924476,0.3426268121307487,0.3947473302902705
571,82,4,PX-004,lagged temporal recursion,0.5557535469018144,0.39517025164749414,0.3977481754741381,0.4990591568667202,0.2744846612101618,0.3426268121307487,0.3947473302902705
572,82,5,PX-005,false signal injection,0.5557535469018144,0.39517025164749414,0.3977481754741381,0.4990591568667202,0.29221385988995024,0.3426268121307487,0.3947473302902705
573,82,6,PX-006,signal to unstable utterance,0.5557535469018144,0.39517025164749414,0.3977481754741381,0.4990591568667202,0.29221385988995024,0.34295640090793006,0.3991767242938708
574,82,7,PX-007,silence feedback reset,0.5153537924870745,0.3811210243076032,0.3977481754741381,0.4990591568667202,0.2598928792196164,0.34295640090793006,0.3950260054950623
575,83,1,PX-001,amplify identity fracture,0.5467798881052792,0.37660444283233063,0.3977481754741381,0.4990591568667202,0.2598928792196164,0.34295640090793006,0.3950260054950623
576,83,2,PX-002,fracture to access recursion,0.5467798881052792,0.3954220796954689,0.3977481754741381,0.505001648966605,0.2598928792196164,0.34295640090793006,0.3950260054950623
577,83,3,PX-003,negation to lock formation,0.5558012840215781,0.3954220796954689,0.3981021882980561,0.505001648966605,0.2598928792196164,0.34295640090793006,0.3950260054950623
578,83,4,PX-004,lagged temporal recursion,0.5558012840215781,0.3954220796954689,0.3981021882980561,0.49939166640524746,0.2746770123542126,0.34295640090793006,0.3950260054950623
579,83,5,PX-005,false signal injection,0.5558012840215781,0.3954220796954689,0.3981021882980561,0.49939166640524746,0.2924194585898709,0.34295640090793006,0.3950260054950623
580,83,6,PX-006,signal to unstable utterance,0.5558012840215781,0.3954220796954689,0.3981021882980561,0.49939166640524746,0.2924194585898709,0.3432790200629747,0.3994611671301202
581,83,7,PX-007,silence feedback reset,0.5153669847013902,0.3813535004489221,0.3981021882980561,0.49939166640524746,0.26005181256913107,0.3432790200629747,0.3953182060653771
582,84,1,PX-001,amplify identity fracture,0.5467825609619239,0.37683082099869547,0.3981021882980561,0.49939166640524746,0.26005181256913107,0.3432790200629747,0.3953182060653771
583,84,2,PX-002,fracture to access recursion,0.5467825609619239,0.3956326957371785,0.3981021882980561,0.5053333771411052,0.26005181256913107,0.3432790200629747,0.3953182060653771
584,84,3,PX-003,negation to lock formation,0.5558113006405062,0.3956326957371785,0.3984286084730187,0.5053333771411052,0.26005181256913107,0.3432790200629747,0.3953182060653771
585,84,4,PX-004,lagged temporal recursion,0.5558113006405062,0.3956326957371785,0.3984286084730187,0.4996906926242366,0.27484162146046626,0.3432790200629747,0.3953182060653771
586,84,5,PX-005,false signal injection,0.5558113006405062,0.3956326957371785,0.3984286084730187,0.4996906926242366,0.29259661631707756,0.3432790200629747,0.3953182060653771
587,84,6,PX-006,signal to unstable utterance,0.5558113006405062,0.3956326957371785,0.3984286084730187,0.4996906926242366,0.29259661631707756,0.343591722989465,0.39975878896172984
588,84,7,PX-007,silence feedback reset,0.5153452577438876,0.3815459131614223,0.3984286084730187,0.4996906926242366,0.26018471875418,0.343591722989465,0.39561898721653954
589,85,1,PX-001,amplify identity fracture,0.5467516992139141,0.37701750892917635,0.3984286084730187,0.4996906926242366,0.26018471875418,0.343591722989465,0.39561898721653954
590,85,2,PX-002,fracture to access recursion,0.5467516992139141,0.3958043619419317,0.3984286084730187,0.5056314308096208,0.26018471875418,0.343591722989465,0.39561898721653954
591,85,3,PX-003,negation to lock formation,0.555787811593573,0.3958043619419317,0.3987268066526575,0.5056314308096208,0.26018471875418,0.343591722989465,0.39561898721653954
592,85,4,PX-004,lagged temporal recursion,0.555787811593573,0.3958043619419317,0.3987268066526575,0.49995660647231965,0.27497974025130095,0.343591722989465,0.39561898721653954
593,85,5,PX-005,false signal injection,0.555787811593573,0.3958043619419317,0.3987268066526575,0.49995660647231965,0.29274652057611117,0.343591722989465,0.39561898721653954
594,85,6,PX-006,signal to unstable utterance,0.555787811593573,0.3958043619419317,0.3987268066526575,0.49995660647231965,0.29274652057611117,0.3438920146769537,0.4000646208994695
595,85,7,PX-007,silence feedback reset,0.5152928806471343,0.3817006063927798,0.3987268066526575,0.49995660647231965,0.260293026625277,0.3438920146769537,0.3959238706256779
596,86,1,PX-001,amplify identity fracture,0.5466915160205584,0.37716687494768386,0.3987268066526575,0.49995660647231965,0.260293026625277,0.3438920146769537,0.3959238706256779
597,86,2,PX-002,fracture to access recursion,0.5466915160205584,0.39593953891560796,0.3987268066526575,0.5058962149924541,0.260293026625277,0.3438920146769537,0.3959238706256779
598,86,3,PX-003,negation to lock formation,0.5557349421508783,0.39593953891560796,0.3989965531167963,0.5058962149924541,0.260293026625277,0.3438920146769537,0.3959238706256779
599,86,4,PX-004,lagged temporal recursion,0.5557349421508783,0.39593953891560796,0.3989965531167963,0.5001901215207307,0.27509279146135834,0.3438920146769537,0.3959238706256779
600,86,5,PX-005,false signal injection,0.5557349421508783,0.39593953891560796,0.3989965531167963,0.5001901215207307,0.29287054556422387,0.3438920146769537,0.3959238706256779
601,86,6,PX-006,signal to unstable utterance,0.5557349421508783,0.39593953891560796,0.3989965531167963,0.5001901215207307,0.29287054556422387,0.3441778295298516,0.4003741678408362
602,86,7,PX-007,silence feedback reset,0.5152139929867937,0.38182009902146224,0.3989965531167963,0.5001901215207307,0.2603782934690397,0.3441778295298516,0.39622884322231444
603,87,1,PX-001,amplify identity fracture,0.5466060858569044,0.3772814549368332,0.3989965531167963,0.5001901215207307,0.2603782934690397,0.3441778295298516,0.39622884322231444
604,87,2,PX-002,fracture to access recursion,0.5466060858569044,0.3960408342455463,0.3989965531167963,0.5061284751578435,0.2603782934690397,0.3441778295298516,0.39622884322231444
605,87,3,PX-003,negation to lock formation,0.5556566892713705,0.3960408342455463,0.39923797528564037,0.5061284751578435,0.2603782934690397,0.3441778295298516,0.39622884322231444
606,87,4,PX-004,lagged temporal recursion,0.5556566892713705,0.3960408342455463,0.39923797528564037,0.5003922465819759,0.27518233216311255,0.3441778295298516,0.39622884322231444
607,87,5,PX-005,false signal injection,0.5556566892713705,0.3960408342455463,0.39923797528564037,0.5003922465819759,0.29297021434931947,0.3441778295298516,0.39622884322231444
608,87,6,PX-006,signal to unstable utterance,0.5556566892713705,0.3960408342455463,0.39923797528564037,0.5003922465819759,0.29297021434931947,0.3444475066701196,0.40068340660099355
609,87,7,PX-007,silence feedback reset,0.515112570299831,0.38190703526317743,0.39923797528564037,0.5003922465819759,0.26044217142974896,0.3444475066701196,0.3965303507512652
610,88,1,PX-001,amplify identity fracture,0.5464993119448005,0.37736390334375897,0.39923797528564037,0.5003922465819759,0.26044217142974896,0.3444475066701196,0.3965303507512652
611,88,2,PX-002,fracture to access recursion,0.5464993119448005,0.39611095497969306,0.39923797528564037,0.5063292497116261,0.26044217142974896,0.3444475066701196,0.3965303507512652
612,88,3,PX-003,negation to lock formation,0.5555568888074721,0.39611095497969306,0.39945151578553323,0.5063292497116261,0.26044217142974896,0.3444475066701196,0.3965303507512652
613,88,4,PX-004,lagged temporal recursion,0.5555568888074721,0.39611095497969306,0.39945151578553323,0.5005642402286015,0.27525001953228423,0.3444475066701196,0.3965303507512652
614,88,5,PX-005,false signal injection,0.5555568888074721,0.39611095497969306,0.39945151578553323,0.5005642402286015,0.2930471634535067,0.3444475066701196,0.3965303507512652
615,88,6,PX-006,signal to unstable utterance,0.5555568888074721,0.39611095497969306,0.39945151578553323,0.5005642402286015,0.2930471634535067,0.34469976328303564,0.4009887788058547
616,88,7,PX-007,silence feedback reset,0.5149923954820257,0.3819641390831494,0.39945151578553323,0.5005642402286015,0.26048637654620593,0.34469976328303564,0.3968252867507486
617,89,1,PX-001,amplify identity fracture,0.5463748994720505,0.3774169482125442,0.39945151578553323,0.5005642402286015,0.26048637654620593,0.34469976328303564,0.3968252867507486
618,89,2,PX-002,fracture to access recursion,0.5463748994720505,0.396152664213105,0.39945151578553323,0.5064998244337036,0.26048637654620593,0.34469976328303564,0.3968252867507486
619,89,3,PX-003,negation to lock formation,0.5554391884073857,0.396152664213105,0.3996378915005237,0.5064998244337036,0.26048637654620593,0.34469976328303564,0.3968252867507486
620,89,4,PX-004,lagged temporal recursion,0.5554391884073857,0.396152664213105,0.3996378915005237,0.5007075675377538,0.27529757924862913,0.34469976328303564,0.3968252867507486
621,89,5,PX-005,false signal injection,0.5554391884073857,0.396152664213105,0.3996378915005237,0.5007075675377538,0.2931031100504973,0.34469976328303564,0.3968252867507486
622,89,6,PX-006,signal to unstable utterance,0.5554391884073857,0.396152664213105,0.3996378915005237,0.5007075675377538,0.2931031100504973,0.3449336665319821,0.401287179201971
623,89,7,PX-007,silence feedback reset,0.5148570358467829,0.38199417275518227,0.3996378915005237,0.5007075675377538,0.2605126605329994,0.3449336665319821,0.39711097757522756
624,90,1,PX-001,amplify identity fracture,0.5462363342855128,0.37744335037405674,0.3996378915005237,0.5007075675377538,0.2605126605329994,0.3449336665319821,0.39711097757522756
625,90,2,PX-002,fracture to access recursion,0.5462363342855128,0.3961687418807068,0.3996378915005237,0.5066416891817276,0.2605126605329994,0.3449336665319821,0.39711097757522756
626,90,3,PX-003,negation to lock formation,0.5553070258116782,0.3961687418807068,0.3997980539884296,0.5066416891817276,0.2605126605329994,0.3449336665319821,0.39711097757522756
627,90,4,PX-004,lagged temporal recursion,0.5553070258116782,0.3961687418807068,0.3997980539884296,0.5008238593253929,0.2753267766639646,0.3449336665319821,0.39711097757522756
628,90,5,PX-005,false signal injection,0.5553070258116782,0.3961687418807068,0.3997980539884296,0.5008238593253929,0.29313982192139454,0.3449336665319821,0.39711097757522756
629,90,6,PX-006,signal to unstable utterance,0.5553070258116782,0.3961687418807068,0.3997980539884296,0.5008238593253929,0.29313982192139454,0.3451486045311923,0.4015759400227924
630,90,7,PX-007,silence feedback reset,0.5147098254841644,0.3819998996363523,0.3997980539884296,0.5008238593253929,0.2605227853768431,0.3451486045311923,0.39738516407292307
631,91,1,PX-001,amplify identity fracture,0.546086866703759,0.3774458668525673,0.3997980539884296,0.5008238593253929,0.2605227853768431,0.3451486045311923,0.39738516407292307
632,91,2,PX-002,fracture to access recursion,0.546086866703759,0.3961619497867972,0.3997980539884296,0.5067564971206939,0.2605227853768431,0.3451486045311923,0.39738516407292307
633,91,3,PX-003,negation to lock formation,0.5551636122009974,0.3961619497867972,0.39993315158451404,0.5067564971206939,0.2605227853768431,0.3451486045311923,0.39738516407292307
634,91,4,PX-004,lagged temporal recursion,0.5551636122009974,0.3961619497867972,0.39993315158451404,0.5009148740751063,0.27533939081061787,0.3451486045311923,0.39738516407292307
635,91,5,PX-005,false signal injection,0.5551636122009974,0.3961619497867972,0.39993315158451404,0.5009148740751063,0.2931590902544852,0.3451486045311923,0.39738516407292307
636,91,6,PX-006,signal to unstable utterance,0.5551636122009974,0.3961619497867972,0.39993315158451404,0.5009148740751063,0.2931590902544852,0.3453442568255553,0.4018528120296014
637,91,7,PX-007,silence feedback reset,0.5145538525270429,0.3819840511603165,0.39993315158451404,0.5009148740751063,0.26051850076596494,0.3453442568255553,0.39764598050286376
638,92,1,PX-001,amplify identity fracture,0.5459295000649098,0.37742721848351346,0.39993315158451404,0.5009148740751063,0.26051850076596494,0.3453442568255553,0.39764598050286376
639,92,2,PX-002,fracture to access recursion,0.5459295000649098,0.3961350008400236,0.39993315158451404,0.5068460266784313,0.26051850076596494,0.3453442568255553,0.39764598050286376
640,92,3,PX-003,negation to lock formation,0.5550119202220204,0.3961350008400236,0.4000444934612083,0.5068460266784313,0.26051850076596494,0.3453442568255553,0.39764598050286376
641,92,4,PX-004,lagged temporal recursion,0.5550119202220204,0.3961350008400236,0.4000444934612083,0.5009824627110679,0.27533719127058653,0.3453442568255553,0.39764598050286376
642,92,5,PX-005,false signal injection,0.5550119202220204,0.3961350008400236,0.4000444934612083,0.5009824627110679,0.29316270532127303,0.3453442568255553,0.39764598050286376
643,92,6,PX-006,signal to unstable utterance,0.5550119202220204,0.3961350008400236,0.4000444934612083,0.5009824627110679,0.29316270532127303,0.34552056478475124,0.40211594281876273
644,92,7,PX-007,silence feedback reset,0.5143919509095547,0.38194929799334976,0.4000444934612083,0.5009824627110679,0.2605015243241429,0.34552056478475124,0.39789193124656996
645,93,1,PX-001,amplify identity fracture,0.5457669836048473,0.37739006167884437,0.4000444934612083,0.5009824627110679,0.2605015243241429,0.34552056478475124,0.39789193124656996
646,93,2,PX-002,fracture to access recursion,0.5457669836048473,0.39609053240793374,0.4000444934612083,0.506912146371838,0.2605015243241429,0.34552056478475124,0.39789193124656996
647,93,3,PX-003,negation to lock formation,0.5548546762983266,0.39609053240793374,0.40013351585934026,0.506912146371838,0.2605015243241429,0.34552056478475124,0.39789193124656996
648,93,4,PX-004,lagged temporal recursion,0.5548546762983266,0.39609053240793374,0.40013351585934026,0.5010285363132371,0.2753219178790927,0.34552056478475124,0.39789193124656996
649,93,5,PX-005,false signal injection,0.5548546762983266,0.39609053240793374,0.40013351585934026,0.5010285363132371,0.29315243501367794,0.34552056478475124,0.39789193124656996
650,93,6,PX-006,signal to unstable utterance,0.5548546762983266,0.39609053240793374,0.40013351585934026,0.5010285363132371,0.29315243501367794,0.34567770227599737,0.402363852955689
651,93,7,PX-007,silence feedback reset,0.5142266961906629,0.38189822524574046,0.40013351585934026,0.5010285363132371,0.26047352458112977,0.34567770227599737,0.3981218658358141
652,94,1,PX-001,amplify identity fracture,0.5456018092494066,0.37733696422591384,0.40013351585934026,0.5010285363132371,0.26047352458112977,0.34567770227599737,0.3981218658358141
653,94,2,PX-002,fracture to access recursion,0.5456018092494066,0.39603108365807765,0.40013351585934026,0.5069567825975868,0.26047352458112977,0.34567770227599737,0.3981218658358141
654,94,3,PX-003,negation to lock formation,0.5546943568210666,0.39603108365807765,0.40020175065576397,0.5069567825975868,0.26047352458112977,0.34567770227599737,0.3981218658358141
655,94,4,PX-004,lagged temporal recursion,0.5546943568210666,0.39603108365807765,0.40020175065576397,0.5010550368257525,0.2752952631961146,0.34567770227599737,0.3981218658358141
656,94,5,PX-005,false signal injection,0.5546943568210666,0.39603108365807765,0.40020175065576397,0.5010550368257525,0.2931300061863271,0.34567770227599737,0.3981218658358141
657,94,6,PX-006,signal to unstable utterance,0.5546943568210666,0.39603108365807765,0.40020175065576397,0.5010550368257525,0.2931300061863271,0.34581604693630413,0.4025954104609256
658,94,7,PX-007,silence feedback reset,0.5140604050116281,0.38183331158728384,0.40020175065576397,0.5010550368257525,0.2604361065778933,0.34581604693630413,0.39833495278118125
659,95,1,PX-001,amplify identity fracture,0.545436211900436,0.37727038496304177,0.40020175065576397,0.5010550368257525,0.2604361065778933,0.34581604693630413,0.39833495278118125
660,95,2,PX-002,fracture to access recursion,0.545436211900436,0.3959590767130197,0.40020175065576397,0.506981890434225,0.2604361065778933,0.34581604693630413,0.39833495278118125
661,95,3,PX-003,negation to lock formation,0.5545331878101615,0.3959590767130197,0.40025079638472627,0.506981890434225,0.2604361065778933,0.34581604693630413,0.39833495278118125
662,95,4,PX-004,lagged temporal recursion,0.5545331878101615,0.3959590767130197,0.40025079638472627,0.5010639107668688,0.2752588576458954,0.34581604693630413,0.39833495278118125
663,95,5,PX-005,false signal injection,0.5545331878101615,0.3959590767130197,0.40025079638472627,0.5010639107668688,0.29309708871321616,0.34581604693630413,0.39833495278118125
664,95,6,PX-006,signal to unstable utterance,0.5545331878101615,0.3959590767130197,0.40025079638472627,0.5010639107668688,0.29309708871321616,0.34593615232207753,0.40280980413584316
665,95,7,PX-007,silence feedback reset,0.513895137759445,0.3817569120792587,0.40025079638472627,0.5010639107668688,0.26039079997813425,0.34593615232207753,0.39853065264717163
666,96,1,PX-001,amplify identity fracture,0.5452721727988458,0.37719265713955324,0.40025079638472627,0.5010639107668688,0.26039079997813425,0.34593615232207753,0.39853065264717163
667,96,2,PX-002,fracture to access recursion,0.5452721727988458,0.3958768014143939,0.40025079638472627,0.5069894274603434,0.26039079997813425,0.34593615232207753,0.39853065264717163
668,96,3,PX-003,negation to lock formation,0.5543731476393979,0.3958768014143939,0.4002822917862141,0.5069894274603434,0.26039079997813425,0.34593615232207753,0.39853065264717163
669,96,4,PX-004,lagged temporal recursion,0.5543731476393979,0.3958768014143939,0.4002822917862141,0.5010570859108359,0.27521425719716625,0.34593615232207753,0.39853065264717163
670,96,5,PX-005,false signal injection,0.5543731476393979,0.3958768014143939,0.4002822917862141,0.5010570859108359,0.2930552821395642,0.34593615232207753,0.39853065264717163
671,96,6,PX-006,signal to unstable utterance,0.5543731476393979,0.3958768014143939,0.4002822917862141,0.5010570859108359,0.2930552821395642,0.34603872117179113,0.40300651617539374
672,96,7,PX-007,silence feedback reset,0.5137327040177619,0.38167124450623585,0.4002822917862141,0.5010570859108359,0.2603390495365888,0.34603872117179113,0.3987086907791134
673,97,1,PX-001,amplify identity fracture,0.5451114255569531,0.3771059752400823,0.4002822917862141,0.5010570859108359,0.2603390495365888,0.34603872117179113,0.3987086907791134
674,97,2,PX-002,fracture to access recursion,0.5451114255569531,0.3957864034659973,0.4002822917862141,0.5069813305559017,0.2603390495365888,0.34603872117179113,0.3987086907791134
675,97,3,PX-003,negation to lock formation,0.5542159724272246,0.3957864034659973,0.40029789191424997,0.5069813305559017,0.2603390495365888,0.34603872117179113,0.3987086907791134
676,97,4,PX-004,lagged temporal recursion,0.5542159724272246,0.3957864034659973,0.40029789191424997,0.5010364508788688,0.27516293343554393,0.34603872117179113,0.3987086907791134
677,97,5,PX-005,false signal injection,0.5542159724272246,0.3957864034659973,0.40029789191424997,0.5010364508788688,0.293006104787135,0.34603872117179113,0.3987086907791134
678,97,6,PX-006,signal to unstable utterance,0.5542159724272246,0.3957864034659973,0.40029789191424997,0.5010364508788688,0.293006104787135,0.3461245799768373,0.4031852944740118
679,97,7,PX-007,silence feedback reset,0.5135746704014058,0.3815783789689715,0.40029789191424997,0.5010364508788688,0.2602822077592219,0.3461245799768373,0.3988690300459124
680,98,1,PX-001,amplify identity fracture,0.5449554644665886,0.3770123850317962,0.40029789191424997,0.5010364508788688,0.2602822077592219,0.3461245799768373,0.3988690300459124
681,98,2,PX-002,fracture to access recursion,0.5449554644665886,0.39568987570742387,0.40029789191424997,0.5069594956208971,0.2602822077592219,0.3461245799768373,0.3988690300459124
682,98,3,PX-003,negation to lock formation,0.5540631637083552,0.39568987570742387,0.40029924680186935,0.5069594956208971,0.2602822077592219,0.3461245799768373,0.3988690300459124
683,98,4,PX-004,lagged temporal recursion,0.5540631637083552,0.39568987570742387,0.40029924680186935,0.5010038375477401,0.27510626586382075,0.3461245799768373,0.3988690300459124
684,98,5,PX-005,false signal injection,0.5540631637083552,0.39568987570742387,0.40029924680186935,0.5010038375477401,0.292950985154225,0.3461245799768373,0.3988690300459124
685,98,6,PX-006,signal to unstable utterance,0.5540631637083552,0.39568987570742387,0.40029924680186935,0.5010038375477401,0.292950985154225,0.3461946550170067,0.403346124988738
686,98,7,PX-007,silence feedback reset,0.5134223703893642,0.3814802304839924,0.40029924680186935,0.5010038375477401,0.26022152958003786,0.3461946550170067,0.39901184392131883
687,99,1,PX-001,amplify identity fracture,0.5448055547076274,0.37691377657844394,0.40029924680186935,0.5010038375477401,0.26022152958003786,0.3461946550170067,0.39901184392131883
688,99,2,PX-002,fracture to access recursion,0.5448055547076274,0.39558905225737373,0.40029924680186935,0.5069257601172769,0.26022152958003786,0.3461946550170067,0.39901184392131883
689,99,3,PX-003,negation to lock formation,0.5539159980185477,0.39558905225737373,0.4002879826474466,0.5069257601172769,0.26022152958003786,0.3461946550170067,0.39901184392131883
690,99,4,PX-004,lagged temporal recursion,0.5539159980185477,0.39558905225737373,0.4002879826474466,0.5009610061604209,0.2750455362551339,0.3461946550170067,0.39901184392131883
691,99,5,PX-005,false signal injection,0.5539159980185477,0.39558905225737373,0.4002879826474466,0.5009610061604209,0.2928912554394613,0.3461946550170067,0.39901184392131883
692,99,6,PX-006,signal to unstable utterance,0.5539159980185477,0.39558905225737373,0.4002879826474466,0.5009610061604209,0.2928912554394613,0.3462499499807093,0.403489204481665
693,99,7,PX-007,silence feedback reset,0.5132769157930251,0.3813785543257144,0.4002879826474466,0.5009610061604209,0.26015816887331034,0.3462499499807093,0.39913749018553246
694,100,1,PX-001,amplify identity fracture,0.5446627441029631,0.3768118799561898,0.4002879826474466,0.5009610061604209,0.26015816887331034,0.3462499499807093,0.39913749018553246
695,100,2,PX-002,fracture to access recursion,0.5446627441029631,0.39548560525893317,0.4002879826474466,0.5068818883162146,0.26015816887331034,0.3462499499807093,0.39913749018553246
696,100,3,PX-003,negation to lock formation,0.5537755380452991,0.39548560525893317,0.40026568545916125,0.5068818883162146,0.26015816887331034,0.3462499499807093,0.39913749018553246
697,100,4,PX-004,lagged temporal recursion,0.5537755380452991,0.39548560525893317,0.40026568545916125,0.5009096330034177,0.2749819248777202,0.3462499499807093,0.39913749018553246
698,100,5,PX-005,false signal injection,0.5537755380452991,0.39548560525893317,0.40026568545916125,0.5009096330034177,0.29282814701095977,0.3462499499807093,0.39913749018553246
699,100,6,PX-006,signal to unstable utterance,0.5537755380452991,0.39548560525893317,0.40026568545916125,0.5009096330034177,0.29282814701095977,0.34629152525631846,0.40361491392243953
700,100,7,PX-007,silence feedback reset,0.5131392095207533,0.3812749438424281,0.40026568545916125,0.5009096330034177,0.2600931766179628,0.34629152525631846,0.3992464854891228
701,101,1,PX-001,amplify identity fracture,0.5445278760896282,0.37670826340240354,0.40026568545916125,0.5009096330034177,0.2600931766179628,0.34629152525631846,0.3992464854891228
702,101,2,PX-002,fracture to access recursion,0.5445278760896282,0.39538104395717383,0.40026568545916125,0.50682955911338,0.2600931766179628,0.34629152525631846,0.3992464854891228
703,101,3,PX-003,negation to lock formation,0.5536426450198768,0.39538104395717383,0.4002338870706525,0.50682955911338,0.2600931766179628,0.34629152525631846,0.3992464854891228
704,101,4,PX-004,lagged temporal recursion,0.5536426450198768,0.39538104395717383,0.4002338870706525,0.500851300499757,0.2749165084075443,0.34629152525631846,0.3992464854891228
705,101,5,PX-005,false signal injection,0.5536426450198768,0.39538104395717383,0.4002338870706525,0.500851300499757,0.2927627876387258,0.34629152525631846,0.3992464854891228
706,101,6,PX-006,signal to unstable utterance,0.5536426450198768,0.39538104395717383,0.4002338870706525,0.500851300499757,0.2927627876387258,0.3463204789500903,0.40372379279130743
707,101,7,PX-007,silence feedback reset,0.5130099593257604,0.3811708304775854,0.4002338870706525,0.500851300499757,0.26002750053203805,0.3463204789500903,0.39933948098285266
708,102,1,PX-001,amplify identity fracture,0.5444016036010625,0.3766043336293237,0.4002338870706525,0.500851300499757,0.26002750053203805,0.3463204789500903,0.39933948098285266
709,102,2,PX-002,fracture to access recursion,0.5444016036010625,0.3952767158417285,0.4002338870706525,0.5067703562594108,0.26002750053203805,0.3463204789500903,0.39933948098285266
710,102,3,PX-003,negation to lock formation,0.5535179920504162,0.3952767158417285,0.4001940534211674,0.5067703562594108,0.26002750053203805,0.3463204789500903,0.39933948098285266
711,102,4,PX-004,lagged temporal recursion,0.5535179920504162,0.3952767158417285,0.4001940534211674,0.500787489554687,0.27485025934596075,0.3463204789500903,0.39933948098285266
712,102,5,PX-005,false signal injection,0.5535179920504162,0.3952767158417285,0.4001940534211674,0.500787489554687,0.2926962003078831,0.3463204789500903,0.39933948098285266
713,102,6,PX-006,signal to unstable utterance,0.5535179920504162,0.3952767158417285,0.4001940534211674,0.500787489554687,0.2926962003078831,0.3463379296581112,0.4038165144844935
714,102,7,PX-007,silence feedback reset,0.5128896922510271,0.3810674857318854,0.4001940534211674,0.500787489554687,0.25996198599912124,0.3463379296581112,0.39941723918043454
715,103,1,PX-001,amplify identity fracture,0.5442844035817889,0.3765013380391117,0.4001940534211674,0.500787489554687,0.25996198599912124,0.3463379296581112,0.39941723918043454
716,103,2,PX-002,fracture to access recursion,0.5442844035817889,0.3951738095929223,0.4001940534211674,0.5067057608411606,0.25996198599912124,0.3463379296581112,0.39941723918043454
717,103,3,PX-003,negation to lock formation,0.5534020781210993,0.3951738095929223,0.4001475749775806,0.5067057608411606,0.25996198599912124,0.3463379296581112,0.39941723918043454
718,103,4,PX-004,lagged temporal recursion,0.5534020781210993,0.3951738095929223,0.4001475749775806,0.5007195739827964,0.274784046763185,0.3463379296581112,0.39941723918043454
719,103,5,PX-005,false signal injection,0.5534020781210993,0.3951738095929223,0.4001475749775806,0.5007195739827964,0.29262930343285565,0.3463379296581112,0.39941723918043454
720,103,6,PX-006,signal to unstable utterance,0.5534020781210993,0.3951738095929223,0.4001475749775806,0.5007195739827964,0.29262930343285565,0.34634500099470616,0.40389386298692753
721,103,7,PX-007,silence feedback reset,0.5127787695121796,0.38096602480904845,0.4001475749775806,0.5007195739827964,0.2598973781146913,0.34634500099470616,0.39948061218681463
722,104,1,PX-001,amplify identity fracture,0.5441765918823955,0.37640036858465553,0.4001475749775806,0.5007195739827964,0.2598973781146913,0.34634500099470616,0.39948061218681463
723,104,2,PX-002,fracture to access recursion,0.5441765918823955,0.3950733595789578,0.4001475749775806,0.5066371458411554,0.2598973781146913,0.34634500099470616,0.39948061218681463
724,104,3,PX-003,negation to lock formation,0.5532952425081566,0.3950733595789578,0.4000957591633127,0.5066371458411554,0.2598973781146913,0.34634500099470616,0.39948061218681463
725,104,4,PX-004,lagged temporal recursion,0.5532952425081566,0.3950733595789578,0.4000957591633127,0.5006488168400712,0.2747186381941759,0.34634500099470616,0.39948061218681463
726,104,5,PX-005,false signal injection,0.5532952425081566,0.3950733595789578,0.4000957591633127,0.5006488168400712,0.2925629122975024,0.34634500099470616,0.39948061218681463
727,104,6,PX-006,signal to unstable utterance,0.5532952425081566,0.3950733595789578,0.4000957591633127,0.5006488168400712,0.2925629122975024,0.3463428078577044,0.40395671094273855
728,104,7,PX-007,silence feedback reset,0.5126774015862458,0.3808674116982798,0.4000957591633127,0.5006488168400712,0.2598343246882104,0.3463428078577044,0.39953052139249745
729,105,1,PX-001,amplify identity fracture,0.5440783383092959,0.3763023670309631,0.4000957591633127,0.5006488168400712,0.2598343246882104,0.3463428078577044,0.39953052139249745
730,105,2,PX-002,fracture to access recursion,0.5440783383092959,0.3949762516629971,0.4000957591633127,0.506565772597711,0.2598343246882104,0.3463428078577044,0.39953052139249745
731,105,3,PX-003,negation to lock formation,0.5531976793891432,0.3949762516629971,0.4000398246501353,0.506565772597711,0.2598343246882104,0.3463428078577044,0.39953052139249745
732,105,4,PX-004,lagged temporal recursion,0.5531976793891432,0.3949762516629971,0.4000398246501353,0.5005763684820966,0.27465470252111734,0.3463428078577044,0.39953052139249745
733,105,5,PX-005,false signal injection,0.5531976793891432,0.3949762516629971,0.4000398246501353,0.5005763684820966,0.29249774155295283,0.3463428078577044,0.39953052139249745
734,105,6,PX-006,signal to unstable utterance,0.5531976793891432,0.3949762516629971,0.4000398246501353,0.5005763684820966,0.29249774155295283,0.34633244439184196,0.40400599922176267
735,105,7,PX-007,silence feedback reset,0.5125856633007058,0.38077246545870536,0.4000398246501353,0.5005763684820966,0.2597733800458743,0.34633244439184196,0.3995679387048512
736,106,1,PX-001,amplify identity fracture,0.5439896816298183,0.3762081313845384,0.4000398246501353,0.5005763684820966,0.2597733800458743,0.34633244439184196,0.3995679387048512
737,106,2,PX-002,fracture to access recursion,0.5439896816298183,0.39488323009220855,0.4000398246501353,0.5064927889860418,0.2597733800458743,0.34633244439184196,0.3995679387048512
738,106,3,PX-003,negation to lock formation,0.5531094524472392,0.39488323009220855,0.39998089736283515,0.5064927889860418,0.2597733800458743,0.34633244439184196,0.3995679387048512
739,106,4,PX-004,lagged temporal recursion,0.5531094524472392,0.39488323009220855,0.39998089736283515,0.5005032661698409,0.27459281368559035,0.34633244439184196,0.3995679387048512
740,106,5,PX-005,false signal injection,0.5531094524472392,0.39488323009220855,0.39998089736283515,0.5005032661698409,0.29243440861308784,0.34633244439184196,0.3995679387048512
741,106,6,PX-006,signal to unstable utterance,0.5531094524472392,0.39488323009220855,0.39998089736283515,0.5005032661698409,0.29243440861308784,0.3463149735952987,0.40404271805069025
742,106,7,PX-007,silence feedback reset,0.5125035087429041,0.3806818674849823,0.39998089736283515,0.5005032661698409,0.259715009488979,0.3463149735952987,0.3995938693603765
743,107,1,PX-001,amplify identity fracture,0.5439105443584572,0.3761183232722725,0.39998089736283515,0.5005032661698409,0.259715009488979,0.3463149735952987,0.3995938693603765
744,107,2,PX-002,fracture to access recursion,0.5439105443584572,0.39479490525547717,0.39998089736283515,0.5064192291410778,0.259715009488979,0.3463149735952987,0.3995938693603765
745,107,3,PX-003,negation to lock formation,0.5530305092968912,0.39479490525547717,0.3999200080434115,0.5064192291410778,0.259715009488979,0.3463149735952987,0.3995938693603765
746,107,4,PX-004,lagged temporal recursion,0.5530305092968912,0.39479490525547717,0.3999200080434115,0.5004304350468926,0.2745334550833836,0.3463149735952987,0.3995938693603765
747,107,5,PX-005,false signal injection,0.5530305092968912,0.39479490525547717,0.3999200080434115,0.5004304350468926,0.29237343779689007,0.3463149735952987,0.3995938693603765
748,107,6,PX-006,signal to unstable utterance,0.5530305092968912,0.39479490525547717,0.3999200080434115,0.5004304350468926,0.29237343779689007,0.346291418500778,0.4040678897505133
749,107,7,PX-007,silence feedback reset,0.5124307858344449,0.3805961695484018,0.3999200080434115,0.5004304350468926,0.2596595942734761,0.346291418500778,0.399609336337621
750,108,1,PX-001,amplify identity fracture,0.5438407471743417,0.37603347606662546,0.3999200080434115,0.5004304350468926,0.2596595942734761,0.346291418500778,0.399609336337621
751,108,2,PX-002,fracture to access recursion,0.5438407471743417,0.3947117621120691,0.3999200080434115,0.5063460145452986,0.2596595942734761,0.346291418500778,0.399609336337621
752,108,3,PX-003,negation to lock formation,0.5529606955807158,0.3947117621120691,0.39985809122059757,0.5063460145452986,0.2596595942734761,0.346291418500778,0.399609336337621
753,108,4,PX-004,lagged temporal recursion,0.5529606955807158,0.3947117621120691,0.39985809122059757,0.5003586903163701,0.2744770245053807,0.346291418500778,0.399609336337621
754,108,5,PX-005,false signal injection,0.5529606955807158,0.3947117621120691,0.39985809122059757,0.5003586903163701,0.2923152650769202,0.346291418500778,0.399609336337621
755,108,6,PX-006,signal to unstable utterance,0.5529606955807158,0.3947117621120691,0.39985809122059757,0.5003586903163701,0.2923152650769202,0.3462627548514953,0.4040825530976559
756,108,7,PX-007,silence feedback reset,0.512367250438473,0.38051580242368566,0.39985809122059757,0.5003586903163701,0.2596074369872277,0.3462627548514953,0.39961536636878414
757,109,1,PX-001,amplify identity fracture,0.5437800228429482,0.37595400356984604,0.39985809122059757,0.5003586903163701,0.2596074369872277,0.3462627548514953,0.39961536636878414
758,109,2,PX-002,fracture to access recursion,0.5437800228429482,0.39463416910972526,0.39985809122059757,0.506273956309367,0.2596074369872277,0.3462627548514953,0.39961536636878414
759,109,3,PX-003,negation to lock formation,0.5528997686100053,0.39463416910972526,0.3997959854317219,0.506273956309367,0.2596074369872277,0.3462627548514953,0.39961536636878414
760,109,4,PX-004,lagged temporal recursion,0.5528997686100053,0.39463416910972526,0.3997959854317219,0.5002887404516664,0.27442383949880533,0.3462627548514953,0.39961536636878414
761,109,5,PX-005,false signal injection,0.5528997686100053,0.39463416910972526,0.3997959854317219,0.5002887404516664,0.2922602433036842,0.3462627548514953,0.39961536636878414
762,109,6,PX-006,signal to unstable utterance,0.5528997686100053,0.39463416910972526,0.3997959854317219,0.5002887404516664,0.2922602433036842,0.3462299051837644,0.40408774930458136
763,109,7,PX-007,silence feedback reset,0.5123125798896098,0.38044108492798817,0.3997959854317219,0.5002887404516664,0.2595587672124994,0.3462299051837644,0.39961297752903663
764,110,1,PX-001,amplify identity fracture,0.5437280295366618,0.37588020908631464,0.3997959854317219,0.5002887404516664,0.2595587672124994,0.3462299051837644,0.39961297752903663
765,110,2,PX-002,fracture to access recursion,0.5437280295366618,0.3945623874271004,0.3997959854317219,0.5062037584794142,0.2595587672124994,0.3462299051837644,0.39961297752903663
766,110,3,PX-003,negation to lock formation,0.5528474104423013,0.3945623874271004,0.3997344345469657,0.5062037584794142,0.2595587672124994,0.3462299051837644,0.39961297752903663
767,110,4,PX-004,lagged temporal recursion,0.5528474104423013,0.3945623874271004,0.3997344345469657,0.5002211912824581,0.274374143034084,0.3462299051837644,0.39961297752903663
768,110,5,PX-005,false signal injection,0.5528474104423013,0.3945623874271004,0.3997344345469657,0.5002211912824581,0.2922086477864073,0.3462299051837644,0.39961297752903663
769,110,6,PX-006,signal to unstable utterance,0.5528474104423013,0.3945623874271004,0.3997344345469657,0.5002211912824581,0.2922086477864073,0.3461937342213735,0.40408450959671344
770,110,7,PX-007,silence feedback reset,0.5122663858566869,0.3803722332150436,0.3997344345469657,0.5002211912824581,0.25951374737216854,0.3461937342213735,0.39960316836610715
771,111,1,PX-001,amplify identity fracture,0.5436843634688844,0.3758122947285069,0.3997344345469657,0.5002211912824581,0.25951374737216854,0.3461937342213735,0.39960316836610715
772,111,2,PX-002,fracture to access recursion,0.5436843634688844,0.3944965803918883,0.3997344345469657,0.5061360222122002,0.25951374737216854,0.3461937342213735,0.39960316836610715
773,111,3,PX-003,negation to lock formation,0.5528032403092071,0.3944965803918883,0.39967409005064747,0.5061360222122002,0.25951374737216854,0.3461937342213735,0.39960316836610715
774,111,4,PX-004,lagged temporal recursion,0.5528032403092071,0.3944965803918883,0.39967409005064747,0.5001565508057456,0.2743281093735049,0.3461937342213735,0.39960316836610715
775,111,5,PX-005,false signal injection,0.5528032403092071,0.3944965803918883,0.39967409005064747,0.5001565508057456,0.292160682121523,0.3461937342213735,0.39960316836610715
776,111,6,PX-006,signal to unstable utterance,0.5528032403092071,0.3944965803918883,0.39967409005064747,0.5001565508057456,0.292160682121523,0.34615504548243314,0.4040738443461198
777,111,7,PX-007,silence feedback reset,0.5122282264672394,0.38030937018369027,0.39967409005064747,0.5001565508057456,0.2594724786688231,0.34615504548243314,0.39958690851866036
778,112,1,PX-001,amplify identity fracture,0.5436485707749414,0.37575037081831886,0.39967409005064747,0.5001565508057456,0.2594724786688231,0.34615504548243314,0.39958690851866036
779,112,2,PX-002,fracture to access recursion,0.5436485707749414,0.3944368229421486,0.39967409005064747,0.5060712506678045,0.2594724786688231,0.34615504548243314,0.39958690851866036
780,112,3,PX-003,negation to lock formation,0.5527668263258564,0.3944368229421486,0.3996155141400063,0.5060712506678045,0.2594724786688231,0.34615504548243314,0.39958690851866036
781,112,4,PX-004,lagged temporal recursion,0.5527668263258564,0.3944368229421486,0.3996155141400063,0.5000952345808298,0.27428585004857015,0.34615504548243314,0.39958690851866036
782,112,5,PX-005,false signal injection,0.5527668263258564,0.3944368229421486,0.3996155141400063,0.5000952345808298,0.2921164841708702,0.34615504548243314,0.39958690851866036
783,112,6,PX-006,signal to unstable utterance,0.5527668263258564,0.3944368229421486,0.3996155141400063,0.5000952345808298,0.2921164841708702,0.3461145789966539,0.4040567337084655
784,112,7,PX-007,silence feedback reset,0.5121976176399792,0.380252534875949,0.3996155141400063,0.5000952345808298,0.259435007036279,0.3461145789966539,0.399565130760286
785,113,1,PX-001,amplify identity fracture,0.543620158590019,0.37569446526135986,0.3996155141400063,0.5000952345808298,0.259435007036279,0.3461145789966539,0.399565130760286
786,113,2,PX-002,fracture to access recursion,0.543620158590019,0.3943831110140902,0.3996155141400063,0.5060098544787333,0.259435007036279,0.3461145789966539,0.399565130760286
787,113,3,PX-003,negation to lock formation,0.5527376964302019,0.3943831110140902,0.3995591835088211,0.5060098544787333,0.259435007036279,0.3461145789966539,0.399565130760286
788,113,4,PX-004,lagged temporal recursion,0.5527376964302019,0.3943831110140902,0.3995591835088211,0.5000375715768889,0.2742474198633364,0.3461145789966539,0.399565130760286
789,113,5,PX-005,false signal injection,0.5527376964302019,0.3943831110140902,0.3995591835088211,0.5000375715768889,0.2920761321020287,0.3461145789966539,0.399565130760286
790,113,6,PX-006,signal to unstable utterance,0.5527376964302019,0.3943831110140902,0.3995591835088211,0.5000375715768889,0.2920761321020287,0.34607301002988183,0.4040341196981393
791,113,7,PX-007,silence feedback reset,0.5121740435871672,0.3802016917552656,0.3995591835088211,0.5000375715768889,0.2594013290329591,0.34607301002988183,0.3995387243963938
792,114,1,PX-001,amplify identity fracture,0.5435986052897956,0.3756445327871481,0.3995591835088211,0.5000375715768889,0.2594013290329591,0.34607301002988183,0.3995387243963938
793,114,2,PX-002,fracture to access recursion,0.5435986052897956,0.39433537075471214,0.3995591835088211,0.5059521576641585,0.2594013290329591,0.34607301002988183,0.3995387243963938
794,114,3,PX-003,negation to lock formation,0.5527153485155405,0.39433537075471214,0.39950549369086125,0.5059521576641585,0.2594013290329591,0.34607301002988183,0.3995387243963938
795,114,4,PX-004,lagged temporal recursion,0.5527153485155405,0.39433537075471214,0.39950549369086125,0.49998381035196693,0.27421282285102727,0.34607301002988183,0.3995387243963938
796,114,5,PX-005,false signal injection,0.5527153485155405,0.39433537075471214,0.39950549369086125,0.49998381035196693,0.2920396504133241,0.34607301002988183,0.3995387243963938
797,114,6,PX-006,signal to unstable utterance,0.5527153485155405,0.39433537075471214,0.39950549369086125,0.49998381035196693,0.2920396504133241,0.34603094871299134,0.4040068996270319
798,114,7,PX-007,silence feedback reset,0.5121569664629708,0.38015673977031117,0.39950549369086125,0.49998381035196693,0.2593713976160005,0.34603094871299134,0.3995085299338167
799,115,1,PX-001,amplify identity fracture,0.5435833698733177,0.3756004639628091,0.39950549369086125,0.49998381035196693,0.2593713976160005,0.34603094871299134,0.3995085299338167
800,115,2,PX-002,fracture to access recursion,0.5435833698733177,0.39429346747215277,0.39950549369086125,0.505898403868223,0.2593713976160005,0.34603094871299134,0.3995085299338167
801,115,3,PX-003,negation to lock formation,0.5526992597334592,0.39429346747215277,0.3994547638464167,0.505898403868223,0.2593713976160005,0.34603094871299134,0.3995085299338167
802,115,4,PX-004,lagged temporal recursion,0.5526992597334592,0.39429346747215277,0.3994547638464167,0.49993412545256605,0.2741820181207205,0.34603094871299134,0.3995085299338167
803,115,5,PX-005,false signal injection,0.5526992597334592,0.39429346747215277,0.3994547638464167,0.49993412545256605,0.2920070158757162,0.34603094871299134,0.3995085299338167
804,115,6,PX-006,signal to unstable utterance,0.5526992597334592,0.39429346747215277,0.3994547638464167,0.49993412545256605,0.2920070158757162,0.34598894047372186,0.4039759208250614
805,115,7,PX-007,silence feedback reset,0.512145835146564,0.3801175211237702,0.3994547638464167,0.49993412545256605,0.2593451277438379,0.34598894047372186,0.39947533493730253
806,116,1,PX-001,amplify identity fracture,0.5435739004800597,0.37556209390177653,0.3994547638464167,0.49993412545256605,0.2593451277438379,0.34598894047372186,0.39947533493730253
807,116,2,PX-002,fracture to access recursion,0.5435739004800597,0.39425721425024673,0.3994547638464167,0.5058487628117866,0.2593451277438379,0.34598894047372186,0.39947533493730253
808,116,3,PX-003,negation to lock formation,0.552688894956712,0.39425721425024673,0.3994072418838125,0.5058487628117866,0.2593451277438379,0.34598894047372186,0.39947533493730253
809,116,4,PX-004,lagged temporal recursion,0.552688894956712,0.39425721425024673,0.3994072418838125,0.49988862393348177,0.27415492553990833,0.34598894047372186,0.39947533493730253
810,116,5,PX-005,false signal injection,0.552688894956712,0.39425721425024673,0.3994072418838125,0.49988862393348177,0.2919781633329949,0.34598894047372186,0.39947533493730253
811,116,6,PX-006,signal to unstable utterance,0.552688894956712,0.39425721425024673,0.3994072418838125,0.49988862393348177,0.2919781633329949,0.3459474671725773,0.4039419765550253
812,116,7,PX-007,silence feedback reset,0.5121400931599749,0.3800838296787598,0.3994072418838125,0.49988862393348177,0.259322401763338,0.3459474671725773,0.3994398709831617
813,117,1,PX-001,amplify identity fracture,0.5435696420440655,0.37552921060206973,0.3994072418838125,0.49988862393348177,0.259322401763338,0.3459474671725773,0.3994398709831617
814,117,2,PX-002,fracture to access recursion,0.5435696420440655,0.3942263801665936,0.3994072418838125,0.5058033368574869,0.259322401763338,0.3459474671725773,0.3994398709831617
815,117,3,PX-003,negation to lock formation,0.5526837144024674,0.3942263801665936,0.39936310981671486,0.5058033368574869,0.259322401763338,0.3459474671725773,0.3994398709831617
816,117,4,PX-004,lagged temporal recursion,0.5526837144024674,0.3942263801665936,0.39936310981671486,0.49984735190790774,0.2741314312071822,0.3459474671725773,0.3994398709831617
817,117,5,PX-005,false signal injection,0.5526837144024674,0.3942263801665936,0.39936310981671486,0.49984735190790774,0.2919529913104034,0.3459474671725773,0.3994398709831617
818,117,6,PX-006,signal to unstable utterance,0.5526837144024674,0.3942263801665936,0.39936310981671486,0.49984735190790774,0.2919529913104034,0.34590694884731477,0.4039058030305565
819,117,7,PX-007,silence feedback reset,0.512139185730548,0.38005541894786765,0.39936310981671486,0.49984735190790774,0.25930307454530116,0.34590694884731477,0.3994028116179665
820,118,1,PX-001,amplify identity fracture,0.5435700430976379,0.37550156286091496,0.39936310981671486,0.49984735190790774,0.25930307454530116,0.34590694884731477,0.3994028116179665
821,118,2,PX-002,fracture to access recursion,0.5435700430976379,0.3942006980653468,0.39936310981671486,0.5057621675984217,0.25930307454530116,0.34590694884731477,0.3994028116179665
822,118,3,PX-003,negation to lock formation,0.5526831804259529,0.3942006980653468,0.3993224892670405,0.5057621675984217,0.25930307454530116,0.34590694884731477,0.3994028116179665
823,118,4,PX-004,lagged temporal recursion,0.5526831804259529,0.3942006980653468,0.3993224892670405,0.4998103010480367,0.2741113926771759,0.34590694884731477,0.3994028116179665
824,118,5,PX-005,false signal injection,0.5526831804259529,0.3942006980653468,0.3993224892670405,0.4998103010480367,0.2919313673899688,0.34590694884731477,0.3994028116179665
825,118,6,PX-006,signal to unstable utterance,0.5526831804259529,0.3942006980653468,0.3993224892670405,0.4998103010480367,0.2919313673899688,0.34586774597468134,0.40386807744369846
826,118,7,PX-007,silence feedback reset,0.5121425660164537,0.38003200962123324,0.3993224892670405,0.4998103010480367,0.2592869783393177,0.34586774597468134,0.3993647712292099
827,119,1,PX-001,amplify identity fracture,0.5435745617453138,0.37547886772376843,0.3993224892670405,0.4998103010480367,0.2592869783393177,0.34586774597468134,0.3993647712292099
828,119,2,PX-002,fracture to access recursion,0.5435745617453138,0.3941798718469254,0.3993224892670405,0.5057252423909978,0.2592869783393177,0.34586774597468134,0.3993647712292099
829,119,3,PX-003,negation to lock formation,0.5526867635028346,0.3941798718469254,0.39928544703225793,0.5057252423909978,0.2592869783393177,0.34586774597468134,0.3993647712292099
830,119,4,PX-004,lagged temporal recursion,0.5526867635028346,0.3941798718469254,0.39928544703225793,0.49977741496630745,0.274094643907216,0.34586774597468134,0.3993647712292099
831,119,5,PX-005,false signal injection,0.5526867635028346,0.3941798718469254,0.39928544703225793,0.49977741496630745,0.29191313331842356,0.34586774597468134,0.3993647712292099
832,119,6,PX-006,signal to unstable utterance,0.5526867635028346,0.3941798718469254,0.39928544703225793,0.49977741496630745,0.29191313331842356,0.3458301621627737,0.4038294169077359
833,119,7,PX-007,silence feedback reset,0.5121497005210063,0.3800132966006237,0.39928544703225793,0.49977741496630745,0.2592739273255531,0.3458301621627737,0.3993263047350642
834,120,1,PX-001,amplify identity fracture,0.5435826708358946,0.3754608174361722,0.39928544703225793,0.49977741496630745,0.2592739273255531,0.3458301621627737,0.3993263047350642
835,120,2,PX-002,fracture to access recursion,0.5435826708358946,0.39416358324692075,0.39928544703225793,0.505692500762445,0.2592739273255531,0.3458301621627737,0.3993263047350642
836,120,3,PX-003,negation to lock formation,0.5526939474257792,0.39416358324692075,0.3992520006447217,0.505692500762445,0.2592739273255531,0.3458301621627737,0.3993263047350642
837,120,4,PX-004,lagged temporal recursion,0.5526939474257792,0.39416358324692075,0.3992520006447217,0.49974859541700606,0.2740809999018655,0.3458301621627737,0.3993263047350642
838,120,5,PX-005,false signal injection,0.5526939474257792,0.39416358324692075,0.3992520006447217,0.49974859541700606,0.29189810982064407,0.3458301621627737,0.3993263047350642
839,120,6,PX-006,signal to unstable utterance,0.5526939474257792,0.39416358324692075,0.3992520006447217,0.49974859541700606,0.29189810982064407,0.34579444719256097,0.4037903782212587
840,120,7,PX-007,silence feedback reset,0.5121600737277288,0.3799989555160609,0.3992520006447217,0.49974859541700606,0.25926372184706364,0.34579444719256097,0.3992879080016818
841,121,1,PX-001,amplify identity fracture,0.5435938623661856,0.3754470858763359,0.3992520006447217,0.49974859541700606,0.25926372184706364,0.34579444719256097,0.3992879080016818
842,121,2,PX-002,fracture to access recursion,0.5435938623661856,0.39415149808562544,0.3992520006447217,0.5056638406330808,0.25926372184706364,0.34579444719256097,0.3992879080016818
843,121,3,PX-003,negation to lock formation,0.5527042337466154,0.39415149808562544,0.3992221238593101,0.5056638406330808,0.25926372184706364,0.34579444719256097,0.3992879080016818
844,121,4,PX-004,lagged temporal recursion,0.5527042337466154,0.39415149808562544,0.3992221238593101,0.49972370826705714,0.2740702610377246,0.34579444719256097,0.3992879080016818
845,121,5,PX-005,false signal injection,0.5527042337466154,0.39415149808562544,0.3992221238593101,0.49972370826705714,0.2918861010980146,0.34579444719256097,0.3992879080016818
846,121,6,PX-006,signal to unstable utterance,0.5527042337466154,0.39415149808562544,0.3992221238593101,0.49972370826705714,0.2918861010980146,0.3457608003326152,0.40375145836084525
847,121,7,PX-007,silence feedback reset,0.5121731919931939,0.37998864871025806,0.3992221238593101,0.49972370826705714,0.2592561523117124,0.3457608003326152,0.39925001889870215
848,122,1,PX-001,amplify identity fracture,0.5436076511548994,0.37543733445489214,0.3992221238593101,0.49972370826705714,0.2592561523117124,0.3457608003326152,0.39925001889870215
849,122,2,PX-002,fracture to access recursion,0.5436076511548994,0.39414327197786153,0.3992221238593101,0.5056391243025543,0.2592561523117124,0.3457608003326152,0.39925001889870215
850,122,3,PX-003,negation to lock formation,0.5527171455004315,0.39414327197786153,0.39919575201397184,0.5056391243025543,0.2592561523117124,0.3457608003326152,0.39925001889870215
851,122,4,PX-004,lagged temporal recursion,0.5527171455004315,0.39414327197786153,0.39919575201397184,0.49970258919348376,0.27406221705647166,0.3457608003326152,0.39925001889870215
852,122,5,PX-005,false signal injection,0.5527171455004315,0.39414327197786153,0.39919575201397184,0.49970258919348376,0.2918768989970547,0.3457608003326152,0.39925001889870215
853,122,6,PX-006,signal to unstable utterance,0.5527171455004315,0.39414327197786153,0.39919575201397184,0.49970258919348376,0.2918768989970547,0.3457293738568209,0.4037130956120798
854,122,7,PX-007,silence feedback reset,0.5121885867387622,0.37998203068393954,0.39919575201397184,0.49970258919348376,0.2592510027576926,0.3457293738568209,0.3992130189066374
855,123,1,PX-001,amplify identity fracture,0.5436235778289966,0.37543121747595126,0.39919575201397184,0.49970258919348376,0.2592510027576926,0.3457293738568209,0.3992130189066374
856,123,2,PX-002,fracture to access recursion,0.5436235778289966,0.39413855550016347,0.39919575201397184,0.5056181841579563,0.2592510027576926,0.3457293738568209,0.3992130189066374
857,123,3,PX-003,negation to lock formation,0.5527322302518746,0.39413855550016347,0.3991727872157693,0.5056181841579563,0.2592510027576926,0.3457293738568209,0.3992130189066374
858,123,4,PX-004,lagged temporal recursion,0.5527322302518746,0.39413855550016347,0.3991727872157693,0.49968504907312944,0.2740566507192083,0.3457293738568209,0.3992130189066374
859,123,5,PX-005,false signal injection,0.5527322302518746,0.39413855550016347,0.3991727872157693,0.49968504907312944,0.2918702868390277,0.3457293738568209,0.3992130189066374
860,123,6,PX-006,signal to unstable utterance,0.5527322302518746,0.39413855550016347,0.3991727872157693,0.49968504907312944,0.2918702868390277,0.34570027670070175,0.4036756712517261
861,123,7,PX-007,silence feedback reset,0.5122058169855035,0.3799787530020704,0.3991727872157693,0.49968504907312944,0.25924805408108037,0.34570027670070175,0.3991772351934635
862,124,1,PX-001,amplify identity fracture,0.543641211167625,0.3754283869604016,0.3991727872157693,0.49968504907312944,0.25924805408108037,0.34570027670070175,0.3991772351934635
863,124,2,PX-002,fracture to access recursion,0.543641211167625,0.39413699881889336,0.3991727872157693,0.5056008280698056,0.25924805408108037,0.34570027670070175,0.3991772351934635
864,124,3,PX-003,negation to lock formation,0.5527490625069457,0.39413699881889336,0.39915310331258097,0.5056008280698056,0.25924805408108037,0.34570027670070175,0.3991772351934635
865,124,4,PX-004,lagged temporal recursion,0.5527490625069457,0.39413699881889336,0.39915310331258097,0.4996708790377971,0.274053341119731,0.34570027670070175,0.3991772351934635
866,124,5,PX-005,false signal injection,0.5527490625069457,0.39413699881889336,0.39915310331258097,0.4996708790377971,0.2918660429061006,0.34570027670070175,0.3991772351934635
867,124,6,PX-006,signal to unstable utterance,0.5527490625069457,0.39413699881889336,0.39915310331258097,0.4996708790377971,0.2918660429061006,0.3456735781979112,0.4036395116976392
868,124,7,PX-007,silence feedback reset,0.5122244712788971,0.3799784686671485,0.39915310331258097,0.4996708790377971,0.2592470869277592,0.3456735781979112,0.3991429430819346
869,125,1,PX-001,amplify identity fracture,0.5436601498508823,0.37542849693840136,0.39915310331258097,0.4996708790377971,0.2592470869277592,0.3456735781979112,0.3991429430819346
870,125,2,PX-002,fracture to access recursion,0.5436601498508823,0.3941382557885794,0.39915310331258097,0.5055868444494854,0.2592470869277592,0.3456735781979112,0.3991429430819346
871,125,3,PX-003,negation to lock formation,0.5527672455357795,0.3941382557885794,0.3991365506177601,0.5055868444494854,0.2592470869277592,0.3456735781979112,0.3991429430819346
872,125,4,PX-004,lagged temporal recursion,0.5527672455357795,0.3941382557885794,0.3991365506177601,0.49965985517494227,0.2740520666584029,0.3456735781979112,0.3991429430819346
873,125,5,PX-005,false signal injection,0.5527672455357795,0.3941382557885794,0.3991365506177601,0.49965985517494227,0.29186394358395895,0.3456735781979112,0.3991429430819346
874,125,6,PX-006,signal to unstable utterance,0.5527672455357795,0.3941382557885794,0.3991365506177601,0.49965985517494227,0.29186394358395895,0.34564931184432396,0.40360489104728037
875,125,7,PX-007,silence feedback reset,0.5122441690514463,0.3799808359710453,0.3991365506177601,0.49965985517494227,0.25924788425550094,0.34564931184432396,0.39911036883374207
876,126,1,PX-001,amplify identity fracture,0.5436800236619223,0.3754312072232206,0.3991365506177601,0.49965985517494227,0.25924788425550094,0.34564931184432396,0.39911036883374207
877,126,2,PX-002,fracture to access recursion,0.5436800236619223,0.39414198753470225,0.3991365506177601,0.5055760069486848,0.25924788425550094,0.34564931184432396,0.39911036883374207
878,126,3,PX-003,negation to lock formation,0.5527864126533343,0.39414198753470225,0.3991229603617139,0.5055760069486848,0.25924788425550094,0.34564931184432396,0.39911036883374207
879,126,4,PX-004,lagged temporal recursion,0.5527864126533343,0.39414198753470225,0.3991229603617139,0.4996517428604526,0.27405260768187323,0.34564931184432396,0.39911036883374207
880,126,5,PX-005,false signal injection,0.5527864126533343,0.39414198753470225,0.3991229603617139,0.4996517428604526,0.291863766164619,0.34564931184432396,0.39911036883374207
881,126,6,PX-006,signal to unstable utterance,0.5527864126533343,0.39414198753470225,0.3991229603617139,0.4996517428604526,0.291863766164619,0.3456274790429619,0.4035720339304
882,126,7,PX-007,silence feedback reset,0.512264561472171,0.37998552184145995,0.3991229603617139,0.4996517428604526,0.2592502335749786,0.3456274790429619,0.399079692681559
883,127,1,PX-001,amplify identity fracture,0.5437004941915378,0.375436186683062,0.3991229603617139,0.4996517428604526,0.2592502335749786,0.3456274790429619,0.399079692681559
884,127,2,PX-002,fracture to access recursion,0.5437004941915378,0.39414786553935466,0.3991229603617139,0.5055680787877893,0.2592502335749786,0.3456274790429619,0.399079692681559
885,127,3,PX-003,negation to lock formation,0.5528062280056706,0.39414786553935466,0.3991121488505431,0.5055680787877893,0.2592502335749786,0.3456274790429619,0.399079692681559
886,127,4,PX-004,lagged temporal recursion,0.5528062280056706,0.39414786553935466,0.3991121488505431,0.4996463007158528,0.2740547487969944,0.3456274790429619,0.399079692681559
887,127,5,PX-005,false signal injection,0.5528062280056706,0.39414786553935466,0.3991121488505431,0.4996463007158528,0.2918652913165358,0.3456274790429619,0.399079692681559
888,127,6,PX-006,signal to unstable utterance,0.5528062280056706,0.39414786553935466,0.3991121488505431,0.4996463007158528,0.2918652913165358,0.34560805278864276,0.40354111860646014
889,127,7,PX-007,silence feedback reset,0.5122853318321455,0.3799922047029199,0.3991121488505431,0.4996463007158528,0.2592539288810439,0.34560805278864276,0.39905105204515123
890,128,1,PX-001,amplify identity fracture,0.5437212550943485,0.3754431160312502,0.3991121488505431,0.4996463007158528,0.2592539288810439,0.34560805278864276,0.39905105204515123
891,128,2,PX-002,fracture to access recursion,0.5437212550943485,0.39415557425170455,0.3991121488505431,0.505562816705962,0.2592539288810439,0.34560805278864276,0.39905105204515123
892,128,3,PX-003,negation to lock formation,0.5528263869096336,0.39415557425170455,0.3991039213175618,0.505562816705962,0.2592539288810439,0.34560805278864276,0.39905105204515123
893,128,4,PX-004,lagged temporal recursion,0.5528263869096336,0.39415557425170455,0.3991039213175618,0.49964328418748916,0.2740582808699581,0.34560805278864276,0.39905105204515123
894,128,5,PX-005,false signal injection,0.5528263869096336,0.39415557425170455,0.3991039213175618,0.49964328418748916,0.2918683052320104,0.34560805278864276,0.39905105204515123
895,128,6,PX-006,signal to unstable utterance,0.5528263869096336,0.39415557425170455,0.3991039213175618,0.49964328418748916,0.2918683052320104,0.34559098125670284,0.40351228024259617
896,128,7,PX-007,silence feedback reset,0.5123061955148784,0.3800005768754594,0.3991039213175618,0.49964328418748916,0.25925877228775374,0.34559098125670284,0.39902454487300937
897,129,1,PX-001,amplify identity fracture,0.54374203194518,0.37545169015828306,0.3991039213175618,0.49964328418748916,0.25925877228775374,0.34559098125670284,0.39902454487300937
898,129,2,PX-002,fracture to access recursion,0.54374203194518,0.39416481324805225,0.3991039213175618,0.5055599745308585,0.25925877228775374,0.34559098125670284,0.39902454487300937
899,129,3,PX-003,negation to lock formation,0.5528466157933486,0.39416481324805225,0.3990980754586938,0.5055599745308585,0.25925877228775374,0.34559098125670284,0.39902454487300937
900,129,4,PX-004,lagged temporal recursion,0.5528466157933486,0.39416481324805225,0.3990980754586938,0.49964244874989105,0.27406300272391965,0.34559098125670284,0.39902454487300937
901,129,5,PX-005,false signal injection,0.5528466157933486,0.39416481324805225,0.3990980754586938,0.49964244874989105,0.29187260146436517,0.34559098125670284,0.39902454487300937
902,129,6,PX-006,signal to unstable utterance,0.5528466157933486,0.39416481324805225,0.3990980754586938,0.49964244874989105,0.29187260146436517,0.3455761912653786,0.4034856143132671
903,129,7,PX-007,silence feedback reset,0.5123268995994746,0.38001034653668164,0.3990980754586938,0.49964244874989105,0.2592645753823975,0.3455761912653786,0.3990002330562899
904,130,1,PX-001,amplify identity fracture,0.5437625817431939,0.3754616200317235,0.3990980754586938,0.49964244874989105,0.2592645753823975,0.3455761912653786,0.3990002330562899
905,130,2,PX-002,fracture to access recursion,0.5437625817431939,0.394175298968525,0.3990980754586938,0.5055593063705461,0.2592645753823975,0.3455761912653786,0.3990002330562899
906,130,3,PX-003,negation to lock formation,0.5528666717840476,0.394175298968525,0.3990944046474152,0.5055593063705461,0.2592645753823975,0.3455761912653786,0.3990002330562899
907,130,4,PX-004,lagged temporal recursion,0.5528666717840476,0.394175298968525,0.3990944046474152,0.49964355273958316,0.2740687225502376,0.3455761912653786,0.3990002330562899
908,130,5,PX-005,false signal injection,0.5528666717840476,0.394175298968525,0.3990944046474152,0.49964355273958316,0.291877982469414,0.3455761912653786,0.3990002330562899
909,130,6,PX-006,signal to unstable utterance,0.5528666717840476,0.394175298968525,0.3990944046474152,0.49964355273958316,0.291877982469414,0.34556359158640365,0.40346118006815657
910,130,7,PX-007,silence feedback reset,0.5123472221432201,0.3800212392749058,0.3990944046474152,0.49964355273958316,0.2592711603151862,0.34556359158640365,0.398978145867177
911,131,1,PX-001,amplify identity fracture,0.5437826921098995,0.3754726341918243,0.3990944046474152,0.49964355273958316,0.2592711603151862,0.34556359158640365,0.398978145867177
912,131,2,PX-002,fracture to access recursion,0.5437826921098995,0.3941867660591507,0.3990944046474152,0.5055605694342561,0.2592711603151862,0.34556359158640365,0.398978145867177
913,131,3,PX-003,negation to lock formation,0.5528863419884414,0.3941867660591507,0.3990927008290948,0.5055605694342561,0.2592711603151862,0.34556359158640365,0.398978145867177
914,131,4,PX-004,lagged temporal recursion,0.5528863419884414,0.3941867660591507,0.3990927008290948,0.4996463598291585,0.27407525904994595,0.34556359158640365,0.398978145867177
915,131,5,PX-005,false signal injection,0.5528863419884414,0.3941867660591507,0.3990927008290948,0.4996463598291585,0.29188426086742336,0.34556359158640365,0.398978145867177
916,131,6,PX-006,signal to unstable utterance,0.5528863419884414,0.3941867660591507,0.3990927008290948,0.4996463598291585,0.29188426086742336,0.3455530760830634,0.40343900402027666
917,131,7,PX-007,silence feedback reset,0.5123669711885626,0.3800329992625585,0.3990927008290948,0.4996463598291585,0.2592783606423364,0.3455530760830634,0.3989582833790322
918,132,1,PX-001,amplify identity fracture,0.5438021802253857,0.37548447987216327,0.3990927008290948,0.4996463598291585,0.2592783606423364,0.3455530760830634,0.3989582833790322
919,132,2,PX-002,fracture to access recursion,0.5438021802253857,0.39419896834923673,0.3990927008290948,0.5055635264921124,0.2592783606423364,0.3455530760830634,0.3989582833790322
920,132,3,PX-003,negation to lock formation,0.5529054425091895,0.39419896834923673,0.3990927570982818,0.5055635264921124,0.2592783606423364,0.3455530760830634,0.3989582833790322
921,132,4,PX-004,lagged temporal recursion,0.5529054425091895,0.39419896834923673,0.3990927570982818,0.4996506411544371,0.27408244232321727,0.3455530760830634,0.3989582833790322
922,132,5,PX-005,false signal injection,0.5529054425091895,0.39419896834923673,0.3990927570982818,0.4996506411544371,0.2918912604430684,0.3455530760830634,0.3989582833790322
923,132,6,PX-006,signal to unstable utterance,0.5529054425091895,0.39419896834923673,0.3990927570982818,0.4996506411544371,0.2918912604430684,0.34554452665932905,0.40341908341155014
924,132,7,PX-007,silence feedback reset,0.5123859835374815,0.3800453900799439,0.3990927570982818,0.4996506411544371,0.2592860219410472,0.34554452665932905,0.3989406198308349
925,133,1,PX-001,amplify identity fracture,0.5438208915450403,0.3754969237754736,0.3990927570982818,0.4996506411544371,0.2592860219410472,0.34554452665932905,0.3989406198308349
926,133,2,PX-002,fracture to access recursion,0.5438208915450403,0.3942116794946974,0.3990927570982818,0.5055679479869752,0.2592860219410472,0.34554452665932905,0.3989406198308349
927,133,3,PX-003,negation to lock formation,0.5529238172390581,0.3942116794946974,0.3990943699657194,0.5055679479869752,0.2592860219410472,0.34554452665932905,0.3989406198308349
928,133,4,PX-004,lagged temporal recursion,0.5529238172390581,0.3942116794946974,0.3990943699657194,0.49965617711005794,0.274090114525404,0.34554452665932905,0.3989406198308349
929,133,5,PX-005,false signal injection,0.5529238172390581,0.3942116794946974,0.3990943699657194,0.49965617711005794,0.2918988169018603,0.34554452665932905,0.3989406198308349
930,133,6,PX-006,signal to unstable utterance,0.5529238172390581,0.3942116794946974,0.3990943699657194,0.49965617711005794,0.2918988169018603,0.3455378160077536,0.4034013896183373
931,133,7,PX-007,silence feedback reset,0.5124041233340012,0.38005819522004863,0.3990943699657194,0.49965617711005794,0.2592940022153472,0.3455378160077536,0.3989251069033868
932,134,1,PX-001,amplify identity fracture,0.5438386983367012,0.37550975253531865,0.3990943699657194,0.49965617711005794,0.2592940022153472,0.3455378160077536,0.3989251069033868
933,134,2,PX-002,fracture to access recursion,0.5438386983367012,0.3942246933182693,0.3990943699657194,0.5055736138140323,0.2592940022153472,0.3455378160077536,0.3989251069033868
934,134,3,PX-003,negation to lock formation,0.5529413364721518,0.3942246933182693,0.3990973413246458,0.5055736138140323,0.2592940022153472,0.3455378160077536,0.3989251069033868
935,134,4,PX-004,lagged temporal recursion,0.5529413364721518,0.3942246933182693,0.3990973413246458,0.4996627588309056,0.27409813030877433,0.3455378160077536,0.3989251069033868
936,134,5,PX-005,false signal injection,0.5529413364721518,0.3942246933182693,0.3990973413246458,0.4996627588309056,0.2919067784021826,0.3455378160077536,0.3989251069033868
937,134,6,PX-006,signal to unstable utterance,0.5529413364721518,0.3942246933182693,0.3990973413246458,0.4996627588309056,0.2919067784021826,0.34553281014754605,0.4033858714644008
938,134,7,PX-007,silence feedback reset,0.5124212804931516,0.38007121830516766,0.3990973413246458,0.4996627588309056,0.2593021721120065,0.34553281014754605,0.3989116768795249
939,135,1,PX-001,amplify identity fracture,0.5438554980756842,0.3755227728943349,0.3990973413246458,0.4996627588309056,0.2593021721120065,0.34553281014754605,0.3989116768795249
940,135,2,PX-002,fracture to access recursion,0.5438554980756842,0.39423782387747225,0.3990973413246458,0.5055803147858065,0.2593021721120065,0.34553281014754605,0.3989116768795249
941,135,3,PX-003,negation to lock formation,0.5529578953692031,0.39423782387747225,0.3991014801282948,0.5055803147858065,0.2593021721120065,0.34553281014754605,0.3989116768795249
942,135,4,PX-004,lagged temporal recursion,0.5529578953692031,0.39423782387747225,0.3991014801282948,0.49967018937839497,0.2741063570693249,0.34553281014754605,0.3989116768795249
943,135,5,PX-005,false signal injection,0.5529578953692031,0.39423782387747225,0.3991014801282948,0.49967018937839497,0.2919150058824518,0.34553281014754605,0.3989116768795249
944,135,6,PX-006,signal to unstable utterance,0.5529578953692031,0.39423782387747225,0.3991014801282948,0.49967018937839497,0.2919150058824518,0.3455293707476419,0.4033724584136168
945,135,7,PX-007,silence feedback reset,0.512437369012087,0.3800842830459036,0.3991014801282948,0.49967018937839497,0.2593104149656949,0.3455293707476419,0.39890024566512344
946,136,1,PX-001,amplify identity fracture,0.5438712117324898,0.3755358116294897,0.3991014801282948,0.49967018937839497,0.2593104149656949,0.3455293707476419,0.39890024566512344
947,136,2,PX-002,fracture to access recursion,0.5438712117324898,0.39425090529075213,0.3991014801282948,0.5055878538018406,0.2593104149656949,0.3455293707476419,0.39890024566512344
948,136,3,PX-003,negation to lock formation,0.5529734123113605,0.39425090529075213,0.39910660379245694,0.5055878538018406,0.2593104149656949,0.3455293707476419,0.39890024566512344
949,136,4,PX-004,lagged temporal recursion,0.5529734123113605,0.39425090529075213,0.39910660379245694,0.4996782846518542,0.2741146750180723,0.3455293707476419,0.39890024566512344
950,136,5,PX-005,false signal injection,0.5529734123113605,0.39425090529075213,0.39910660379245694,0.4996782846518542,0.2919233732030367,0.3455293707476419,0.39890024566512344
951,136,6,PX-006,signal to unstable utterance,0.5529734123113605,0.39425090529075213,0.39910660379245694,0.4996782846518542,0.2919233732030367,0.3455273572326566,0.4033610636193214
952,136,7,PX-007,silence feedback reset,0.5124523251963544,0.38009723297254505,0.39910660379245694,0.4996782846518542,0.2593186266923395,0.3455273572326566,0.3988907156519473
953,137,1,PX-001,amplify identity fracture,0.5438857819852493,0.37554871525421274,0.39910660379245694,0.4996782846518542,0.2593186266923395,0.3455273572326566,0.3988907156519473
954,137,2,PX-002,fracture to access recursion,0.5438857819852493,0.39426379135153505,0.39910660379245694,0.5055960467435141,0.2593186266923395,0.3455273572326566,0.3988907156519473
955,137,3,PX-003,negation to lock formation,0.552987827174263,0.39426379135153505,0.3991125393385271,0.5055960467435141,0.2593186266923395,0.3455273572326566,0.3988907156519473
956,137,4,PX-004,lagged temporal recursion,0.552987827174263,0.39426379135153505,0.3991125393385271,0.4996868740460903,0.27412297709603034,0.3455273572326566,0.3988907156519473
957,137,5,PX-005,false signal injection,0.552987827174263,0.39426379135153505,0.3991125393385271,0.4996868740460903,0.2919317671224593,0.3455273572326566,0.3988907156519473
958,137,6,PX-006,signal to unstable utterance,0.552987827174263,0.39426379135153505,0.3991125393385271,0.4996868740460903,0.2919317671224593,0.34552662867235373,0.4033515868114971
959,137,7,PX-007,silence feedback reset,0.5124661058315216,0.3801099309680097,0.3991125393385271,0.4996868740460903,0.2593267155492255,0.34552662867235373,0.3988829784074249
960,138,1,PX-001,amplify identity fracture,0.5438991713861857,0.3755613495264069,0.3991125393385271,0.4996868740460903,0.2593267155492255,0.34552662867235373,0.3988829784074249
961,138,2,PX-002,fracture to access recursion,0.5438991713861857,0.3942763549589532,0.3991125393385271,0.5056047231152672,0.2593267155492255,0.34552662867235373,0.3988829784074249
962,138,3,PX-003,negation to lock formation,0.553001099551484,0.3942763549589532,0.3991191242936784,0.5056047231152672,0.2593267155492255,0.34552662867235373,0.3988829784074249
963,138,4,PX-004,lagged temporal recursion,0.553001099551484,0.3942763549589532,0.3991191242936784,0.49969580087672993,0.2741311687516906,0.34552662867235373,0.3988829784074249
964,138,5,PX-005,false signal injection,0.553001099551484,0.3942763549589532,0.3991191242936784,0.49969580087672993,0.2919400871270812,0.34552662867235373,0.3988829784074249
965,138,6,PX-006,signal to unstable utterance,0.553001099551484,0.3942763549589532,0.3991191242936784,0.49969580087672993,0.2919400871270812,0.3455270454576774,0.4033439170070405
966,138,7,PX-007,silence feedback reset,0.5124786863275685,0.38012225863047927,0.3991191242936784,0.49969580087672993,0.25933460177980805,0.3455270454576774,0.39887691718012425
967,139,1,PX-001,amplify identity fracture,0.5439113605085499,0.37557359879025715,0.3991191242936784,0.49969580087672993,0.25933460177980805,0.3455270454576774,0.39887691718012425
968,139,2,PX-002,fracture to access recursion,0.5439113605085499,0.39428848739282313,0.3991191242936784,0.5056137264539877,0.25933460177980805,0.3455270454576774,0.39887691718012425
969,139,3,PX-003,negation to lock formation,0.5530132069536898,0.39428848739282313,0.39912620736568427,0.5056137264539877,0.25933460177980805,0.3455270454576774,0.39887691718012425
970,139,4,PX-004,lagged temporal recursion,0.5530132069536898,0.39428848739282313,0.39912620736568427,0.4997049225951276,0.2741391675992685,0.3455270454576774,0.39887691718012425
971,139,5,PX-005,false signal injection,0.5530132069536898,0.39428848739282313,0.39912620736568427,0.4997049225951276,0.29194824513298223,0.3455270454576774,0.39887691718012425
972,139,6,PX-006,signal to unstable utterance,0.5530132069536898,0.39428848739282313,0.39912620736568427,0.4997049225951276,0.29194824513298223,0.3455284707685092,0.4033379350320932
973,139,7,PX-007,silence feedback reset,0.5124900588606275,0.3801341154925992,0.39912620736568427,0.4997049225951276,0.25934221716049527,0.3455284707685092,0.3988724092131337
974,140,1,PX-001,amplify identity fracture,0.5439223460977004,0.3755853651784801,0.39912620736568427,0.4997049225951276,0.25934221716049527,0.3455284707685092,0.3988724092131337
975,140,2,PX-002,fracture to access recursion,0.5439223460977004,0.3943000974591001,0.39912620736568427,0.5056229145284991,0.25934221716049527,0.3455284707685092,0.3988724092131337
976,140,3,PX-003,negation to lock formation,0.5530241430071285,0.3943000974591001,0.39913364891049397,0.5056229145284991,0.25934221716049527,0.3455284707685092,0.3988724092131337
977,140,4,PX-004,lagged temporal recursion,0.5530241430071285,0.3943000974591001,0.39913364891049397,0.49971411081456146,0.2741469029752764,0.3455284707685092,0.3988724092131337
978,140,5,PX-005,false signal injection,0.5530241430071285,0.3943000974591001,0.39913364891049397,0.49971411081456146,0.2919561650780817,0.3455284707685092,0.3988724092131337
979,140,6,PX-006,signal to unstable utterance,0.5530241430071285,0.3943000974591001,0.39913364891049397,0.49971411081456146,0.2919561650780817,0.3455307718401182,0.40333351584885685
980,140,7,PX-007,silence feedback reset,0.5125002305338943,0.3801454181226986,0.39913364891049397,0.49971411081456146,0.25934950446582955,0.3455307718401182,0.39886932786066553
