index,cycle,phase_index,step_id,operator_name,identity_split,access_recursion,contradiction_lock,temporal_feedback,false_signal,utterance_instability,silence_gain
0,0,0,initial,initial,0.12,0.08,0.05,0.1,0.06,0.04,0.05
1,1,1,PX-001,amplify identity fracture,0.19735199999999997,0.07988,0.05,0.1,0.06,0.04,0.05
2,1,2,PX-002,fracture to access recursion,0.19735199999999997,0.0907056128,0.05,0.10244905154560001,0.06,0.04,0.05
3,1,3,PX-003,negation to lock formation,0.19967656109359735,0.0907056128,0.057922304512000006,0.10244905154560001,0.06,0.04,0.05
4,1,4,PX-004,lagged temporal recursion,0.19967656109359735,0.0907056128,0.057922304512000006,0.10771912779703975,0.0640502392051687,0.04,0.05
5,1,5,PX-005,false signal injection,0.19967656109359735,0.0907056128,0.057922304512000006,0.10771912779703975,0.06695410454659827,0.04,0.05
6,1,6,PX-006,signal to unstable utterance,0.19967656109359735,0.0907056128,0.057922304512000006,0.10771912779703975,0.06695410454659827,0.04314134863410188,0.05
7,1,7,PX-007,silence feedback reset,0.19952944622754754,0.09029691655412371,0.057922304512000006,0.10771912779703975,0.0660155506550876,0.04314134863410188,0.050063819188766116
8,2,1,PX-001,amplify identity fracture,0.27007882106638753,0.09016129829901365,0.057922304512000006,0.10771912779703975,0.0660155506550876,0.04314134863410188,0.050063819188766116
9,2,2,PX-002,fracture to access recursion,0.27007882106638753,0.10629611533724842,0.057922304512000006,0.11056450751218695,0.0660155506550876,0.04314134863410188,0.050063819188766116
10,2,3,PX-003,negation to lock formation,0.2725849049771352,0.10629611533724842,0.06866724745290895,0.11056450751218695,0.0660155506550876,0.04314134863410188,0.050063819188766116
11,2,4,PX-004,lagged temporal recursion,0.2725849049771352,0.10629611533724842,0.06866724745290895,0.12257682125275397,0.07059494445109572,0.04314134863410188,0.050063819188766116
12,2,5,PX-005,false signal injection,0.2725849049771352,0.10629611533724842,0.06866724745290895,0.12257682125275397,0.07428930730971528,0.04314134863410188,0.050063819188766116
13,2,6,PX-006,signal to unstable utterance,0.2725849049771352,0.10629611533724842,0.06866724745290895,0.12257682125275397,0.07428930730971528,0.04710851865871131,0.050063819188766116
14,2,7,PX-007,silence feedback reset,0.2717285117967841,0.10580819027233598,0.06866724745290895,0.12257682125275397,0.07322839969607084,0.04710851865871131,0.0510027068528114
15,3,1,PX-001,amplify identity fracture,0.3360632084101014,0.1056462951490034,0.06866724745290895,0.12257682125275397,0.07322839969607084,0.04710851865871131,0.0510027068528114
16,3,2,PX-002,fracture to access recursion,0.3360632084101014,0.12612318213184828,0.06866724745290895,0.1258967233541493,0.07322839969607084,0.04710851865871131,0.0510027068528114
17,3,3,PX-003,negation to lock formation,0.33878016289239476,0.12612318213184828,0.08184376936808069,0.1258967233541493,0.07322839969607084,0.04710851865871131,0.0510027068528114
18,3,4,PX-004,lagged temporal recursion,0.33878016289239476,0.12612318213184828,0.08184376936808069,0.142779771909367,0.0785213692042098,0.04710851865871131,0.0510027068528114
19,3,5,PX-005,false signal injection,0.33878016289239476,0.12612318213184828,0.08184376936808069,0.142779771909367,0.08329473178342091,0.04710851865871131,0.0510027068528114
20,3,6,PX-006,signal to unstable utterance,0.33878016289239476,0.12612318213184828,0.08184376936808069,0.142779771909367,0.08329473178342091,0.05207302112709684,0.0510027068528114
21,3,7,PX-007,silence feedback reset,0.3372260727774805,0.1255225122724537,0.08184376936808069,0.142779771909367,0.08206056465012673,0.05207302112709684,0.052917389460184684
22,4,1,PX-001,amplify identity fracture,0.3958947263928576,0.12532324256241545,0.08184376936808069,0.142779771909367,0.08206056465012673,0.05207302112709684,0.052917389460184684
23,4,2,PX-002,fracture to access recursion,0.3958947263928576,0.14928715815142324,0.08184376936808069,0.14661893106221396,0.08206056465012673,0.05207302112709684,0.052917389460184684
24,4,3,PX-003,negation to lock formation,0.39882802645386917,0.14928715815142324,0.0971122150116873,0.14661893106221396,0.08206056465012673,0.05207302112709684,0.052917389460184684
25,4,4,PX-004,lagged temporal recursion,0.39882802645386917,0.14928715815142324,0.0971122150116873,0.1668891689963268,0.08818833063230665,0.05207302112709684,0.052917389460184684
26,4,5,PX-005,false signal injection,0.39882802645386917,0.14928715815142324,0.0971122150116873,0.1668891689963268,0.09419152747526562,0.05207302112709684,0.052917389460184684
27,4,6,PX-006,signal to unstable utterance,0.39882802645386917,0.14928715815142324,0.0971122150116873,0.1668891689963268,0.09419152747526562,0.05817406014338999,0.052917389460184684
28,4,7,PX-007,silence feedback reset,0.3965492068802116,0.1485363029933542,0.0971122150116873,0.1668891689963268,0.09271765102611972,0.05817406014338999,0.05588447923426716
29,5,1,PX-001,amplify identity fracture,0.45006268186437876,0.14828727677514922,0.0971122150116873,0.1668891689963268,0.09271765102611972,0.05817406014338999,0.05588447923426716
30,5,2,PX-002,fracture to access recursion,0.45006268186437876,0.17498569535349023,0.0971122150116873,0.17126264333841787,0.09271765102611972,0.05817406014338999,0.05588447923426716
31,5,3,PX-003,negation to lock formation,0.4532019822812179,0.17498569535349023,0.11416939034004438,0.17126264333841787,0.09271765102611972,0.05817406014338999,0.05588447923426716
32,5,4,PX-004,lagged temporal recursion,0.4532019822812179,0.17498569535349023,0.11416939034004438,0.1937472519328605,0.09974898949975491,0.05817406014338999,0.05588447923426716
33,5,5,PX-005,false signal injection,0.4532019822812179,0.17498569535349023,0.11416939034004438,0.1937472519328605,0.10703301970108303,0.05817406014338999,0.05588447923426716
34,5,6,PX-006,signal to unstable utterance,0.4532019822812179,0.17498569535349023,0.11416939034004438,0.1937472519328605,0.10703301970108303,0.06551386042619431,0.05588447923426716
35,5,7,PX-007,silence feedback reset,0.4501375579147771,0.17404141299206977,0.11416939034004438,0.1937472519328605,0.10523608361636437,0.06551386042619431,0.059959336772129425
36,6,1,PX-001,amplify identity fracture,0.49897254763885834,0.1737283507612531,0.11416939034004438,0.1937472519328605,0.10523608361636437,0.06551386042619431,0.059959336772129425
37,6,2,PX-002,fracture to access recursion,0.49897254763885834,0.2025020844508442,0.11416939034004438,0.198645287795195,0.10523608361636437,0.06551386042619431,0.059959336772129425
38,6,3,PX-003,negation to lock formation,0.5022978040145303,0.2025020844508442,0.13273749212748173,0.198645287795195,0.10523608361636437,0.06551386042619431,0.059959336772129425
39,6,4,PX-004,lagged temporal recursion,0.5022978040145303,0.2025020844508442,0.13273749212748173,0.2224197598503572,0.1131966106325569,0.06551386042619431,0.059959336772129425
40,6,5,PX-005,false signal injection,0.5022978040145303,0.2025020844508442,0.13273749212748173,0.2224197598503572,0.12174249246536069,0.06551386042619431,0.059959336772129425
41,6,6,PX-006,signal to unstable utterance,0.5022978040145303,0.2025020844508442,0.13273749212748173,0.2224197598503572,0.12174249246536069,0.07415551888802607,0.059959336772129425
42,6,7,PX-007,silence feedback reset,0.4983586806906122,0.20131420687275506,0.13273749212748173,0.2224197598503572,0.11952071837581438,0.07415551888802607,0.06517779702040437
43,7,1,PX-001,amplify identity fracture,0.5429620318146615,0.2009205703773688,0.13273749212748173,0.2224197598503572,0.11952071837581438,0.07415551888802607,0.06517779702040437
44,7,2,PX-002,fracture to access recursion,0.5429620318146615,0.2311953254118433,0.13273749212748173,0.22781294735001367,0.11952071837581438,0.07415551888802607,0.06517779702040437
45,7,3,PX-003,negation to lock formation,0.546448228681406,0.2311953254118433,0.1525561160962767,0.22781294735001367,0.11952071837581438,0.07415551888802607,0.06517779702040437
46,7,4,PX-004,lagged temporal recursion,0.546448228681406,0.2311953254118433,0.1525561160962767,0.2521507923577792,0.12840126031646024,0.07415551888802607,0.06517779702040437
47,7,5,PX-005,false signal injection,0.546448228681406,0.2311953254118433,0.1525561160962767,0.2521507923577792,0.13814353692339926,0.07415551888802607,0.06517779702040437
48,7,6,PX-006,signal to unstable utterance,0.546448228681406,0.2311953254118433,0.1525561160962767,0.2521507923577792,0.13814353692339926,0.08412272195507974,0.06517779702040437
49,7,7,PX-007,silence feedback reset,0.5415232932693502,0.22970639347279648,0.1525561160962767,0.2521507923577792,0.13537569112985812,0.08412272195507974,0.07155719166103723
50,8,1,PX-001,amplify identity fracture,0.5823162034149246,0.2292132791400915,0.1525561160962767,0.2521507923577792,0.13537569112985812,0.08412272195507974,0.07155719166103723
51,8,2,PX-002,fracture to access recursion,0.5823162034149246,0.2604920722415514,0.1525561160962767,0.2579950560524669,0.13537569112985812,0.08412272195507974,0.07155719166103723
52,8,3,PX-003,negation to lock formation,0.5859370361825247,0.2604920722415514,0.17337674083617688,0.2579950560524669,0.13537569112985812,0.08412272195507974,0.07155719166103723
53,8,4,PX-004,lagged temporal recursion,0.5859370361825247,0.2604920722415514,0.17337674083617688,0.2823274225438437,0.1451399772335405,0.08412272195507974,0.07155719166103723
54,8,5,PX-005,false signal injection,0.5859370361825247,0.2604920722415514,0.17337674083617688,0.2823274225438437,0.15598510837730867,0.08412272195507974,0.07155719166103723
55,8,6,PX-006,signal to unstable utterance,0.5859370361825247,0.2604920722415514,0.17337674083617688,0.2823274225438437,0.15598510837730867,0.09540087032631256,0.07155719166103723
56,8,7,PX-007,silence feedback reset,0.5798997185694689,0.2586376998560167,0.17337674083617688,0.2823274225438437,0.15253048186511964,0.09540087032631256,0.07909698533146213
57,9,1,PX-001,amplify identity fracture,0.6172812879107227,0.25802397598546645,0.17337674083617688,0.2823274225438437,0.15253048186511964,0.09540087032631256,0.07909698533146213
58,9,2,PX-002,fracture to access recursion,0.6172812879107227,0.2898804035401701,0.17337674083617688,0.2885685990347248,0.15253048186511964,0.09540087032631256,0.07909698533146213
59,9,3,PX-003,negation to lock formation,0.6210120149684865,0.2898804035401701,0.19495921886847614,0.2885685990347248,0.15253048186511964,0.09540087032631256,0.07909698533146213
60,9,4,PX-004,lagged temporal recursion,0.6210120149684865,0.2898804035401701,0.19495921886847614,0.3124520026114761,0.16312222378885669,0.09540087032631256,0.07909698533146213
61,9,5,PX-005,false signal injection,0.6210120149684865,0.2898804035401701,0.19495921886847614,0.3124520026114761,0.17496280542282028,0.09540087032631256,0.07909698533146213
62,9,6,PX-006,signal to unstable utterance,0.6210120149684865,0.2898804035401701,0.19495921886847614,0.3124520026114761,0.17496280542282028,0.10793929018101955,0.07909698533146213
63,9,7,PX-007,silence feedback reset,0.6137270139910337,0.2875903097438669,0.19495921886847614,0.3124520026114761,0.1706625359741865,0.10793929018101955,0.08777925763465641
64,10,1,PX-001,amplify identity fracture,0.6480768677906081,0.28683297582709977,0.19495921886847614,0.3124520026114761,0.1706625359741865,0.10793929018101955,0.08777925763465641
65,10,2,PX-002,fracture to access recursion,0.6480768677906081,0.31890524739270193,0.19495921886847614,0.3190298825375224,0.1706625359741865,0.10793929018101955,0.08777925763465641
66,10,3,PX-003,negation to lock formation,0.6518964637226822,0.31890524739270193,0.21706989865055887,0.3190298825375224,0.1706625359741865,0.10793929018101955,0.08777925763465641
67,10,4,PX-004,lagged temporal recursion,0.6518964637226822,0.31890524739270193,0.21706989865055887,0.342120542267342,0.18201187129079185,0.10793929018101955,0.08777925763465641
68,10,5,PX-005,false signal injection,0.6518964637226822,0.31890524739270193,0.21706989865055887,0.342120542267342,0.19473740735352685,0.10793929018101955,0.08777925763465641
69,10,6,PX-006,signal to unstable utterance,0.6518964637226822,0.31890524739270193,0.21706989865055887,0.342120542267342,0.19473740735352685,0.12165430097596282,0.08777925763465641
70,10,7,PX-007,silence feedback reset,0.6432264327133804,0.3161048677423744,0.21706989865055887,0.342120542267342,0.18941730297186835,0.12165430097596282,0.09756919869608895
71,11,1,PX-001,amplify identity fracture,0.6749063072478105,0.3151796047828877,0.21706989865055887,0.342120542267342,0.18941730297186835,0.12165430097596282,0.09756919869608895
72,11,2,PX-002,fracture to access recursion,0.6749063072478105,0.3471652073753347,0.21706989865055887,0.3489723280184939,0.18941730297186835,0.12165430097596282,0.09756919869608895
73,11,3,PX-003,negation to lock formation,0.6787989964119472,0.3471652073753347,0.23948106351629234,0.3489723280184939,0.18941730297186835,0.12165430097596282,0.09756919869608895
74,11,4,PX-004,lagged temporal recursion,0.6787989964119472,0.3471652073753347,0.23948106351629234,0.37100586840761907,0.20144654046895283,0.12165430097596282,0.09756919869608895
75,11,5,PX-005,false signal injection,0.6787989964119472,0.3471652073753347,0.23948106351629234,0.37100586840761907,0.2149513327916737,0.12165430097596282,0.09756919869608895
76,11,6,PX-006,signal to unstable utterance,0.6787989964119472,0.3471652073753347,0.23948106351629234,0.37100586840761907,0.2149513327916737,0.13643296658088566,0.09756919869608895
77,11,7,PX-007,silence feedback reset,0.6686109734795852,0.34377777192235637,0.23948106351629234,0.37100586840761907,0.2084261828063864,0.13643296658088566,0.10841573665838895
78,12,1,PX-001,amplify identity fracture,0.697965291170521,0.3426596443106641,0.23948106351629234,0.37100586840761907,0.2084261828063864,0.13643296658088566,0.10841573665838895
79,12,2,PX-002,fracture to access recursion,0.697965291170521,0.3743104853290134,0.23948106351629234,0.3780690413675824,0.2084261828063864,0.13643296658088566,0.10841573665838895
80,12,3,PX-003,negation to lock formation,0.7019215141620035,0.3743104853290134,0.2619714142665741,0.3780690413675824,0.2084261828063864,0.13643296658088566,0.10841573665838895
81,12,4,PX-004,lagged temporal recursion,0.7019215141620035,0.3743104853290134,0.2619714142665741,0.3988445259369237,0.2210547781608931,0.13643296658088566,0.10841573665838895
82,12,5,PX-005,false signal injection,0.7019215141620035,0.3743104853290134,0.2619714142665741,0.3988445259369237,0.2352433881660536,0.13643296658088566,0.10841573665838895
83,12,6,PX-006,signal to unstable utterance,0.7019215141620035,0.3743104853290134,0.2619714142665741,0.3988445259369237,0.2352433881660536,0.15213738742984562,0.10841573665838895
84,12,7,PX-007,silence feedback reset,0.6900928786162125,0.37025943004681894,0.2619714142665741,0.3988445259369237,0.22732258675999187,0.15213738742984562,0.12025237636116747
85,13,1,PX-001,amplify identity fracture,0.7174484389784972,0.36892369275682113,0.2619714142665741,0.3988445259369237,0.22732258675999187,0.15213738742984562,0.12025237636116747
86,13,2,PX-002,fracture to access recursion,0.7174484389784972,0.4000415708252254,0.2619714142665741,0.406059141341555,0.22732258675999187,0.15213738742984562,0.12025237636116747
87,13,3,PX-003,negation to lock formation,0.7214652957853155,0.4000415708252254,0.2843273484171338,0.406059141341555,0.22732258675999187,0.15213738742984562,0.12025237636116747
88,13,4,PX-004,lagged temporal recursion,0.7214652957853155,0.4000415708252254,0.2843273484171338,0.42542657749348894,0.24047128705684062,0.15213738742984562,0.12025237636116747
89,13,5,PX-005,false signal injection,0.7214652957853155,0.4000415708252254,0.2843273484171338,0.42542657749348894,0.25526194702756927,0.15213738742984562,0.12025237636116747
90,13,6,PX-006,signal to unstable utterance,0.7214652957853155,0.4000415708252254,0.2843273484171338,0.42542657749348894,0.25526194702756927,0.16860940387079645,0.12055534046501867
91,13,7,PX-007,silence feedback reset,0.707861826706504,0.39524353566046594,0.2843273484171338,0.42542657749348894,0.24573705849187996,0.16860940387079645,0.13326490474649225
92,14,1,PX-001,amplify identity fracture,0.7335219703927426,0.3936633728965222,0.2843273484171338,0.42542657749348894,0.24573705849187996,0.16860940387079645,0.13326490474649225
93,14,2,PX-002,fracture to access recursion,0.7335219703927426,0.4240943993946537,0.2843273484171338,0.43273677860926985,0.24573705849187996,0.16860940387079645,0.13326490474649225
94,14,3,PX-003,negation to lock formation,0.7376036437346283,0.4240943993946537,0.3063422037382488,0.43273677860926985,0.24573705849187996,0.16860940387079645,0.13326490474649225
95,14,4,PX-004,lagged temporal recursion,0.7376036437346283,0.4240943993946537,0.3063422037382488,0.4505840076347036,0.2593314112516827,0.16860940387079645,0.13326490474649225
96,14,5,PX-005,false signal injection,0.7376036437346283,0.4240943993946537,0.3063422037382488,0.4505840076347036,0.27465904507547645,0.16860940387079645,0.13326490474649225
97,14,6,PX-006,signal to unstable utterance,0.7376036437346283,0.4240943993946537,0.3063422037382488,0.4505840076347036,0.27465904507547645,0.18567417474584572,0.13415501307824806
98,14,7,PX-007,silence feedback reset,0.7220866640277372,0.4184615922217974,0.3063422037382488,0.4505840076347036,0.2633096745477038,0.18567417474584572,0.14757739421790397
99,15,1,PX-001,amplify identity fracture,0.7463347197324266,0.4166089280809864,0.3063422037382488,0.4505840076347036,0.2633096745477038,0.18567417474584572,0.14757739421790397
100,15,2,PX-002,fracture to access recursion,0.7463347197324266,0.4462387991526757,0.3063422037382488,0.4579391296147545,0.2633096745477038,0.18567417474584572,0.14757739421790397
101,15,3,PX-003,negation to lock formation,0.7504925025316627,0.4462387991526757,0.32781646702697115,0.4579391296147545,0.2633096745477038,0.18567417474584572,0.14757739421790397
102,15,4,PX-004,lagged temporal recursion,0.7504925025316627,0.4462387991526757,0.32781646702697115,0.474182200647667,0.27728269213645645,0.18567417474584572,0.14757739421790397
103,15,5,PX-005,false signal injection,0.7504925025316627,0.4462387991526757,0.32781646702697115,0.474182200647667,0.29310030311844776,0.18567417474584572,0.14757739421790397
104,15,6,PX-006,signal to unstable utterance,0.7504925025316627,0.4462387991526757,0.32781646702697115,0.474182200647667,0.29310030311844776,0.20314396419160663,0.14904846983310313
105,15,7,PX-007,silence feedback reset,0.732952567803038,0.4396916615211088,0.32781646702697115,0.474182200647667,0.2797215409986543,0.20314396419160663,0.16302027932624544
106,16,1,PX-001,amplify identity fracture,0.7560567202418098,0.437541301796751,0.32781646702697115,0.474182200647667,0.2797215409986543,0.20314396419160663,0.16302027932624544
107,16,2,PX-002,fracture to access recursion,0.7560567202418098,0.46629216815179486,0.32781646702697115,0.4815377422990511,0.2797215409986543,0.20314396419160663,0.16302027932624544
108,16,3,PX-003,negation to lock formation,0.7603081796772706,0.46629216815179486,0.348561308159425,0.4815377422990511,0.2797215409986543,0.20314396419160663,0.16302027932624544
109,16,4,PX-004,lagged temporal recursion,0.7603081796772706,0.46629216815179486,0.348561308159425,0.4961171426229104,0.2940152406375576,0.20314396419160663,0.16302027932624544
110,16,5,PX-005,false signal injection,0.7603081796772706,0.46629216815179486,0.348561308159425,0.4961171426229104,0.3102924868616777,0.20314396419160663,0.16302027932624544
111,16,6,PX-006,signal to unstable utterance,0.7603081796772706,0.46629216815179486,0.348561308159425,0.4961171426229104,0.3102924868616777,0.2208235748562589,0.16505660327398827
112,16,7,PX-007,silence feedback reset,0.7406699026267083,0.4587628732775328,0.348561308159425,0.4961171426229104,0.29470475354963704,0.2208235748562589,0.17941290386205072
113,17,1,PX-001,amplify identity fracture,0.7628791989631092,0.4562936338991682,0.348561308159425,0.4961171426229104,0.29470475354963704,0.2208235748562589,0.17941290386205072
114,17,2,PX-002,fracture to access recursion,0.7628791989631092,0.48412069661381046,0.348561308159425,0.503435346220665,0.29470475354963704,0.2208235748562589,0.17941290386205072
115,17,3,PX-003,negation to lock formation,0.7672469894562897,0.48412069661381046,0.36840213714535625,0.503435346220665,0.29470475354963704,0.2208235748562589,0.17941290386205072
116,17,4,PX-004,lagged temporal recursion,0.7672469894562897,0.48412069661381046,0.36840213714535625,0.5163131896366966,0.3092708830828525,0.2208235748562589,0.17941290386205072
117,17,5,PX-005,false signal injection,0.7672469894562897,0.48412069661381046,0.36840213714535625,0.5163131896366966,0.3259917401349204,0.2208235748562589,0.17941290386205072
118,17,6,PX-006,signal to unstable utterance,0.7672469894562897,0.48412069661381046,0.36840213714535625,0.5163131896366966,0.3259917401349204,0.23851584578600202,0.18199006745782473
119,17,7,PX-007,silence feedback reset,0.7454719743475621,0.47555613167554533,0.36840213714535625,0.5163131896366966,0.3080496193825592,0.23851584578600202,0.19656633833876724
120,18,1,PX-001,amplify identity fracture,0.76701293933262,0.47275178185120503,0.36840213714535625,0.5163131896366966,0.3080496193825592,0.23851584578600202,0.19656633833876724
121,18,2,PX-002,fracture to access recursion,0.76701293933262,0.4996396091591918,0.36840213714535625,0.5235632623032579,0.3080496193825592,0.23851584578600202,0.19656633833876724
122,18,3,PX-003,negation to lock formation,0.7715233587590506,0.4996396091591918,0.38718196740288835,0.5235632623032579,0.3080496193825592,0.23851584578600202,0.19656633833876724
123,18,4,PX-004,lagged temporal recursion,0.7715233587590506,0.4996396091591918,0.38718196740288835,0.5347211424588002,0.3228496393045016,0.23851584578600202,0.19656633833876724
124,18,5,PX-005,false signal injection,0.7715233587590506,0.4996396091591918,0.38718196740288835,0.5347211424588002,0.34000941201177204,0.23851584578600202,0.19656633833876724
125,18,6,PX-006,signal to unstable utterance,0.7715233587590506,0.4996396091591918,0.38718196740288835,0.5347211424588002,0.34000941201177204,0.25602702393498794,0.19965239207710797
126,18,7,PX-007,silence feedback reset,0.7476112324922928,0.490003660581285,0.38718196740288835,0.5347211424588002,0.3196087587314405,0.25602702393498794,0.2142866445081276
127,19,1,PX-001,amplify identity fracture,0.7686853292069531,0.48685362337460514,0.38718196740288835,0.5347211424588002,0.3196087587314405,0.25602702393498794,0.2142866445081276
128,19,2,PX-002,fracture to access recursion,0.7686853292069531,0.512812231399749,0.38718196740288835,0.5418791631335651,0.3196087587314405,0.25602702393498794,0.2142866445081276
129,19,3,PX-003,negation to lock formation,0.7733667262196572,0.512812231399749,0.4047643840880675,0.5418791631335651,0.3196087587314405,0.25602702393498794,0.2142866445081276
130,19,4,PX-004,lagged temporal recursion,0.7733667262196572,0.512812231399749,0.4047643840880675,0.5513164415376245,0.3346131938510225,0.25602702393498794,0.2142866445081276
131,19,5,PX-005,false signal injection,0.7733667262196572,0.512812231399749,0.4047643840880675,0.5513164415376245,0.35221515461834285,0.25602702393498794,0.2142866445081276
132,19,6,PX-006,signal to unstable utterance,0.7733667262196572,0.512812231399749,0.4047643840880675,0.5513164415376245,0.35221515461834285,0.2731718082935384,0.21784346855778355
133,19,7,PX-007,silence feedback reset,0.747354360281327,0.5020872465729223,0.4047643840880675,0.5513164415376245,0.3292979379198386,0.2731718082935384,0.23237842387374588
134,20,1,PX-001,amplify identity fracture,0.7681364497832834,0.4985870192827505,0.4047643840880675,0.5513164415376245,0.3292979379198386,0.2731718082935384,0.23237842387374588
135,20,2,PX-002,fracture to access recursion,0.7681364497832834,0.5236477986657603,0.4047643840880675,0.5583650062682147,0.3292979379198386,0.2731718082935384,0.23237842387374588
136,20,3,PX-003,negation to lock formation,0.773017594237354,0.5236477986657603,0.4210359454522547,0.5583650062682147,0.3292979379198386,0.2731718082935384,0.23237842387374588
137,20,4,PX-004,lagged temporal recursion,0.773017594237354,0.5236477986657603,0.4210359454522547,0.5660973589835326,0.34448524456017415,0.2731718082935384,0.23237842387374588
138,20,5,PX-005,false signal injection,0.773017594237354,0.5236477986657603,0.4210359454522547,0.5660973589835326,0.3625371747722784,0.2731718082935384,0.23237842387374588
139,20,6,PX-006,signal to unstable utterance,0.773017594237354,0.5236477986657603,0.4210359454522547,0.5660973589835326,0.3625371747722784,0.2897778735481603,0.23636323570731999
140,20,7,PX-007,silence feedback reset,0.744976711270241,0.5118351615965827,0.4210359454522547,0.5660973589835326,0.3370937454171774,0.2897778735481603,0.25064847656246647
141,21,1,PX-001,amplify identity fracture,0.7656145695858544,0.5079864404914242,0.4210359454522547,0.5660973589835326,0.3370937454171774,0.2897778735481603,0.25064847656246647
142,21,2,PX-002,fracture to access recursion,0.7656145695858544,0.5321980377065177,0.4210359454522547,0.5730250230066718,0.3370937454171774,0.2897778735481603,0.25064847656246647
143,21,3,PX-003,negation to lock formation,0.7707230924611524,0.5321980377065177,0.4359078861063661,0.5730250230066718,0.3370937454171774,0.2897778735481603,0.25064847656246647
144,21,4,PX-004,lagged temporal recursion,0.7707230924611524,0.5321980377065177,0.4359078861063661,0.5790831162620893,0.35244885820491545,0.2897778735481603,0.25064847656246647
145,21,5,PX-005,false signal injection,0.7707230924611524,0.5321980377065177,0.4359078861063661,0.5790831162620893,0.37095974860512376,0.2897778735481603,0.25064847656246647
146,21,6,PX-006,signal to unstable utterance,0.7707230924611524,0.5321980377065177,0.4359078861063661,0.5790831162620893,0.37095974860512376,0.30568970568122217,0.2550153886785221
147,21,7,PX-007,silence feedback reset,0.7407565317064273,0.5193178628740625,0.4359078861063661,0.5790831162620893,0.34302847110215323,0.30568970568122217,0.2689093975443547
148,22,1,PX-001,amplify identity fracture,0.7613713890368754,0.5151283792648779,0.4359078861063661,0.5790831162620893,0.34302847110215323,0.30568970568122217,0.2689093975443547
149,22,2,PX-002,fracture to access recursion,0.7613713890368754,0.5385526544722847,0.4359078861063661,0.5858836934135669,0.34302847110215323,0.30568970568122217,0.2689093975443547
150,22,3,PX-003,negation to lock formation,0.7667323840980106,0.5385526544722847,0.4493170403580547,0.5858836934135669,0.34302847110215323,0.30568970568122217,0.2689093975443547
151,22,4,PX-004,lagged temporal recursion,0.7667323840980106,0.5385526544722847,0.4493170403580547,0.59031189717646,0.3585411954867375,0.30568970568122217,0.2689093975443547
152,22,5,PX-005,false signal injection,0.7667323840980106,0.5385526544722847,0.4493170403580547,0.59031189717646,0.377518322356779,0.30568970568122217,0.2689093975443547
153,22,6,PX-006,signal to unstable utterance,0.7667323840980106,0.5385526544722847,0.4493170403580547,0.59031189717646,0.377518322356779,0.3207716222758894,0.2736109424318528
154,22,7,PX-007,silence feedback reset,0.7349693543725295,0.5246426658600304,0.4493170403580547,0.59031189717646,0.3471827523399981,0.3207716222758894,0.2869829490980671
155,23,1,PX-001,amplify identity fracture,0.7556573403736193,0.5201257608758949,0.4493170403580547,0.59031189717646,0.3471827523399981,0.3207716222758894,0.2869829490980671
156,23,2,PX-002,fracture to access recursion,0.7556573403736193,0.5428339435241973,0.4493170403580547,0.5969836754305795,0.3471827523399981,0.3207716222758894,0.2869829490980671
157,23,3,PX-003,negation to lock formation,0.7612921992242919,0.5428339435241973,0.4612259569646007,0.5969836754305795,0.3471827523399981,0.3207716222758894,0.2869829490980671
158,23,4,PX-004,lagged temporal recursion,0.7612921992242919,0.5428339435241973,0.4612259569646007,0.5998387559633529,0.3628461557683099,0.3207716222758894,0.2869829490980671
159,23,5,PX-005,false signal injection,0.7612921992242919,0.5428339435241973,0.4612259569646007,0.5998387559633529,0.38229269603704136,0.3207716222758894,0.2869829490980671
160,23,6,PX-006,signal to unstable utterance,0.7612921992242919,0.5428339435241973,0.4612259569646007,0.5998387559633529,0.38229269603704136,0.3349099008673798,0.2919714987656674
161,23,7,PX-007,silence feedback reset,0.7278828732807885,0.5279476582871687,0.4612259569646007,0.5998387559633529,0.34967668372207095,0.3349099008673798,0.30470307038370614
162,24,1,PX-001,amplify identity fracture,0.7487171921023434,0.5231216401127091,0.4612259569646007,0.5998387559633529,0.34967668372207095,0.3349099008673798,0.30470307038370614
163,24,2,PX-002,fracture to access recursion,0.7487171921023434,0.5451907908971951,0.4612259569646007,0.6063836827170352,0.34967668372207095,0.3349099008673798,0.30470307038370614
164,24,3,PX-003,negation to lock formation,0.7546427199983055,0.5451907908971951,0.47162222879771304,0.6063836827170352,0.34967668372207095,0.3349099008673798,0.30470307038370614
165,24,4,PX-004,lagged temporal recursion,0.7546427199983055,0.5451907908971951,0.47162222879771304,0.60773344105323,0.3654856127940203,0.3349099008673798,0.30470307038370614
166,24,5,PX-005,false signal injection,0.7546427199983055,0.5451907908971951,0.47162222879771304,0.60773344105323,0.3853988989474431,0.3349099008673798,0.30470307038370614
167,24,6,PX-006,signal to unstable utterance,0.7546427199983055,0.5451907908971951,0.47162222879771304,0.60773344105323,0.3853988989474431,0.3480139936881076,0.3099320924851557
168,24,7,PX-007,silence feedback reset,0.7197525207724118,0.5293951649351047,0.47162222879771304,0.60773344105323,0.3506601382221888,0.3480139936881076,0.32191841473608623
169,25,1,PX-001,amplify identity fracture,0.7407861445127837,0.524282503367159,0.47162222879771304,0.60773344105323,0.3506601382221888,0.3480139936881076,0.32191841473608623
170,25,2,PX-002,fracture to access recursion,0.7407861445127837,0.5457923694683929,0.47162222879771304,0.6141563238933532,0.3506601382221888,0.3480139936881076,0.32191841473608623
171,25,3,PX-003,negation to lock formation,0.74701397911501,0.5457923694683929,0.4805171074301221,0.6141563238933532,0.3506601382221888,0.3480139936881076,0.32191841473608623
172,25,4,PX-004,lagged temporal recursion,0.74701397911501,0.5457923694683929,0.4805171074301221,0.6140781677691958,0.3666099555253896,0.3480139936881076,0.32191841473608623
173,25,5,PX-005,false signal injection,0.74701397911501,0.5457923694683929,0.4805171074301221,0.6140781677691958,0.3869804073887462,0.3480139936881076,0.32191841473608623
174,25,6,PX-006,signal to unstable utterance,0.74701397911501,0.5457923694683929,0.4805171074301221,0.6140781677691958,0.3869804073887462,0.3600168606090933,0.32734352473293926
175,25,7,PX-007,silence feedback reset,0.7108178803033857,0.5291650829666702,0.4805171074301221,0.6140781677691958,0.3503030176795319,0.3600168606090933,0.33849433984733945
176,26,1,PX-001,amplify identity fracture,0.732086539880416,0.5237915014037983,0.4805171074301221,0.6140781677691958,0.3503030176795319,0.3600168606090933,0.33849433984733945
177,26,2,PX-002,fracture to access recursion,0.732086539880416,0.5448218247180554,0.4805171074301221,0.6203859268742314,0.3503030176795319,0.3600168606090933,0.33849433984733945
178,26,3,PX-003,negation to lock formation,0.7386228715834835,0.5448218247180554,0.4879435098296276,0.6203859268742314,0.3503030176795319,0.3600168606090933,0.33849433984733945
179,26,4,PX-004,lagged temporal recursion,0.7386228715834835,0.5448218247180554,0.4879435098296276,0.6189653796406963,0.36638861525206806,0.3600168606090933,0.33849433984733945
180,26,5,PX-005,false signal injection,0.7386228715834835,0.5448218247180554,0.4879435098296276,0.6189653796406963,0.38719932709458116,0.3600168606090933,0.33849433984733945
181,26,6,PX-006,signal to unstable utterance,0.7386228715834835,0.5448218247180554,0.4879435098296276,0.6189653796406963,0.38719932709458116,0.37087449870851485,0.34407412682644095
182,26,7,PX-007,silence feedback reset,0.701299988122102,0.5274483894133125,0.4879435098296276,0.6189653796406963,0.3487860533894331,0.37087449870851485,0.3543143121195566
183,27,1,PX-001,amplify identity fracture,0.7228252530912478,0.5218419140151062,0.4879435098296276,0.6189653796406963,0.3487860533894331,0.37087449870851485,0.3543143121195566
184,27,2,PX-002,fracture to access recursion,0.7228252530912478,0.5424702229563046,0.4879435098296276,0.6251663777045078,0.3487860533894331,0.37087449870851485,0.3543143121195566
185,27,3,PX-003,negation to lock formation,0.7296708255991543,0.5424702229563046,0.4939535498275517,0.6251663777045078,0.3487860533894331,0.37087449870851485,0.3543143121195566
186,27,4,PX-004,lagged temporal recursion,0.7296708255991543,0.5424702229563046,0.4939535498275517,0.6224955397062768,0.36500116447581704,0.37087449870851485,0.3543143121195566
187,27,5,PX-005,false signal injection,0.7296708255991543,0.5424702229563046,0.4939535498275517,0.6224955397062768,0.38622807784144875,0.37087449870851485,0.3543143121195566
188,27,6,PX-006,signal to unstable utterance,0.7296708255991543,0.5424702229563046,0.4939535498275517,0.6224955397062768,0.38622807784144875,0.3805647828261528,0.3600109330604088
189,27,7,PX-007,silence feedback reset,0.6913995108004406,0.524441081398857,0.4939535498275517,0.6224955397062768,0.34629263458017834,0.3805647828261528,0.369280721052382
190,28,1,PX-001,amplify identity fracture,0.713191778880721,0.5186311019782032,0.4939535498275517,0.6224955397062768,0.34629263458017834,0.3805647828261528,0.369280721052382
191,28,2,PX-002,fracture to access recursion,0.713191778880721,0.538930989570244,0.4939535498275517,0.6285990052768751,0.34629263458017834,0.3805647828261528,0.369280721052382
192,28,3,PX-003,negation to lock formation,0.7203421335508572,0.538930989570244,0.4986157399694912,0.6285990052768751,0.34629263458017834,0.3805647828261528,0.369280721052382
193,28,4,PX-004,lagged temporal recursion,0.7203421335508572,0.538930989570244,0.4986157399694912,0.6247749915735349,0.3626294351290474,0.3805647828261528,0.369280721052382
194,28,5,PX-005,false signal injection,0.7203421335508572,0.538930989570244,0.4986157399694912,0.6247749915735349,0.3842419937056721,0.3805647828261528,0.369280721052382
195,28,6,PX-006,signal to unstable utterance,0.7203421335508572,0.538930989570244,0.4986157399694912,0.6247749915735349,0.3842419937056721,0.38908575458775285,0.37506027313041235
196,28,7,PX-007,silence feedback reset,0.6812957357703452,0.5203387533593431,0.4986157399694912,0.6247749915735349,0.34300197816738864,0.38908575458775285,0.3833151300281975
197,29,1,PX-001,amplify identity fracture,0.7033569922907245,0.5143551418522637,0.4986157399694912,0.6247749915735349,0.34300197816738864,0.38908575458775285,0.3833151300281975
198,29,2,PX-002,fracture to access recursion,0.7033569922907245,0.5343950086807815,0.4986157399694912,0.630790542722594,0.34300197816738864,0.38908575458775285,0.3833151300281975
199,29,3,PX-003,negation to lock formation,0.7108029099233771,0.5343950086807815,0.502012010338708,0.630790542722594,0.34300197816738864,0.38908575458775285,0.3833151300281975
200,29,4,PX-004,lagged temporal recursion,0.7108029099233771,0.5343950086807815,0.502012010338708,0.6259139262042837,0.35945094662153654,0.38908575458775285,0.3833151300281975
201,29,5,PX-005,false signal injection,0.7108029099233771,0.5343950086807815,0.502012010338708,0.6259139262042837,0.3814131104847059,0.38908575458775285,0.3833151300281975
202,29,6,PX-006,signal to unstable utterance,0.7108029099233771,0.5343950086807815,0.502012010338708,0.6259139262042837,0.3814131104847059,0.3964535074031064,0.38914782204688797
203,29,7,PX-007,silence feedback reset,0.6711462787194721,0.5153319516684796,0.502012010338708,0.6259139262042837,0.33908379039908504,0.3964535074031064,0.3963580144657703
204,30,1,PX-001,amplify identity fracture,0.6934725295651867,0.5092042731938569,0.502012010338708,0.6259139262042837,0.33908379039908504,0.3964535074031064,0.3963580144657703
205,30,2,PX-002,fracture to access recursion,0.6934725295651867,0.52904649488549,0.502012010338708,0.6318511939880966,0.33908379039908504,0.3964535074031064,0.3963580144657703
206,30,3,PX-003,negation to lock formation,0.7012006186394151,0.52904649488549,0.5042346816920535,0.6318511939880966,0.33908379039908504,0.3964535074031064,0.3963580144657703
207,30,4,PX-004,lagged temporal recursion,0.7012006186394151,0.52904649488549,0.5042346816920535,0.6260244852236241,0.3556337795947395,0.3964535074031064,0.3963580144657703
208,30,5,PX-005,false signal injection,0.7012006186394151,0.52904649488549,0.5042346816920535,0.6260244852236241,0.37790527143869435,0.3964535074031064,0.3963580144657703
209,30,6,PX-006,signal to unstable utterance,0.7012006186394151,0.52904649488549,0.5042346816920535,0.6260244852236241,0.37790527143869435,0.40269981308582387,0.4022181663481668
210,30,7,PX-007,silence feedback reset,0.6610873932272813,0.5096023829035112,0.5042346816920535,0.6260244852236241,0.33469442793708354,0.40269981308582387,0.4083680560730594
211,31,1,PX-001,amplify identity fracture,0.6836707168620259,0.5033592228692161,0.5042346816920535,0.6260244852236241,0.33469442793708354,0.40269981308582387,0.4083680560730594
212,31,2,PX-002,fracture to access recursion,0.6836707168620259,0.523059688765303,0.5042346816920535,0.6318928307145674,0.33469442793708354,0.40269981308582387,0.4083680560730594
213,31,3,PX-003,negation to lock formation,0.6916640970845407,0.523059688765303,0.5053835132315836,0.6318928307145674,0.33469442793708354,0.40269981308582387,0.4083680560730594
214,31,4,PX-004,lagged temporal recursion,0.6916640970845407,0.523059688765303,0.5053835132315836,0.6252190256032664,0.35133289599682754,0.40269981308582387,0.4083680560730594
215,31,5,PX-005,false signal injection,0.6916640970845407,0.523059688765303,0.5053835132315836,0.6252190256032664,0.37387055911584877,0.40269981308582387,0.4083680560730594
216,31,6,PX-006,signal to unstable utterance,0.6916640970845407,0.523059688765303,0.5053835132315836,0.6252190256032664,0.37387055911584877,0.4078696243181288,0.4142339595800904
217,31,7,PX-007,silence feedback reset,0.6512347617144976,0.5033199932859539,0.5053835132315836,0.6252190256032664,0.32997445402574616,0.4078696243181288,0.4193210726834623
218,32,1,PX-001,amplify identity fracture,0.6740649626787173,0.49698841290132295,0.5053835132315836,0.6252190256032664,0.32997445402574616,0.4078696243181288,0.4193210726834623
219,32,2,PX-002,fracture to access recursion,0.6740649626787173,0.5165963753888752,0.5053835132315836,0.6310273403914083,0.32997445402574616,0.4078696243181288,0.4193210726834623
220,32,3,PX-003,negation to lock formation,0.682303996192868,0.5165963753888752,0.5055629233275271,0.6310273403914083,0.32997445402574616,0.4078696243181288,0.4193210726834623
221,32,4,PX-004,lagged temporal recursion,0.682303996192868,0.5165963753888752,0.5055629233275271,0.6236085642651662,0.3466878007755857,0.4078696243181288,0.4193210726834623
222,32,5,PX-005,false signal injection,0.682303996192868,0.5165963753888752,0.5055629233275271,0.6236085642651662,0.3694469643329288,0.4078696243181288,0.4193210726834623
223,32,6,PX-006,signal to unstable utterance,0.682303996192868,0.5165963753888752,0.5055629233275271,0.6236085642651662,0.3694469643329288,0.41201856904982265,0.4251747475770503
224,32,7,PX-007,silence feedback reset,0.6416846496470288,0.4966408876205999,0.5055629233275271,0.6236085642651662,0.325047409345681,0.41201856904982265,0.4292086674104453
225,33,1,PX-001,amplify identity fracture,0.6647505253698436,0.49024601041388455,0.5055629233275271,0.6236085642651662,0.325047409345681,0.41201856904982265,0.4292086674104453
226,33,2,PX-002,fracture to access recursion,0.6647505253698436,0.5098041823154824,0.5055629233275271,0.6293651421089266,0.325047409345681,0.41201856904982265,0.4292086674104453
227,33,3,PX-003,negation to lock formation,0.6732135540088952,0.5098041823154824,0.5048794572094641,0.6293651421089266,0.325047409345681,0.41201856904982265,0.4292086674104453
228,33,4,PX-004,lagged temporal recursion,0.6732135540088952,0.5098041823154824,0.5048794572094641,0.6213014148089772,0.3418213693257815,0.41201856904982265,0.4292086674104453
229,33,5,PX-005,false signal injection,0.6732135540088952,0.5098041823154824,0.5048794572094641,0.6213014148089772,0.36475713735885607,0.41201856904982265,0.4292086674104453
230,33,6,PX-006,signal to unstable utterance,0.6732135540088952,0.5098041823154824,0.5048794572094641,0.6213014148089772,0.36475713735885607,0.4152105310026299,0.43503554577372044
231,33,7,PX-007,silence feedback reset,0.6325153141239913,0.4897060185026037,0.5048794572094641,0.6213014148089772,0.3200195758750115,0.4152105310026299,0.43803667957359965
232,34,1,PX-001,amplify identity fracture,0.6558055681418415,0.4832707425532411,0.5048794572094641,0.6213014148089772,0.3200195758750115,0.4152105310026299,0.43803667957359965
233,34,2,PX-002,fracture to access recursion,0.6558055681418415,0.5028155820718889,0.5048794572094641,0.6270138812952559,0.3200195758750115,0.4152105310026299,0.43803667957359965
234,34,3,PX-003,negation to lock formation,0.6644696226600854,0.5028155820718889,0.5034395513878781,0.6270138812952559,0.3200195758750115,0.4152105310026299,0.43803667957359965
235,34,4,PX-004,lagged temporal recursion,0.6644696226600854,0.5028155820718889,0.5034395513878781,0.6184020224410011,0.3368396266549788,0.4152105310026299,0.43803667957359965
236,34,5,PX-005,false signal injection,0.6644696226600854,0.5028155820718889,0.5034395513878781,0.6184020224410011,0.3599080301059593,0.4152105310026299,0.43803667957359965
237,34,6,PX-006,signal to unstable utterance,0.6644696226600854,0.5028155820718889,0.5034395513878781,0.6184020224410011,0.3599080301059593,0.4175153873668303,0.44382524765942183
238,34,7,PX-007,silence feedback reset,0.623788571022943,0.48264055118747873,0.5034395513878781,0.6184020224410011,0.31498050052357246,0.4175153873668303,0.4458235142655737
239,35,1,PX-001,amplify identity fracture,0.6472924190753452,0.47618537598775446,0.5034395513878781,0.6184020224410011,0.31498050052357246,0.4175153873668303,0.4458235142655737
240,35,2,PX-002,fracture to access recursion,0.6472924190753452,0.49574750383135135,0.5034395513878781,0.6240773097862601,0.31498050052357246,0.4175153873668303,0.4458235142655737
241,35,3,PX-003,negation to lock formation,0.6561338744260385,0.49574750383135135,0.5013476221585434,0.6240773097862601,0.31498050052357246,0.4175153873668303,0.4458235142655737
242,35,4,PX-004,lagged temporal recursion,0.6561338744260385,0.49574750383135135,0.5013476221585434,0.6150099974874662,0.331832254149647,0.4175153873668303,0.4458235142655737
243,35,5,PX-005,false signal injection,0.6561338744260385,0.49574750383135135,0.5013476221585434,0.6150099974874662,0.3549912273873557,0.4175153873668303,0.4458235142655737
244,35,6,PX-006,signal to unstable utterance,0.6561338744260385,0.49574750383135135,0.5013476221585434,0.6150099974874662,0.3549912273873557,0.41900695260368703,0.45156493677656145
245,35,7,PX-007,silence feedback reset,0.6155514398032301,0.47555379555692984,0.5013476221585434,0.6150099974874662,0.31000405628552574,0.41900695260368703,0.4525984188491079
246,36,1,PX-001,amplify identity fracture,0.6392589618020559,0.4690967486785271,0.5013476221585434,0.6150099974874662,0.31000405628552574,0.41900695260368703,0.4525984188491079
247,36,2,PX-002,fracture to access recursion,0.6392589618020559,0.48870144905238033,0.5013476221585434,0.6206543526504229,0.31000405628552574,0.41900695260368703,0.4525984188491079
248,36,3,PX-003,negation to lock formation,0.6482541205070754,0.48870144905238033,0.4987044861851167,0.6206543526504229,0.31000405628552574,0.41900695260368703,0.4525984188491079
249,36,4,PX-004,lagged temporal recursion,0.6482541205070754,0.48870144905238033,0.4987044861851167,0.6112193427895576,0.3268736109753106,0.41900695260368703,0.4525984188491079
250,36,5,PX-005,false signal injection,0.6482541205070754,0.48870144905238033,0.4987044861851167,0.6112193427895576,0.35008377396235174,0.41900695260368703,0.4525984188491079
251,36,6,PX-006,signal to unstable utterance,0.6482541205070754,0.48870144905238033,0.4987044861851167,0.6112193427895576,0.35008377396235174,0.41976115744949366,0.45828616558148544
252,36,7,PX-007,silence feedback reset,0.6078378004060295,0.4685395924357892,0.4987044861851167,0.6112193427895576,0.3051498445079452,0.41976115744949366,0.4583997643297838
253,37,1,PX-001,amplify identity fracture,0.6317400923500434,0.46209623927323706,0.4987044861851167,0.6112193427895576,0.3051498445079452,0.41976115744949366,0.4583997643297838
254,37,2,PX-002,fracture to access recursion,0.6317400923500434,0.4817640044572215,0.4987044861851167,0.6168383585777539,0.3051498445079452,0.41976115744949366,0.4583997643297838
255,37,3,PX-003,negation to lock formation,0.6408656852820699,0.4817640044572215,0.4956061054955111,0.6168383585777539,0.3051498445079452,0.41976115744949366,0.4583997643297838
256,37,4,PX-004,lagged temporal recursion,0.6408656852820699,0.4817640044572215,0.4956061054955111,0.6071178659399613,0.32202408224996065,0.41976115744949366,0.4583997643297838
257,37,5,PX-005,false signal injection,0.6408656852820699,0.4817640044572215,0.4956061054955111,0.6071178659399613,0.3452493256518638,0.41976115744949366,0.4583997643297838
258,37,6,PX-006,signal to unstable utterance,0.6408656852820699,0.4817640044572215,0.4956061054955111,0.6071178659399613,0.3452493256518638,0.41985447558688077,0.4640292541384964
259,37,7,PX-007,silence feedback reset,0.6006700114037631,0.461677045038313,0.4956061054955111,0.6071178659399613,0.30046477562572044,0.41985447558688077,0.4632733785068203
260,38,1,PX-001,amplify identity fracture,0.6247591884283458,0.4552605645052947,0.4956061054955111,0.6071178659399613,0.30046477562572044,0.41985447558688077,0.4632733785068203
261,38,2,PX-002,fracture to access recursion,0.6247591884283458,0.4750076509404511,0.4956061054955111,0.6127165265278512,0.30046477562572044,0.41985447558688077,0.4632733785068203
262,38,3,PX-003,negation to lock formation,0.6339927885623675,0.4750076509404511,0.4921426374358305,0.6127165265278512,0.30046477562572044,0.41985447558688077,0.4632733785068203
263,38,4,PX-004,lagged temporal recursion,0.6339927885623675,0.4750076509404511,0.4921426374358305,0.6027867638221008,0.317331598588926,0.41985447558688077,0.4632733785068203
264,38,5,PX-005,false signal injection,0.6339927885623675,0.4750076509404511,0.4921426374358305,0.6027867638221008,0.3405394813247515,0.41985447558688077,0.4632733785068203
265,38,6,PX-006,signal to unstable utterance,0.6339927885623675,0.4750076509404511,0.4921426374358305,0.6027867638221008,0.3405394813247515,0.4193625973179582,0.46884165093082686
266,38,7,PX-007,silence feedback reset,0.594060451972854,0.4550314953496791,0.4921426374358305,0.6027867638221008,0.29598470176658875,0.4193625973179582,0.46727096690435493
267,39,1,PX-001,amplify identity fracture,0.6183295482775977,0.4486528051455598,0.4921426374358305,0.6027867638221008,0.29598470176658875,0.4193625973179582,0.46727096690435493
268,39,2,PX-002,fracture to access recursion,0.6183295482775977,0.46849177676369963,0.4921426374358305,0.6083694978652321,0.29598470176658875,0.4193625973179582,0.46727096690435493
269,39,3,PX-003,negation to lock formation,0.6276498980000376,0.46849177676369963,0.4883977620158463,0.6083694978652321,0.29598470176658875,0.4193625973179582,0.46727096690435493
270,39,4,PX-004,lagged temporal recursion,0.6276498980000376,0.46849177676369963,0.4883977620158463,0.598300364293774,0.31283320614264637,0.4193625973179582,0.46727096690435493
271,39,5,PX-005,false signal injection,0.6276498980000376,0.46849177676369963,0.4883977620158463,0.598300364293774,0.33599518324631034,0.4193625973179582,0.46727096690435493
272,39,6,PX-006,signal to unstable utterance,0.6276498980000376,0.46849177676369963,0.4883977620158463,0.598300364293774,0.33599518324631034,0.418359339861795,0.47277638775698705
273,39,7,PX-007,silence feedback reset,0.5880129620087687,0.44865565772359434,0.4883977620158463,0.598300364293774,0.29173600899454755,0.418359339861795,0.4704486473388071
274,40,1,PX-001,amplify identity fracture,0.6124557665698528,0.44232357430468533,0.4883977620158463,0.598300364293774,0.29173600899454755,0.418359339861795,0.4704486473388071
275,40,2,PX-002,fracture to access recursion,0.6124557665698528,0.4622638158600292,0.4883977620158463,0.6038711004867083,0.29173600899454755,0.418359339861795,0.4704486473388071
276,40,3,PX-003,negation to lock formation,0.6218430229359776,0.4622638158600292,0.4844482542309219,0.6038711004867083,0.29173600899454755,0.418359339861795,0.4704486473388071
277,40,4,PX-004,lagged temporal recursion,0.6218430229359776,0.4622638158600292,0.4844482542309219,0.5937260081060567,0.3085565990771448,0.418359339861795,0.4704486473388071
278,40,5,PX-005,false signal injection,0.6218430229359776,0.4622638158600292,0.4844482542309219,0.5937260081060567,0.33164810271254913,0.418359339861795,0.4704486473388071
279,40,6,PX-006,signal to unstable utterance,0.6218430229359776,0.4622638158600292,0.4844482542309219,0.5937260081060567,0.33164810271254913,0.4169157772671867,0.4758906512336807
280,40,7,PX-007,silence feedback reset,0.5825241646029374,0.44259083613894645,0.4844482542309219,0.5937260081060567,0.28773710718005113,0.4169157772671867,0.47286561497552554
281,41,1,PX-001,amplify identity fracture,0.6071350242686413,0.4363122565015452,0.4844482542309219,0.5937260081060567,0.28773710718005113,0.4169157772671867,0.47286561497552554
282,41,2,PX-002,fracture to access recursion,0.6071350242686413,0.4563604456905339,0.4844482542309219,0.5992882295064524,0.28773710718005113,0.4169157772671867,0.47286561497552554
283,41,3,PX-003,negation to lock formation,0.6165709292481191,0.4563604456905339,0.48036376680878035,0.5992882295064524,0.28773710718005113,0.4169157772671867,0.47286561497552554
284,41,4,PX-004,lagged temporal recursion,0.6165709292481191,0.4563604456905339,0.48036376680878035,0.5891240532108519,0.30452155527484215,0.4169157772671867,0.47286561497552554
285,41,5,PX-005,false signal injection,0.6165709292481191,0.4563604456905339,0.48036376680878035,0.5891240532108519,0.3275219539373156,0.4169157772671867,0.47286561497552554
286,41,6,PX-006,signal to unstable utterance,0.6165709292481191,0.4563604456905339,0.48036376680878035,0.5891240532108519,0.3275219539373156,0.4150995689020073,0.47824448515045226
287,41,7,PX-007,silence feedback reset,0.5775846631459051,0.4368681660185474,0.48036376680878035,0.5891240532108519,0.283999780380538,0.4150995689020073,0.4745829470750452
288,42,1,PX-001,amplify identity fracture,0.6023582775877587,0.4306482605671768,0.48036376680878035,0.5891240532108519,0.283999780380538,0.4150995689020073,0.4745829470750452
289,42,2,PX-002,fracture to access recursion,0.6023582775877587,0.45080879267058255,0.48036376680878035,0.5946808478961338,0.283999780380538,0.4150995689020073,0.4745829470750452
290,42,3,PX-003,negation to lock formation,0.6118262619742441,0.45080879267058255,0.4762067888172819,0.5946808478961338,0.283999780380538,0.4150995689020073,0.4745829470750452
291,42,4,PX-004,lagged temporal recursion,0.6118262619742441,0.45080879267058255,0.4762067888172819,0.5845479833960596,0.30074123976012573,0.4150995689020073,0.4745829470750452
292,42,5,PX-005,false signal injection,0.6118262619742441,0.45080879267058255,0.4762067888172819,0.5845479833960596,0.3236337007655891,0.4150995689020073,0.4745829470750452
293,42,6,PX-006,signal to unstable utterance,0.6118262619742441,0.45080879267058255,0.4762067888172819,0.5845479833960596,0.3236337007655891,0.4129744635265272,0.4798996309587004
294,42,7,PX-007,silence feedback reset,0.5731801116067711,0.4315098352654211,0.4762067888172819,0.5845479833960596,0.28053037994657903,0.4129744635265272,0.4756625503842849
295,43,1,PX-001,amplify identity fracture,0.5981113380804427,0.4253522432026735,0.4762067888172819,0.5845479833960596,0.28053037994657903,0.4129744635265272,0.4756625503842849
296,43,2,PX-002,fracture to access recursion,0.5981113380804427,0.4456276058706105,0.4762067888172819,0.5901020900214595,0.28053037994657903,0.4129744635265272,0.4756625503842849
297,43,3,PX-003,negation to lock formation,0.6075965685364579,0.4456276058706105,0.47203274711511334,0.5901020900214595,0.28053037994657903,0.4129744635265272,0.4756625503842849
298,43,4,PX-004,lagged temporal recursion,0.6075965685364579,0.4456276058706105,0.47203274711511334,0.5800446035823248,0.29722335876871553,0.4129744635265272,0.4756625503842849
299,43,5,PX-005,false signal injection,0.6075965685364579,0.4456276058706105,0.47203274711511334,0.5800446035823248,0.31999463771165193,0.4129744635265272,0.4756625503842849
300,43,6,PX-006,signal to unstable utterance,0.6075965685364579,0.4456276058706105,0.47203274711511334,0.5800446035823248,0.31999463771165193,0.41059995557068696,0.4809185080473947
301,43,7,PX-007,silence feedback reset,0.5692921612323192,0.42653025156242713,0.47203274711511334,0.5800446035823248,0.2773308567148965,0.41059995557068696,0.4761662492428554
302,44,1,PX-001,amplify identity fracture,0.5943758414286857,0.42043727226017436,0.47203274711511334,0.5800446035823248,0.2773308567148965,0.41059995557068696,0.4761662492428554
303,44,2,PX-002,fracture to access recursion,0.5943758414286857,0.440828370968758,0.47203274711511334,0.5855984511807951,0.2773308567148965,0.41059995557068696,0.4761662492428554
304,44,3,PX-003,negation to lock formation,0.6038652202728274,0.440828370968758,0.46789022022579335,0.5855984511807951,0.2773308567148965,0.41059995557068696,0.4761662492428554
305,44,4,PX-004,lagged temporal recursion,0.6038652202728274,0.440828370968758,0.46789022022579335,0.5756543049944982,0.2939711608516467,0.41059995557068696,0.4761662492428554
306,44,5,PX-005,false signal injection,0.6038652202728274,0.440828370968758,0.46789022022579335,0.5756543049944982,0.31661133935156405,0.41059995557068696,0.4761662492428554
307,44,6,PX-006,signal to unstable utterance,0.6038652202728274,0.440828370968758,0.46789022022579335,0.5756543049944982,0.31661133935156405,0.40803107096120583,0.4813633310910922
308,44,7,PX-007,silence feedback reset,0.565899290216451,0.42193713365030033,0.46789022022579335,0.5756543049944982,0.2743996383277474,0.40803107096120583,0.47615500883138107
309,45,1,PX-001,amplify identity fracture,0.5911301067504049,0.41590990926231397,0.46789022022579335,0.5756543049944982,0.2743996383277474,0.40803107096120583,0.47615500883138107
310,45,2,PX-002,fracture to access recursion,0.5911301067504049,0.4364163460218864,0.46789022022579335,0.5812100469244308,0.2743996383277474,0.40803107096120583,0.47615500883138107
311,45,3,PX-003,negation to lock formation,0.6006122337424095,0.4364163460218864,0.4638212374426997,0.5812100469244308,0.2743996383277474,0.40803107096120583,0.47615500883138107
312,45,4,PX-004,lagged temporal recursion,0.6006122337424095,0.4364163460218864,0.4638212374426997,0.5714113846580555,0.2909842906226085,0.40803107096120583,0.47615500883138107
313,45,5,PX-005,false signal injection,0.6006122337424095,0.4364163460218864,0.4638212374426997,0.5714113846580555,0.3134864808186184,0.40803107096120583,0.47615500883138107
314,45,6,PX-006,signal to unstable utterance,0.6006122337424095,0.4364163460218864,0.4638212374426997,0.5714113846580555,0.3134864808186184,0.40531826130492926,0.48129535852845234
315,45,7,PX-007,silence feedback reset,0.5629775250337979,0.4177325131183406,0.4638212374426997,0.5714113846580555,0.27173236378012144,0.40531826130492926,0.4756882854298958
316,46,1,PX-001,amplify identity fracture,0.5883498913236701,0.41177119923033306,0.4638212374426997,0.5714113846580555,0.27173236378012144,0.40531826130492926,0.4756882854298958
317,46,2,PX-002,fracture to access recursion,0.5883498913236701,0.43239150845756885,0.4638212374426997,0.5769709269949188,0.27173236378012144,0.40531826130492926,0.4756882854298958
318,46,3,PX-003,negation to lock formation,0.5978149960173186,0.43239150845756885,0.4598616394920302,0.5769709269949188,0.27173236378012144,0.40531826130492926,0.4756882854298958
319,46,4,PX-004,lagged temporal recursion,0.5978149960173186,0.43239150845756885,0.4598616394920302,0.5673444051468699,0.2882595065344768,0.40531826130492926,0.4756882854298958
320,46,5,PX-005,false signal injection,0.5978149960173186,0.43239150845756885,0.4598616394920302,0.5673444051468699,0.31061953776255485,0.40531826130492926,0.4756882854298958
321,46,6,PX-006,signal to unstable utterance,0.5978149960173186,0.43239150845756885,0.4598616394920302,0.5673444051468699,0.31061953776255485,0.4025073871300601,0.4807742639875789
322,46,7,PX-007,silence feedback reset,0.5605010633315121,0.41391364024725374,0.4598616394920302,0.5673444051468699,0.26932249058767327,0.4025073871300601,0.47482349390639483
323,47,1,PX-001,amplify identity fracture,0.5860090477001068,0.40801756262212224,0.4598616394920302,0.5673444051468699,0.26932249058767327,0.4025073871300601,0.47482349390639483
324,47,2,PX-002,fracture to access recursion,0.5860090477001068,0.4287494088416916,0.4598616394920302,0.5729094300626298,0.26932249058767327,0.4025073871300601,0.47482349390639483
325,47,3,PX-003,negation to lock formation,0.5954489000429891,0.4287494088416916,0.4560414806381654,0.5729094300626298,0.26932249058767327,0.4025073871300601,0.47482349390639483
326,47,4,PX-004,lagged temporal recursion,0.5954489000429891,0.4287494088416916,0.4560414806381654,0.5634765821182193,0.2857912772130457,0.4025073871300601,0.47482349390639483
327,47,5,PX-005,false signal injection,0.5954489000429891,0.4287494088416916,0.4560414806381654,0.5634765821182193,0.3080073773448735,0.4025073871300601,0.47482349390639483
328,47,6,PX-006,signal to unstable utterance,0.5954489000429891,0.4287494088416916,0.4560414806381654,0.5634765821182193,0.3080073773448735,0.39963977299066444,0.4798576210544069
329,47,7,PX-007,silence feedback reset,0.5584428087372934,0.41047379277944374,0.4560414806381654,0.5634765821182193,0.26716179124799677,0.39963977299066444,0.47361558174560786
330,48,1,PX-001,amplify identity fracture,0.5840800914159382,0.40464158925468685,0.4560414806381654,0.5634765821182193,0.26716179124799677,0.39963977299066444,0.47361558174560786
331,48,2,PX-002,fracture to access recursion,0.5840800914159382,0.42548193160163367,0.4560414806381654,0.5690485669291099,0.26716179124799677,0.39963977299066444,0.47361558174560786
332,48,3,PX-003,negation to lock formation,0.5934878972814239,0.42548193160163367,0.4523854555322083,0.5690485669291099,0.26716179124799677,0.39963977299066444,0.47361558174560786
333,48,4,PX-004,lagged temporal recursion,0.5934878972814239,0.42548193160163367,0.4523854555322083,0.5598261888246512,0.2835722721052255,0.39963977299066444,0.47361558174560786
334,48,5,PX-005,false signal injection,0.5934878972814239,0.42548193160163367,0.4523854555322083,0.5598261888246512,0.3056447532921288,0.39963977299066444,0.47361558174560786
335,48,6,PX-006,signal to unstable utterance,0.5934878972814239,0.42548193160163367,0.4523854555322083,0.5598261888246512,0.3056447532921288,0.39675231938967503,0.47860049102210034
336,48,7,PX-007,silence feedback reset,0.5567748278553546,0.40740299036428,0.4523854555322083,0.5598261888246512,0.26524075556934357,0.39675231938967503,0.4721166985947613
337,49,1,PX-001,amplify identity fracture,0.5825346880796204,0.4016327377200275,0.4523854555322083,0.5598261888246512,0.26524075556934357,0.39675231938967503,0.4721166985947613
338,49,2,PX-002,fracture to access recursion,0.5825346880796204,0.4225779661882117,0.4523854555322083,0.565406421441525,0.26524075556934357,0.39675231938967503,0.4721166985947613
339,49,3,PX-003,negation to lock formation,0.5919049753978818,0.4225779661882117,0.44891333726183036,0.565406421441525,0.26524075556934357,0.39675231938967503,0.4721166985947613
340,49,4,PX-004,lagged temporal recursion,0.5919049753978818,0.4225779661882117,0.44891333726183036,0.5564069684191911,0.28159376211780907,0.39675231938967503,0.4721166985947613
341,49,5,PX-005,false signal injection,0.5919049753978818,0.4225779661882117,0.44891333726183036,0.5564069684191911,0.3035247182533886,0.39675231938967503,0.4721166985947613
342,49,6,PX-006,signal to unstable utterance,0.5919049753978818,0.4225779661882117,0.44891333726183036,0.5564069684191911,0.3035247182533886,0.39387765856118584,0.47705510301580956
343,49,7,PX-007,silence feedback reset,0.5554687392452659,0.4046886200663373,0.44891333726183036,0.5564069684191911,0.2635489144639764,0.39387765856118584,0.4703759504032934
344,50,1,PX-001,amplify identity fracture,0.5813440686783471,0.3989779462379043,0.44891333726183036,0.5564069684191911,0.2635489144639764,0.39387765856118584,0.4703759504032934
345,50,2,PX-002,fracture to access recursion,0.5813440686783471,0.4200239943620498,0.44891333726183036,0.5619965599290634,0.2635489144639764,0.39387765856118584,0.4703759504032934
346,50,3,PX-003,negation to lock formation,0.5906725688458092,0.4200239943620498,0.4456404158905857,0.5619965599290634,0.2635489144639764,0.39387765856118584,0.4703759504032934
347,50,4,PX-004,lagged temporal recursion,0.5906725688458092,0.4200239943620498,0.4456404158905857,0.5532285464168902,0.2798459450063058,0.39387765856118584,0.4703759504032934
348,50,5,PX-005,false signal injection,0.5906725688458092,0.4200239943620498,0.4456404158905857,0.5532285464168902,0.3016389661334947,0.39387765856118584,0.4703759504032934
349,50,6,PX-006,signal to unstable utterance,0.5906725688458092,0.4200239943620498,0.4456404158905857,0.5532285464168902,0.3016389661334947,0.39104434310430547,0.4752706160285459
350,50,7,PX-007,silence feedback reset,0.5544960434445669,0.40231597996603746,0.4456404158905857,0.5532285464168902,0.2620750993230115,0.39104434310430547,0.4684392276448139
351,51,1,PX-001,amplify identity fracture,0.5804793816421401,0.39666216235830376,0.4456404158905857,0.5532285464168902,0.2620750993230115,0.39104434310430547,0.4684392276448139
352,51,2,PX-002,fracture to access recursion,0.5804793816421401,0.4178046006087957,0.4456404158905857,0.5588284414787213,0.2620750993230115,0.39104434310430547,0.4684392276448139
353,51,3,PX-003,negation to lock formation,0.5897629099695954,0.4178046006087957,0.4425779292466733,0.5588284414787213,0.2620750993230115,0.39104434310430547,0.4684392276448139
354,51,4,PX-004,lagged temporal recursion,0.5897629099695954,0.4178046006087957,0.4425779292466733,0.550296837104604,0.2783182088775425,0.39104434310430547,0.4684392276448139
355,51,5,PX-005,false signal injection,0.5897629099695954,0.4178046006087957,0.4425779292466733,0.550296837104604,0.29997811602288216,0.39104434310430547,0.4684392276448139
356,51,6,PX-006,signal to unstable utterance,0.5897629099695954,0.4178046006087957,0.4425779292466733,0.550296837104604,0.29997811602288216,0.38827705823857156,0.4732929528203445
357,51,7,PX-007,silence feedback reset,0.5538284022116684,0.4002687487418355,0.4425779292466733,0.550296837104604,0.2608076493739121,0.38827705823857156,0.46634909773101785
358,52,1,PX-001,amplify identity fracture,0.5799119896525198,0.39466879964706514,0.4425779292466733,0.550296837104604,0.2608076493739121,0.38827705823857156,0.46634909773101785
359,52,2,PX-002,fracture to access recursion,0.5799119896525198,0.4159029133221097,0.4425779292466733,0.5559078227719548,0.2608076493739121,0.38827705823857156,0.46634909773101785
360,52,3,PX-003,negation to lock formation,0.589148327783789,0.4159029133221097,0.43973347983101413,0.5559078227719548,0.2608076493739121,0.38827705823857156,0.46634909773101785
361,52,4,PX-004,lagged temporal recursion,0.589148327783789,0.4159029133221097,0.43973347983101413,0.5476144389790442,0.27699934554934036,0.38827705823857156,0.46634909773101785
362,52,5,PX-005,false signal injection,0.589148327783789,0.4159029133221097,0.43973347983101413,0.5476144389790442,0.29853194805042577,0.38827705823857156,0.46634909773101785
363,52,6,PX-006,signal to unstable utterance,0.589148327783789,0.4159029133221097,0.43973347983101413,0.5476144389790442,0.29853194805042577,0.38559685003687233,0.47116469623386653
364,52,7,PX-007,silence feedback reset,0.553437874213842,0.3985293893938251,0.43973347983101413,0.5476144389790442,0.25973457765273694,0.38559685003687233,0.46414475247787573
365,53,1,PX-001,amplify identity fracture,0.5796137184795563,0.3929801296499644,0.43973347983101413,0.5476144389790442,0.25973457765273694,0.38559685003687233,0.46414475247787573
366,53,2,PX-002,fracture to access recursion,0.5796137184795563,0.4143009845182983,0.43973347983101413,0.5532371524784295,0.25973457765273694,0.38559685003687233,0.46414475247787573
367,53,3,PX-003,negation to lock formation,0.5888015009860363,0.4143009845182983,0.43711143347731607,0.5532371524784295,0.25973457765273694,0.38559685003687233,0.46414475247787573
368,53,4,PX-004,lagged temporal recursion,0.5888015009860363,0.4143009845182983,0.43711143347731607,0.5451810154290788,0.2758777238384296,0.38559685003687233,0.46414475247787573
369,53,5,PX-005,false signal injection,0.5888015009860363,0.4143009845182983,0.43711143347731607,0.5451810154290788,0.29728960010844113,0.38559685003687233,0.46414475247787573
370,53,6,PX-006,signal to unstable utterance,0.5888015009860363,0.4143009845182983,0.43711143347731607,0.5451810154290788,0.29728960010844113,0.3830213633827132,0.4689250391930023
371,53,7,PX-007,silence feedback reset,0.5532971134279207,0.397079495114441,0.43711143347731607,0.5451810154290788,0.2588437045169867,0.3830213633827132,0.4618620023014438
372,54,1,PX-001,amplify identity fracture,0.5795570643522163,0.391577617193849,0.43711143347731607,0.5451810154290788,0.2588437045169867,0.3830213633827132,0.4618620023014438
373,54,2,PX-002,fracture to access recursion,0.5795570643522163,0.41298011560903564,0.43711143347731607,0.5508159513339573,0.2588437045169867,0.3830213633827132,0.4618620023014438
374,54,3,PX-003,negation to lock formation,0.5886956710866256,0.41298011560903564,0.4347132968391677,0.5508159513339573,0.2588437045169867,0.3830213633827132,0.4618620023014438
375,54,4,PX-004,lagged temporal recursion,0.5886956710866256,0.41298011560903564,0.4347132968391677,0.5429936578597452,0.2749414312341907,0.3830213633827132,0.4618620023014438
376,54,5,PX-005,false signal injection,0.5886956710866256,0.41298011560903564,0.4347132968391677,0.5429936578597452,0.2962397330430545,0.3830213633827132,0.4618620023014438
377,54,6,PX-006,signal to unstable utterance,0.5886956710866256,0.41298011560903564,0.4347132968391677,0.5429936578597452,0.2962397330430545,0.3805650846008889,0.4666097804210172
378,54,7,PX-007,silence feedback reset,0.5533795356027431,0.39590008486768785,0.4347132968391677,0.5429936578597452,0.2581227660494522,0.3805650846008889,0.45953330965689854
379,55,1,PX-001,amplify identity fracture,0.5797153655694292,0.390442206578907,0.4347132968391677,0.5429936578597452,0.2581227660494522,0.3805650846008889,0.45953330965689854
380,55,2,PX-002,fracture to access recursion,0.5797153655694292,0.4119211362787243,0.4347132968391677,0.5486411750119751,0.2581227660494522,0.3805650846008889,0.45953330965689854
381,55,3,PX-003,negation to lock formation,0.5888048208414413,0.4119211362787243,0.4325380719343718,0.5486411750119751,0.2581227660494522,0.3805650846008889,0.45953330965689854
382,55,4,PX-004,lagged temporal recursion,0.5888048208414413,0.4119211362787243,0.4325380719343718,0.5410472292871613,0.2741783909254589,0.3805650846008889,0.45953330965689854
383,55,5,PX-005,false signal injection,0.5888048208414413,0.4119211362787243,0.4325380719343718,0.5410472292871613,0.29537067063200123,0.3805650846008889,0.45953330965689854
384,55,6,PX-006,signal to unstable utterance,0.5888048208414413,0.4119211362787243,0.4325380719343718,0.5410472292871613,0.29537067063200123,0.37823958473641056,0.46425135869947215
385,55,7,PX-007,silence feedback reset,0.5536594572818632,0.3949718556114573,0.4325380719343718,0.5410472292871613,0.25755950329326405,0.37823958473641056,0.4571878550557824
386,56,1,PX-001,amplify identity fracture,0.5800629432843042,0.3895545655472252,0.4325380719343718,0.5410472292871613,0.25755950329326405,0.37823958473641056,0.4571878550557824
387,56,2,PX-002,fracture to access recursion,0.5800629432843042,0.41110464288537063,0.4325380719343718,0.5467075577343159,0.25755950329326405,0.37823958473641056,0.4571878550557824
388,56,3,PX-003,negation to lock formation,0.5891038224946912,0.41110464288537063,0.4305825868807648,0.5467075577343159,0.25755950329326405,0.37823958473641056,0.4571878550557824
389,56,4,PX-004,lagged temporal recursion,0.5891038224946912,0.41110464288537063,0.4305825868807648,0.5393346871249983,0.2735764598132743,0.37823958473641056,0.4571878550557824
390,56,5,PX-005,false signal injection,0.5891038224946912,0.41110464288537063,0.4305825868807648,0.5393346871249983,0.29467051951982237,0.37823958473641056,0.4571878550557824
391,56,6,PX-006,signal to unstable utterance,0.5891038224946912,0.41110464288537063,0.4305825868807648,0.5393346871249983,0.29467051951982237,0.3760537603213542,0.4618789192583143
392,56,7,PX-007,silence feedback reset,0.5541122111204798,0.394275397371003,0.4305825868807648,0.5393346871249983,0.25714173702538934,0.3760537603213542,0.4548516297794437
393,57,1,PX-001,amplify identity fracture,0.580575215669318,0.38889529315871885,0.4305825868807648,0.5393346871249983,0.25714173702538934,0.3760537603213542,0.4548516297794437
394,57,2,PX-002,fracture to access recursion,0.580575215669318,0.4105112021009016,0.4305825868807648,0.5450079352656335,0.25714173702538934,0.3760537603213542,0.4548516297794437
395,57,3,PX-003,negation to lock formation,0.5895685596986758,0.4105112021009016,0.42884180264689736,0.5450079352656335,0.25714173702538934,0.3760537603213542,0.4548516297794437
396,57,4,PX-004,lagged temporal recursion,0.5895685596986758,0.4105112021009016,0.42884180264689736,0.5378473844470641,0.2731235119756207,0.3760537603213542,0.4548516297794437
397,57,5,PX-005,false signal injection,0.5895685596986758,0.4105112021009016,0.42884180264689736,0.5378473844470641,0.2941272732621141,0.3760537603213542,0.4548516297794437
398,57,6,PX-006,signal to unstable utterance,0.5895685596986758,0.4105112021009016,0.42884180264689736,0.5378473844470641,0.2941272732621141,0.3740140691899954,0.4595184066203715
399,57,7,PX-007,silence feedback reset,0.5547142405609443,0.3937913766076231,0.42884180264689736,0.5378473844470641,0.25685743171807607,0.3740140691899954,0.4525475501361405
400,58,1,PX-001,amplify identity fracture,0.5812287890134463,0.38844509692516754,0.42884180264689736,0.5378473844470641,0.25685743171807607,0.3740140691899954,0.4525475501361405
401,58,2,PX-002,fracture to access recursion,0.5812287890134463,0.41012152478233055,0.42884180264689736,0.5435335465082455,0.25685743171807607,0.3740140691899954,0.4525475501361405
402,58,3,PX-003,negation to lock formation,0.5901760263964579,0.41012152478233055,0.4273090961498238,0.5435335465082455,0.25685743171807607,0.3740140691899954,0.4525475501361405
403,58,4,PX-004,lagged temporal recursion,0.5901760263964579,0.41012152478233055,0.4273090961498238,0.5365753494612245,0.27280751104909146,0.3740140691899954,0.4525475501361405
404,58,5,PX-005,false signal injection,0.5901760263964579,0.41012152478233055,0.4273090961498238,0.5365753494612245,0.2937289037481153,0.3740140691899954,0.4525475501361405
405,58,6,PX-006,signal to unstable utterance,0.5901760263964579,0.41012152478233055,0.4273090961498238,0.5365753494612245,0.2937289037481153,0.3721247594962518,0.4571926789066607
406,58,7,PX-007,silence feedback reset,0.5554431763589117,0.39350069256986614,0.4273090961498238,0.5365753494612245,0.25669475144500353,0.3721247594962518,0.45029558877662595
407,59,1,PX-001,amplify identity fracture,0.5820015287223671,0.3881849437885234,0.4273090961498238,0.5365753494612245,0.25669475144500353,0.3721247594962518,0.45029558877662595
408,59,2,PX-002,fracture to access recursion,0.5820015287223671,0.4099166143574103,0.4273090961498238,0.5422743133739831,0.25669475144500353,0.3721247594962518,0.45029558877662595
409,59,3,PX-003,negation to lock formation,0.5909044054385857,0.4099166143574103,0.4259765203928362,0.5422743133739831,0.25669475144500353,0.3721247594962518,0.45029558877662595
410,59,4,PX-004,lagged temporal recursion,0.5909044054385857,0.4099166143574103,0.4259765203928362,0.5355075432823286,0.2726165741475054,0.3721247594962518,0.45029558877662595
411,59,5,PX-005,false signal injection,0.5909044054385857,0.4099166143574103,0.4259765203928362,0.5355075432823286,0.2934634425191409,0.3721247594962518,0.45029558877662595
412,59,6,PX-006,signal to unstable utterance,0.5909044054385857,0.4099166143574103,0.4259765203928362,0.5355075432823286,0.2934634425191409,0.37038809057061495,0.45492163923484713
413,59,7,PX-007,silence feedback reset,0.5562778969748329,0.39338461059603796,0.4259765203928362,0.5355075432823286,0.2566421097468114,0.37038809057061495,0.44811291918447255
414,60,1,PX-001,amplify identity fracture,0.5828726126931695,0.38809618880954483,0.4259765203928362,0.5355075432823286,0.2566421097468114,0.37038809057061495,0.44811291918447255
415,60,2,PX-002,fracture to access recursion,0.5828726126931695,0.40987789334337554,0.4259765203928362,0.5412190989713285,0.2566421097468114,0.37038809057061495,0.44811291918447255
416,60,3,PX-003,negation to lock formation,0.5917331292604966,0.40987789334337554,0.4248350425770301,0.5412190989713285,0.2566421097468114,0.37038809057061495,0.44811291918447255
417,60,4,PX-004,lagged temporal recursion,0.5917331292604966,0.40987789334337554,0.4248350425770301,0.5346320963608154,0.272539029235308,0.37038809057061495,0.44811291918447255
418,60,5,PX-005,false signal injection,0.5917331292604966,0.40987789334337554,0.4248350425770301,0.5346320963608154,0.29331905386973556,0.37038809057061495,0.44811291918447255
419,60,6,PX-006,signal to unstable utterance,0.5917331292604966,0.40987789334337554,0.4248350425770301,0.5346320963608154,0.29331905386973556,0.36880454464200246,0.4527223804086122
420,60,7,PX-007,silence feedback reset,0.5571985744573513,0.3934248756764646,0.4248350425770301,0.5346320963608154,0.2566882148633362,0.36880454464200246,0.44601406999272064
421,61,1,PX-001,amplify identity fracture,0.583822569114212,0.3881606847753594,0.4248350425770301,0.5346320963608154,0.2566882148633362,0.36880454464200246,0.44601406999272064
422,61,2,PX-002,fracture to access recursion,0.583822569114212,0.4099873110115076,0.4248350425770301,0.5403559444241381,0.2566882148633362,0.36880454464200246,0.44601406999272064
423,61,3,PX-003,negation to lock formation,0.5926429245722906,0.4099873110115076,0.4238747612673487,0.5403559444241381,0.2566882148633362,0.36880454464200246,0.44601406999272064
424,61,4,PX-004,lagged temporal recursion,0.5926429245722906,0.4099873110115076,0.4238747612673487,0.5339365241232744,0.27256346729916564,0.36880454464200246,0.44601406999272064
425,61,5,PX-005,false signal injection,0.5926429245722906,0.4099873110115076,0.4238747612673487,0.5339365241232744,0.2932841010976689,0.36880454464200246,0.44601406999272064
426,61,6,PX-006,signal to unstable utterance,0.5926429245722906,0.4099873110115076,0.4238747612673487,0.5339365241232744,0.2932841010976689,0.36737302875767336,0.4506093396005105
427,61,7,PX-007,silence feedback reset,0.5581867071384777,0.3936038089935252,0.4238747612673487,0.5339365241232744,0.25682211125136833,0.36737302875767336,0.44401108624995056
428,62,1,PX-001,amplify identity fracture,0.5848333003945992,0.3883608753500252,0.4238747612673487,0.5339365241232744,0.25682211125136833,0.36737302875767336,0.44401108624995056
429,62,2,PX-002,fracture to access recursion,0.5848333003945992,0.4102274346726576,0.4238747612673487,0.5396722848463803,0.25682211125136833,0.36737302875767336,0.44401108624995056
430,62,3,PX-003,negation to lock formation,0.593615842703778,0.4102274346726576,0.42308510376801184,0.5396722848463803,0.25682211125136833,0.36737302875767336,0.44401108624995056
431,62,4,PX-004,lagged temporal recursion,0.593615842703778,0.4102274346726576,0.42308510376801184,0.5334079225242832,0.272678790199504,0.36737302875767336,0.44401108624995056
432,62,5,PX-005,false signal injection,0.593615842703778,0.4102274346726576,0.42308510376801184,0.5334079225242832,0.29334720684627347,0.36737302875767336,0.44401108624995056
433,62,6,PX-006,signal to unstable utterance,0.593615842703778,0.4102274346726576,0.42308510376801184,0.5334079225242832,0.29334720684627347,0.36609106647459905,0.4485944601772626
434,62,7,PX-007,silence feedback reset,0.5592251402261335,0.3939043896423459,0.42308510376801184,0.5334079225242832,0.2570332179219793,0.36609106647459905,0.44211369517054777
435,63,1,PX-001,amplify identity fracture,0.5858880946498916,0.3886798738848856,0.42308510376801184,0.5334079225242832,0.2570332179219793,0.36609106647459905,0.44211369517054777
436,63,2,PX-002,fracture to access recursion,0.5858880946498916,0.41058152659326586,0.42308510376801184,0.5391551451482722,0.2570332179219793,0.36609106647459905,0.44211369517054777
437,63,3,PX-003,negation to lock formation,0.5946352769997197,0.41058152659326586,0.4224550048824559,0.5391551451482722,0.2570332179219793,0.36609106647459905,0.44211369517054777
438,63,4,PX-004,lagged temporal recursion,0.5946352769997197,0.41058152659326586,0.4224550048824559,0.5330331443068353,0.2728742547206425,0.36609106647459905,0.44211369517054777
439,63,5,PX-005,false signal injection,0.5946352769997197,0.41058152659326586,0.4224550048824559,0.5330331443068353,0.29349730814673225,0.36609106647459905,0.44211369517054777
440,63,6,PX-006,signal to unstable utterance,0.5946352769997197,0.41058152659326586,0.4224550048824559,0.5330331443068353,0.29349730814673225,0.36495497908019836,0.44668735820796573
441,63,7,PX-007,silence feedback reset,0.5602980752081899,0.39431032329612614,0.4224550048824559,0.5330331443068353,0.25731136383663583,0.36495497908019836,0.4403294742607691
442,64,1,PX-001,amplify identity fracture,0.5869716259536915,0.38910152957554883,0.4224550048824559,0.5330331443068353,0.25731136383663583,0.36495497908019836,0.4403294742607691
443,64,2,PX-002,fracture to access recursion,0.5869716259536915,0.4110336081575916,0.4224550048824559,0.5387913164544024,0.25731136383663583,0.36495497908019836,0.4403294742607691
444,64,3,PX-003,negation to lock formation,0.5956859684664894,0.4110336081575916,0.42197306821447794,0.5387913164544024,0.25731136383663583,0.36495497908019836,0.4403294742607691
445,64,4,PX-004,lagged temporal recursion,0.5956859684664894,0.4110336081575916,0.42197306821447794,0.5327989568316186,0.2731395130605774,0.36495497908019836,0.4403294742607691
446,64,5,PX-005,false signal injection,0.5956859684664894,0.4110336081575916,0.42197306821447794,0.5327989568316186,0.2937237065080491,0.36495497908019836,0.4403294742607691
447,64,6,PX-006,signal to unstable utterance,0.5956859684664894,0.4110336081575916,0.42197306821447794,0.5327989568316186,0.2937237065080491,0.36396005623954747,0.44489549153698477
448,64,7,PX-007,silence feedback reset,0.5613910688637727,0.3948060992150033,0.42197306821447794,0.5327989568316186,0.2576468203839078,0.36396005623954747,0.4386640200197881
449,65,1,PX-001,amplify identity fracture,0.5880699444006104,0.38961048229670375,0.42197306821447794,0.5327989568316186,0.2576468203839078,0.36396005623954747,0.4386640200197881
450,65,2,PX-002,fracture to access recursion,0.5880699444006104,0.41156851256685445,0.42197306821447794,0.5385675139838134,0.2576468203839078,0.36396005623954747,0.4386640200197881
451,65,3,PX-003,negation to lock formation,0.5967540007248633,0.41156851256685445,0.4216277111227955,0.5385675139838134,0.2576468203839078,0.36396005623954747,0.4386640200197881
452,65,4,PX-004,lagged temporal recursion,0.5967540007248633,0.41156851256685445,0.4216277111227955,0.5326921823718166,0.27346464979752194,0.36396005623954747,0.4386640200197881
453,65,5,PX-005,false signal injection,0.5967540007248633,0.41156851256685445,0.4216277111227955,0.5326921823718166,0.29401611320871496,0.36396005623954747,0.4386640200197881
454,65,6,PX-006,signal to unstable utterance,0.5967540007248633,0.41156851256685445,0.4216277111227955,0.5326921823718166,0.29401611320871496,0.36310071606921657,0.443224329599364
455,65,7,PX-007,silence feedback reset,0.5624910226029071,0.3953770367016146,0.4216277111227955,0.5326921823718166,0.2580303308073671,0.36310071606921657,0.437121115678961
456,66,1,PX-001,amplify identity fracture,0.5891704569066599,0.39019220715970904,0.4216277111227955,0.5326921823718166,0.2580303308073671,0.36310071606921657,0.437121115678961
457,66,2,PX-002,fracture to access recursion,0.5891704569066599,0.4121719271049724,0.4216277111227955,0.5384705172841074,0.2580303308073671,0.36310071606921657,0.437121115678961
458,66,3,PX-003,negation to lock formation,0.5978267852169936,0.4121719271049724,0.42140729438082003,0.5384705172841074,0.2580303308073671,0.36310071606921657,0.437121115678961
459,66,4,PX-004,lagged temporal recursion,0.5978267852169936,0.4121719271049724,0.42140729438082003,0.5326998217870673,0.27384021522938007,0.36310071606921657,0.437121115678961
460,66,5,PX-005,false signal injection,0.5978267852169936,0.4121719271049724,0.42140729438082003,0.5326998217870673,0.2943646898074864,0.36310071606921657,0.437121115678961
461,66,6,PX-006,signal to unstable utterance,0.5978267852169936,0.4121719271049724,0.42140729438082003,0.5326998217870673,0.2943646898074864,0.3623706547127077,0.4416775224127213
462,66,7,PX-007,silence feedback reset,0.5635861628156055,0.39600932187410437,0.42140729438082003,0.5326998217870673,0.2584531363601682,0.3623706547127077,0.4357028966688064
463,67,1,PX-001,amplify identity fracture,0.5902618995903692,0.3908330496146525,0.42140729438082003,0.5326998217870673,0.2584531363601682,0.3623706547127077,0.4357028966688064
464,67,2,PX-002,fracture to access recursion,0.5902618995903692,0.41283042579754753,0.42140729438082003,0.5384872937334748,0.2584531363601682,0.3623706547127077,0.4357028966688064
465,67,3,PX-003,negation to lock formation,0.5988930375416511,0.41283042579754753,0.42130023752504503,0.5384872937334748,0.2584531363601682,0.3623706547127077,0.4357028966688064
466,67,4,PX-004,lagged temporal recursion,0.5988930375416511,0.41283042579754753,0.42130023752504503,0.5328091624934495,0.2742572548947915,0.3623706547127077,0.4357028966688064
467,67,5,PX-005,false signal injection,0.5988930375416511,0.41283042579754753,0.42130023752504503,0.5328091624934495,0.29476008380295265,0.3623706547127077,0.4357028966688064
468,67,6,PX-006,signal to unstable utterance,0.5988930375416511,0.41283042579754753,0.42130023752504503,0.5328091624934495,0.29476008380295265,0.3617629855458884,0.44025706740092635
469,67,7,PX-007,silence feedback reset,0.5646660128979439,0.396690035451427,0.42130023752504503,0.5328091624934495,0.25890699891367214,0.3617629855458884,0.4344100126970712
470,68,1,PX-001,amplify identity fracture,0.5913343025243553,0.3915202517513093,0.42130023752504503,0.5328091624934495,0.25890699891367214,0.3617629855458884,0.4344100126970712
471,68,2,PX-002,fracture to access recursion,0.5913343025243553,0.41353149313903637,0.42130023752504503,0.5386051062318983,0.25890699891367214,0.3617629855458884,0.4344100126970712
472,68,3,PX-003,negation to lock formation,0.5999427457437008,0.41353149313903637,0.42129512080512216,0.5386051062318983,0.25890699891367214,0.3617629855458884,0.4344100126970712
473,68,4,PX-004,lagged temporal recursion,0.5999427457437008,0.41353149313903637,0.42129512080512216,0.533007871640401,0.274707335041537,0.3617629855458884,0.4344100126970712
474,68,5,PX-005,false signal injection,0.5999427457437008,0.41353149313903637,0.42129512080512216,0.533007871640401,0.29519345932506846,0.3617629855458884,0.4344100126970712
475,68,6,PX-006,signal to unstable utterance,0.5999427457437008,0.41353149313903637,0.42129512080512216,0.533007871640401,0.29519345932506846,0.3612703681785774,0.4389634728963743
476,68,7,PX-007,silence feedback reset,0.565721357628045,0.3974071721191659,0.42129512080512216,0.533007871640401,0.2593842197380183,0.3612703681785774,0.4332417854878313
477,69,1,PX-001,amplify identity fracture,0.5923789476157012,0.3922419703347285,0.42129512080512216,0.533007871640401,0.2593842197380183,0.3612703681785774,0.4332417854878313
478,69,2,PX-002,fracture to access recursion,0.5923789476157012,0.4142635394556751,0.42129512080512216,0.5388116060001665,0.2593842197380183,0.3612703681785774,0.4332417854878313
479,69,3,PX-003,negation to lock formation,0.6009671313551598,0.4142635394556751,0.4213807745808833,0.5388116060001665,0.2593842197380183,0.3612703681785774,0.4332417854878313
480,69,4,PX-004,lagged temporal recursion,0.6009671313551598,0.4142635394556751,0.4213807745808833,0.5332840753937376,0.2751825638019792,0.3612703681785774,0.4332417854878313
481,69,5,PX-005,false signal injection,0.6009671313551598,0.4142635394556751,0.4213807745808833,0.5332840753937376,0.295656522729539,0.3612703681785774,0.4332417854878313
482,69,6,PX-006,signal to unstable utterance,0.6009671313551598,0.4142635394556751,0.4213807745808833,0.5332840753937376,0.295656522729539,0.3608851274453061,0.43779591733394935
483,69,7,PX-007,silence feedback reset,0.5667442005824918,0.39814965195938207,0.4213807745808833,0.5332840753937376,0.25987765419416436,0.3608851274453061,0.4321963613754468
484,70,1,PX-001,amplify identity fracture,0.5933883203580379,0.3929872870335897,0.4213807745808833,0.5332840753937376,0.25987765419416436,0.3608851274453061,0.4321963613754468
485,70,2,PX-002,fracture to access recursion,0.5933883203580379,0.415015908401723,0.4213807745808833,0.5390949113962181,0.25987765419416436,0.3608851274453061,0.4321963613754468
486,70,3,PX-003,negation to lock formation,0.6019586039703438,0.415015908401723,0.42154635694933434,0.5390949113962181,0.25987765419416436,0.3608851274453061,0.4321963613754468
487,70,4,PX-004,lagged temporal recursion,0.6019586039703438,0.415015908401723,0.42154635694933434,0.5336264252089423,0.27567560785854933,0.3608851274453061,0.4321963613754468
488,70,5,PX-005,false signal injection,0.6019586039703438,0.415015908401723,0.42154635694933434,0.5336264252089423,0.2961415429813089,0.3608851274453061,0.4321963613754468
489,70,6,PX-006,signal to unstable utterance,0.6019586039703438,0.415015908401723,0.42154635694933434,0.5336264252089423,0.2961415429813089,0.36059936259810826,0.4367524032950057
490,70,7,PX-007,silence feedback reset,0.5677277153077864,0.3989073243780114,0.42154635694933434,0.5336264252089423,0.2603807221226232,0.36059936259810826,0.4312708580724516
491,71,1,PX-001,amplify identity fracture,0.5943560561931424,0.39374621125573467,0.42154635694933434,0.5336264252089423,0.2603807221226232,0.36059936259810826,0.4312708580724516
492,71,2,PX-002,fracture to access recursion,0.5943560561931424,0.4157788770471545,0.42154635694933434,0.5394436736452751,0.2603807221226232,0.36059936259810826,0.4312708580724516
493,71,3,PX-003,negation to lock formation,0.6029107101314969,0.4157788770471545,0.42178142032993104,0.5394436736452751,0.2603807221226232,0.36059936259810826,0.4312708580724516
494,71,4,PX-004,lagged temporal recursion,0.6029107101314969,0.4157788770471545,0.42178142032993104,0.5340241519623629,0.2761797044283624,0.36059936259810826,0.4312708580724516
495,71,5,PX-005,false signal injection,0.6029107101314969,0.4157788770471545,0.42178142032993104,0.5340241519623629,0.2966413667503557,0.36059936259810826,0.4312708580724516
496,71,6,PX-006,signal to unstable utterance,0.6029107101314969,0.4157788770471545,0.42178142032993104,0.5340241519623629,0.2966413667503557,0.3604050469299932,0.4358299056875894
497,71,7,PX-007,silence feedback reset,0.5686661909871348,0.39967096494114895,0.42178142032993104,0.5340241519623629,0.26088741377752506,0.3604050469299932,0.4304615050406741
498,72,1,PX-001,amplify identity fracture,0.5952768822203852,0.3945096759884602,0.42178142032993104,0.5340241519623629,0.26088741377752506,0.3604050469299932,0.4304615050406741
499,72,2,PX-002,fracture to access recursion,0.5952768822203852,0.41654364899962165,0.42178142032993104,0.5398471303649816,0.26088741377752506,0.3604050469299932,0.4304615050406741
500,72,3,PX-003,negation to lock formation,0.6038180772995573,0.41654364899962165,0.4220759676902406,0.5398471303649816,0.26088741377752506,0.3604050469299932,0.4304615050406741
501,72,4,PX-004,lagged temporal recursion,0.6038180772995573,0.41654364899962165,0.4220759676902406,0.534467108790965,0.2766886684586986,0.3604050469299932,0.4304615050406741
502,72,5,PX-005,false signal injection,0.6038180772995573,0.41654364899962165,0.4220759676902406,0.534467108790965,0.2971494281958721,0.3604050469299932,0.4304615050406741
503,72,6,PX-006,signal to unstable utterance,0.6038180772995573,0.41654364899962165,0.4220759676902406,0.534467108790965,0.2971494281958721,0.36029411807182204,0.4350245134629073
504,72,7,PX-007,silence feedback reset,0.5695549733660931,0.4004322655307314,0.4220759676902406,0.534467108790965,0.26139229122989016,0.36029411807182204,0.4297637769930822
505,73,1,PX-001,amplify identity fracture,0.5961465549944918,0.3952695270447999,0.4220759676902406,0.534467108790965,0.26139229122989016,0.36029411807182204,0.4297637769930822
506,73,2,PX-002,fracture to access recursion,0.5961465549944918,0.4173023410063244,0.4220759676902406,0.5402951477504743,0.26139229122989016,0.36029411807182204,0.4297637769930822
507,73,3,PX-003,negation to lock formation,0.6046763536837403,0.4173023410063244,0.42242049905664,0.5402951477504743,0.26139229122989016,0.36029411807182204,0.4297637769930822
508,73,4,PX-004,lagged temporal recursion,0.6046763536837403,0.4173023410063244,0.42242049905664,0.5349458034744174,0.27719689499870714,0.36029411807182204,0.4297637769930822
509,73,5,PX-005,false signal injection,0.6046763536837403,0.4173023410063244,0.42242049905664,0.5349458034744174,0.29765975347855333,0.36029411807182204,0.4297637769930822
510,73,6,PX-006,signal to unstable utterance,0.6046763536837403,0.4173023410063244,0.42242049905664,0.5349458034744174,0.29765975347855333,0.3602585592192305,0.43433156437044146
511,73,7,PX-007,silence feedback reset,0.5703904017183291,0.4011838182447285,0.42242049905664,0.5349458034744174,0.26189048524584185,0.3602585592192305,0.4291725201425407
512,74,1,PX-001,amplify identity fracture,0.5969617951526126,0.3960185061352336,0.42242049905664,0.5349458034744174,0.26189048524584185,0.3602585592192305,0.4291725201425407
513,74,2,PX-002,fracture to access recursion,0.5969617951526126,0.41804796349693174,0.42242049905664,0.5407782522676141,0.26189048524584185,0.3602585592192305,0.4291725201425407
514,74,3,PX-003,negation to lock formation,0.6054821447004933,0.41804796349693174,0.42280604892565865,0.5407782522676141,0.26189048524584185,0.3602585592192305,0.4291725201425407
515,74,4,PX-004,lagged temporal recursion,0.6054821447004933,0.41804796349693174,0.42280604892565865,0.5354514211767064,0.27769935679220836,0.3602585592192305,0.4291725201425407
516,74,5,PX-005,false signal injection,0.6054821447004933,0.41804796349693174,0.42280604892565865,0.5354514211767064,0.29816696011037297,0.3602585592192305,0.4291725201425407
517,74,6,PX-006,signal to unstable utterance,0.6054821447004933,0.41804796349693174,0.42280604892565865,0.5354514211767064,0.29816696011037297,0.3602904715610604,0.4337457723473672
518,74,7,PX-007,silence feedback reset,0.5711697426425983,0.40191909349165883,0.42280604892565865,0.5354514211767064,0.2623776877292596,0.3602904715610604,0.4286820708948863
519,75,1,PX-001,amplify identity fracture,0.5977202196081434,0.3967502282117529,0.42280604892565865,0.5354514211767064,0.2623776877292596,0.3602904715610604,0.4286820708948863
520,75,2,PX-002,fracture to access recursion,0.5977202196081434,0.41877439555202345,0.42280604892565865,0.5412876526857447,0.2623776877292596,0.3602904715610604,0.4286820708948863
521,75,3,PX-003,negation to lock formation,0.6062329468249017,0.41877439555202345,0.4232242151701567,0.5412876526857447,0.2623776877292596,0.3602904715610604,0.4286820708948863
522,75,4,PX-004,lagged temporal recursion,0.6062329468249017,0.41877439555202345,0.4232242151701567,0.5359758383481016,0.2781915972174026,0.3602904715610604,0.4286820708948863
523,75,5,PX-005,false signal injection,0.6062329468249017,0.41877439555202345,0.4232242151701567,0.5359758383481016,0.298666251322732,0.3602904715610604,0.4286820708948863
524,75,6,PX-006,signal to unstable utterance,0.6062329468249017,0.41877439555202345,0.4232242151701567,0.5359758383481016,0.298666251322732,0.36038213819701415,0.4332613472238612
525,75,7,PX-007,silence feedback reset,0.571891121482469,0.4026324127593819,0.4232242151701567,0.5359758383481016,0.26285013990001754,0.36038213819701415,0.42828636675902815
526,76,1,PX-001,amplify identity fracture,0.5984202720392977,0.3974591535633778,0.4232242151701567,0.5359758383481016,0.26285013990001754,0.36038213819701415,0.42828636675902815
527,76,2,PX-002,fracture to access recursion,0.5984202720392977,0.419476354808464,0.4232242151701567,0.5418152532642854,0.26285013990001754,0.36038213819701415,0.42828636675902815
528,76,3,PX-003,negation to lock formation,0.6069270795842061,0.419476354808464,0.42366718001964904,0.5418152532642854,0.26285013990001754,0.36038213819701415,0.42828636675902815
529,76,4,PX-004,lagged temporal recursion,0.6069270795842061,0.419476354808464,0.42366718001964904,0.5365116285718138,0.2786697187777666,0.36038213819701415,0.42828636675902815
530,76,5,PX-005,false signal injection,0.6069270795842061,0.419476354808464,0.42366718001964904,0.5365116285718138,0.29915340570354293,0.36038213819701415,0.42828636675902815
531,76,6,PX-006,signal to unstable utterance,0.6069270795842061,0.419476354808464,0.42366718001964904,0.5365116285718138,0.29915340570354293,0.3605260798500556,0.43287210650585395
532,76,7,PX-007,silence feedback reset,0.5725534521504879,0.4033189165696816,0.42366718001964904,0.5365116285718138,0.26330461645509035,0.3605260798500556,0.42797904931733377
533,77,1,PX-001,amplify identity fracture,0.5990611523839718,0.3981405551751259,0.42366718001964904,0.5365116285718138,0.26330461645509035,0.3605260798500556,0.42797904931733377
534,77,2,PX-002,fracture to access recursion,0.5990611523839718,0.4201493628400989,0.42366718001964904,0.5423536588899942,0.26330461645509035,0.3605260798500556,0.42797904931733377
535,77,3,PX-003,negation to lock formation,0.6075636164227747,0.4201493628400989,0.4241277236844576,0.5423536588899942,0.26330461645509035,0.3605260798500556,0.42797904931733377
536,77,4,PX-004,lagged temporal recursion,0.6075636164227747,0.4201493628400989,0.4241277236844576,0.5370520611227186,0.27913036742118574,0.3605260798500556,0.42797904931733377
537,77,5,PX-005,false signal injection,0.6075636164227747,0.4201493628400989,0.4241277236844576,0.5370520611227186,0.29962476241858876,0.3605260798500556,0.42797904931733377
538,77,6,PX-006,signal to unstable utterance,0.6075636164227747,0.4201493628400989,0.4241277236844576,0.5370520611227186,0.29962476241858876,0.36071510269826107,0.4325715790718069
539,77,7,PX-007,silence feedback reset,0.5731563661180967,0.403974528159837,0.4241277236844576,0.5370520611227186,0.2637384060277067,0.36071510269826107,0.42775355916615315
540,78,1,PX-001,amplify identity fracture,0.5996427460283557,0.3987904818928519,0.4241277236844576,0.5370520611227186,0.2637384060277067,0.36071510269826107,0.42775355916615315
541,78,2,PX-002,fracture to access recursion,0.5996427460283557,0.42078970657628295,0.4241277236844576,0.5428961729435267,0.2637384060277067,0.36071510269826107,0.42775355916615315
542,78,3,PX-003,negation to lock formation,0.6081423151401929,0.42078970657628295,0.4245992311876165,0.5428961729435267,0.2637384060277067,0.36071510269826107,0.42775355916615315
543,78,4,PX-004,lagged temporal recursion,0.6081423151401929,0.42078970657628295,0.4245992311876165,0.5375910929876022,0.27957071302884107,0.36071510269826107,0.42775355916615315
544,78,5,PX-005,false signal injection,0.6081423151401929,0.42078970657628295,0.4245992311876165,0.5375910929876022,0.3000772023898903,0.36071510269826107,0.42775355916615315
545,78,6,PX-006,signal to unstable utterance,0.6081423151401929,0.42078970657628295,0.4245992311876165,0.5375910929876022,0.3000772023898903,0.36094233867093,0.43235310069084393
546,78,7,PX-007,silence feedback reset,0.5737001413019869,0.40459591345752594,0.4245992311876165,0.5375910929876022,0.26414928831733303,0.36094233867093,0.42760322279945545
547,79,1,PX-001,amplify identity fracture,0.6001655533449624,0.3994057179617481,0.4245992311876165,0.5375910929876022,0.26414928831733303,0.36094233867093,0.42760322279945545
548,79,2,PX-002,fracture to access recursion,0.6001655533449624,0.42139439633972653,0.4245992311876165,0.5434367886545802,0.26414928831733303,0.36094233867093,0.42760322279945545
549,79,3,PX-003,negation to lock formation,0.6086635485691244,0.42139439633972653,0.4250756929651834,0.5434367886545802,0.26414928831733303,0.36094233867093,0.42760322279945545
550,79,4,PX-004,lagged temporal recursion,0.6086635485691244,0.42139439633972653,0.4250756929651834,0.538123355077095,0.2799884264695948,0.36094233867093,0.42760322279945545
551,79,5,PX-005,false signal injection,0.6086635485691244,0.42139439633972653,0.4250756929651834,0.538123355077095,0.30050812585194625,0.36094233867093,0.42760322279945545
552,79,6,PX-006,signal to unstable utterance,0.6086635485691244,0.42139439633972653,0.4250756929651834,0.538123355077095,0.30050812585194625,0.36120127857419887,0.43220990133643544
553,79,7,PX-007,silence feedback reset,0.5741856315374112,0.40518043793404207,0.4250756929651834,0.538123355077095,0.2645355083091807,0.36120127857419887,0.42752133146842614
554,80,1,PX-001,amplify identity fracture,0.6006306201965922,0.3999837395247264,0.4250756929651834,0.538123355077095,0.2645355083091807,0.36120127857419887,0.42752133146842614
555,80,2,PX-002,fracture to access recursion,0.6006306201965922,0.4219611210973352,0.4250756929651834,0.5439701746841054,0.2645355083091807,0.36120127857419887,0.42752133146842614
556,80,3,PX-003,negation to lock formation,0.6091282361176327,0.4219611210973352,0.4255516997934857,0.5439701746841054,0.2645355083091807,0.36120127857419887,0.42752133146842614
557,80,4,PX-004,lagged temporal recursion,0.6091282361176327,0.4219611210973352,0.4255516997934857,0.5386441333383961,0.2803816536582993,0.36120127857419887,0.42752133146842614
558,80,5,PX-005,false signal injection,0.6091282361176327,0.4219611210973352,0.4255516997934857,0.5386441333383961,0.300915426744291,0.36120127857419887,0.42752133146842614
559,80,6,PX-006,signal to unstable utterance,0.6091282361176327,0.4219611210973352,0.4255516997934857,0.5386441333383961,0.300915426744291,0.3614857984314554,0.4321351843329886
560,80,7,PX-007,silence feedback reset,0.5746141972803274,0.40572612093155064,0.4255516997934857,0.5386441333383961,0.26489574803536464,0.3614857984314554,0.4275012121065264
561,81,1,PX-001,amplify identity fracture,0.6010394699768988,0.4005226686771051,0.4255516997934857,0.5386441333383961,0.26489574803536464,0.3614857984314554,0.4275012121065264
562,81,2,PX-002,fracture to access recursion,0.6010394699768988,0.42248820152202665,0.4255516997934857,0.544491655649421,0.26489574803536464,0.3614857984314554,0.4275012121065264
563,81,3,PX-003,negation to lock formation,0.609537776752483,0.42248820152202665,0.42602243259963907,0.544491655649421,0.26489574803536464,0.3614857984314554,0.4275012121065264
564,81,4,PX-004,lagged temporal recursion,0.609537776752483,0.42248820152202665,0.42602243259963907,0.539149345454749,0.28074898708687407,0.3614857984314554,0.4275012121065264
565,81,5,PX-005,false signal injection,0.609537776752483,0.42248820152202665,0.42602243259963907,0.539149345454749,0.3012974644251198,0.3614857984314554,0.4275012121065264
566,81,6,PX-006,signal to unstable utterance,0.609537776752483,0.42248820152202665,0.42602243259963907,0.539149345454749,0.3012974644251198,0.36179017944278474,0.43212219743211844
567,81,7,PX-007,silence feedback reset,0.5749876381244374,0.40623158806215387,0.42602243259963907,0.539149345454749,0.2652290963505933,0.36179017944278474,0.42753629046280966
568,82,1,PX-001,amplify identity fracture,0.6013940377066211,0.4010212256752866,0.42602243259963907,0.539149345454749,0.2652290963505933,0.36179017944278474,0.42753629046280966
569,82,2,PX-002,fracture to access recursion,0.6013940377066211,0.42297454145938385,0.42602243259963907,0.5449971882833751,0.2652290963505933,0.36179017944278474,0.42753629046280966
570,82,3,PX-003,negation to lock formation,0.60989398394648,0.42297454145938385,0.4264836477083463,0.5449971882833751,0.2652290963505933,0.36179017944278474,0.42753629046280966
571,82,4,PX-004,lagged temporal recursion,0.60989398394648,0.42297454145938385,0.4264836477083463,0.5396355137921827,0.281089435315009,0.36179017944278474,0.42753629046280966
572,82,5,PX-005,false signal injection,0.60989398394648,0.42297454145938385,0.4264836477083463,0.5396355137921827,0.3016530332055548,0.36179017944278474,0.42753629046280966
573,82,6,PX-006,signal to unstable utterance,0.60989398394648,0.42297454145938385,0.4264836477083463,0.5396355137921827,0.3016530332055548,0.36210912198476797,0.4321642959709179
574,82,7,PX-007,silence feedback reset,0.5753081276576949,0.40669602226958995,0.4264836477083463,0.5396355137921827,0.26553501720364026,0.36210912198476797,0.42762014663599457
575,83,1,PX-001,amplify identity fracture,0.6016966066482969,0.40147867988921404,0.4264836477083463,0.5396355137921827,0.26553501720364026,0.36210912198476797,0.42762014663599457
576,83,2,PX-002,fracture to access recursion,0.6016966066482969,0.42341957838033856,0.4264836477083463,0.5454833338917245,0.26553501720364026,0.36210912198476797,0.42762014663599457
577,83,3,PX-003,negation to lock formation,0.610199023055277,0.42341957838033856,0.4269316580726358,0.5454833338917245,0.26553501720364026,0.36210912198476797,0.42762014663599457
578,83,4,PX-004,lagged temporal recursion,0.610199023055277,0.42341957838033856,0.4269316580726358,0.5400997352261709,0.28140239091328856,0.36210912198476797,0.42762014663599457
579,83,5,PX-005,false signal injection,0.610199023055277,0.42341957838033856,0.4269316580726358,0.5400997352261709,0.3019813302077288,0.36210912198476797,0.42762014663599457
580,83,6,PX-006,signal to unstable utterance,0.610199023055277,0.42341957838033856,0.4269316580726358,0.5400997352261709,0.3019813302077288,0.36243775408652595,0.4322549983159699
581,83,7,PX-007,silence feedback reset,0.5755781511172445,0.40711911412858404,0.4269316580726358,0.5400997352261709,0.26581331688256604,0.36243775408652595,0.42774656324760324
582,84,1,PX-001,amplify identity fracture,0.6019497478426394,0.4018948000715567,0.4269316580726358,0.5400997352261709,0.26581331688256604,0.36243775408652595,0.42774656324760324
583,84,2,PX-002,fracture to access recursion,0.6019497478426394,0.4238232333801733,0.4269316580726358,0.5459472277436362,0.26581331688256604,0.36243775408652595,0.42774656324760324
584,84,3,PX-003,negation to lock formation,0.6104553515285172,0.4238232333801733,0.42736331102813463,0.5459472277436362,0.26581331688256604,0.36243775408652595,0.42774656324760324
585,84,4,PX-004,lagged temporal recursion,0.6104553515285172,0.4238232333801733,0.42736331102813463,0.5405396484505742,0.2816875973461417,0.36243775408652595,0.42774656324760324
586,84,5,PX-005,false signal injection,0.6104553515285172,0.4238232333801733,0.42736331102813463,0.5405396484505742,0.3022819220428918,0.36243775408652595,0.42774656324760324
587,84,6,PX-006,signal to unstable utterance,0.6104553515285172,0.4238232333801733,0.42736331102813463,0.5405396484505742,0.3022819220428918,0.3627716348293842,0.4323880338438839
588,84,7,PX-007,silence feedback reset,0.5758004462336251,0.4075010119327233,0.42736331102813463,0.5405396484505742,0.2660641106978032,0.3627716348293842,0.427909566534069
589,85,1,PX-001,amplify identity fracture,0.6021562629079987,0.40226980449137356,0.42736331102813463,0.5405396484505742,0.2660641106978032,0.3627716348293842,0.427909566534069
590,85,2,PX-002,fracture to access recursion,0.6021562629079987,0.4241858612555991,0.42736331102813463,0.546386545998618,0.2660641106978032,0.3627716348293842,0.427909566534069
591,85,3,PX-003,negation to lock formation,0.6106656622978748,0.4241858612555991,0.4277759630992145,0.546386545998618,0.2660641106978032,0.3627716348293842,0.427909566534069
592,85,4,PX-004,lagged temporal recursion,0.6106656622978748,0.4241858612555991,0.4277759630992145,0.5409533993386034,0.2819451152663882,0.3627716348293842,0.427909566534069
593,85,5,PX-005,false signal injection,0.6106656622978748,0.4241858612555991,0.4277759630992145,0.5409533993386034,0.30255471078917745,0.3627716348293842,0.427909566534069
594,85,6,PX-006,signal to unstable utterance,0.6106656622978748,0.4241858612555991,0.4277759630992145,0.5409533993386034,0.30255471078917745,0.3631067531254578,0.432557383751485
595,85,7,PX-007,silence feedback reset,0.5759779475859459,0.40784227209004376,0.4277759630992145,0.5409533993386034,0.2662877895441317,0.3631067531254578,0.42810346067478716
596,86,1,PX-001,amplify identity fracture,0.6023191303817436,0.4026043114473073,0.4277759630992145,0.5409533993386034,0.2662877895441317,0.3631067531254578,0.42810346067478716
597,86,2,PX-002,fracture to access recursion,0.6023191303817436,0.42450820115639015,0.4277759630992145,0.5467994707394151,0.2662877895441317,0.3631067531254578,0.42810346067478716
598,86,3,PX-003,negation to lock formation,0.6108328306217923,0.42450820115639015,0.4281674523705994,0.5467994707394151,0.2662877895441317,0.3631067531254578,0.42810346067478716
599,86,4,PX-004,lagged temporal recursion,0.6108328306217923,0.42450820115639015,0.4281674523705994,0.5413396048907713,0.28217528866860025,0.3631067531254578,0.42810346067478716
600,86,5,PX-005,false signal injection,0.6108328306217923,0.42450820115639015,0.4281674523705994,0.5413396048907713,0.30279989972370547,0.3631067531254578,0.42810346067478716
601,86,6,PX-006,signal to unstable utterance,0.6108328306217923,0.42450820115639015,0.4281674523705994,0.5413396048907713,0.30279989972370547,0.36343952233449506,0.43275731502619
602,86,7,PX-007,silence feedback reset,0.5761137347210827,0.4081438103073219,0.4281674523705994,0.5413396048907713,0.2664849867517589,0.36343952233449506,0.4283228557053529
603,87,1,PX-001,amplify identity fracture,0.6024414558202007,0.40289929063624297,0.4281674523705994,0.5413396048907713,0.2664849867517589,0.36343952233449506,0.4283228557053529
604,87,2,PX-002,fracture to access recursion,0.6024414558202007,0.42479132826708904,0.4281674523705994,0.54718465364463,0.2664849867517589,0.36343952233449506,0.4283228557053529
605,87,3,PX-003,negation to lock formation,0.610959864604613,0.42479132826708904,0.42853606891968943,0.54718465364463,0.2664849867517589,0.36343952233449506,0.4283228557053529
606,87,4,PX-004,lagged temporal recursion,0.610959864604613,0.42479132826708904,0.42853606891968943,0.5416973162681342,0.2823787113165172,0.36343952233449506,0.4283228557053529
607,87,5,PX-005,false signal injection,0.610959864604613,0.42479132826708904,0.42853606891968943,0.5416973162681342,0.30301795923171376,0.36343952233449506,0.4283228557053529
608,87,6,PX-006,signal to unstable utterance,0.610959864604613,0.42479132826708904,0.42853606891968943,0.5416973162681342,0.30301795923171376,0.363766771178264,0.43298240793932613
609,87,7,PX-007,silence feedback reset,0.576210984223044,0.4084068540005416,0.42853606891968943,0.5416973162681342,0.26665654559979546,0.363766771178264,0.4285626893924842
610,88,1,PX-001,amplify identity fracture,0.6025264258131059,0.40315601580903776,0.42853606891968943,0.5416973162681342,0.26665654559979546,0.363766771178264,0.4285626893924842
611,88,2,PX-002,fracture to access recursion,0.6025264258131059,0.4250366069288149,0.42853606891968943,0.5475411787973271,0.26665654559979546,0.363766771178264,0.4285626893924842
612,88,3,PX-003,negation to lock formation,0.6110498595474646,0.4250366069288149,0.42888052378299535,0.5475411787973271,0.26665654559979546,0.363766771178264,0.4285626893924842
613,88,4,PX-004,lagged temporal recursion,0.6110498595474646,0.4250366069288149,0.42888052378299535,0.5420259813709076,0.28255619382192354,0.363766771178264,0.4285626893924842
614,88,5,PX-005,false signal injection,0.6110498595474646,0.4250366069288149,0.42888052378299535,0.5420259813709076,0.3032095932778783,0.363766771178264,0.4285626893924842
615,88,6,PX-006,signal to unstable utterance,0.6110498595474646,0.4250366069288149,0.42888052378299535,0.5420259813709076,0.3032095932778783,0.36408573140756817,0.43322757745204055
616,88,7,PX-007,silence feedback reset,0.5762729258546676,0.40863289632141464,0.42888052378299535,0.5420259813709076,0.26680348782399527,0.36408573140756817,0.4288182434692295
617,89,1,PX-001,amplify identity fracture,0.6025772660103627,0.40337601909668586,0.42888052378299535,0.5420259813709076,0.26680348782399527,0.36408573140756817,0.4288182434692295
618,89,2,PX-002,fracture to access recursion,0.6025772660103627,0.4252456455624414,0.42888052378299535,0.5478685250869902,0.26680348782399527,0.36408573140756817,0.4288182434692295
619,89,3,PX-003,negation to lock formation,0.6111059562305864,0.4252456455624414,0.4291999169049079,0.5478685250869902,0.26680348782399527,0.36408573140756817,0.4288182434692295
620,89,4,PX-004,lagged temporal recursion,0.6111059562305864,0.4252456455624414,0.4291999169049079,0.5423254073831416,0.2827087317103053,0.36408573140756817,0.4288182434692295
621,89,5,PX-005,false signal injection,0.6111059562305864,0.4252456455624414,0.4291999169049079,0.5423254073831416,0.3033757067833564,0.36408573140756817,0.4288182434692295
622,89,6,PX-006,signal to unstable utterance,0.6111059562305864,0.4252456455624414,0.4291999169049079,0.5423254073831416,0.3033757067833564,0.36439402266868715,0.43348808894492113
623,89,7,PX-007,silence feedback reset,0.5763028028336852,0.4088236521394606,0.4291999169049079,0.5423254073831416,0.2669269834062877,0.36439402266868715,0.4290851546459463
624,90,1,PX-001,amplify identity fracture,0.602597203204121,0.40356104733942516,0.4291999169049079,0.5423254073831416,0.2669269834062877,0.36439402266868715,0.4290851546459463
625,90,2,PX-002,fracture to access recursion,0.602597203204121,0.42542025370360376,0.4291999169049079,0.5481665286222843,0.2669269834062877,0.36439402266868715,0.4290851546459463
626,90,3,PX-003,negation to lock formation,0.6111313031726262,0.42542025370360376,0.4294937044888794,0.5481665286222843,0.2669269834062877,0.36439402266868715,0.4290851546459463
627,90,4,PX-004,lagged temporal recursion,0.6111313031726262,0.42542025370360376,0.4294937044888794,0.542595723663978,0.2828374747637757,0.36439402266868715,0.4290851546459463
628,90,5,PX-005,false signal injection,0.6111313031726262,0.42542025370360376,0.4294937044888794,0.542595723663978,0.3035173742078306,0.36439402266868715,0.4290851546459463
629,90,6,PX-006,signal to unstable utterance,0.6111313031726262,0.42542025370360376,0.4294937044888794,0.542595723663978,0.3035173742078306,0.36468963500384066,0.43375956869849813
630,90,7,PX-007,silence feedback reset,0.5763038362496998,0.40898101626726646,0.4294937044888794,0.542595723663978,0.26702832188783937,0.36468963500384066,0.42935942082424156
631,91,1,PX-001,amplify identity fracture,0.6025894314584938,0.40371302069908777,0.4294937044888794,0.542595723663978,0.26702832188783937,0.36468963500384066,0.42935942082424156
632,91,2,PX-002,fracture to access recursion,0.6025894314584938,0.42556240140832075,0.4294937044888794,0.5484353455315378,0.26702832188783937,0.36468963500384066,0.42935942082424156
633,91,3,PX-003,negation to lock formation,0.6111290228624038,0.42556240140832075,0.4297616661404,0.5484353455315378,0.26702832188783937,0.36468963500384066,0.42935942082424156
634,91,4,PX-004,lagged temporal recursion,0.6111290228624038,0.42556240140832075,0.4297616661404,0.5428373453255106,0.282943697885647,0.36468963500384066,0.42935942082424156
635,91,5,PX-005,false signal injection,0.6111290228624038,0.42556240140832075,0.4297616661404,0.5428373453255106,0.30363580959028097,0.36468963500384066,0.42935942082424156
636,91,6,PX-006,signal to unstable utterance,0.6111290228624038,0.42556240140832075,0.4297616661404,0.5428373453255106,0.30363580959028097,0.36497090940445065,0.43403800956251104
637,91,7,PX-007,silence feedback reset,0.5762791935783451,0.40910702416432754,0.4297616661404,0.5428373453255106,0.26710888540147953,0.36497090940445065,0.42963740294770075
638,92,1,PX-001,amplify identity fracture,0.6025570822331507,0.4038339937826388,0.4297616661404,0.5428373453255106,0.26710888540147953,0.36497090940445065,0.42963740294770075
639,92,2,PX-002,fracture to access recursion,0.6025570822331507,0.4256741812366035,0.4297616661404,0.5486754154871261,0.26710888540147953,0.36497090940445065,0.42963740294770075
640,92,3,PX-003,negation to lock formation,0.6111021819132346,0.4256741812366035,0.43000387215840136,0.5486754154871261,0.26710888540147953,0.36497090940445065,0.42963740294770075
641,92,4,PX-004,lagged temporal recursion,0.6111021819132346,0.4256741812366035,0.43000387215840136,0.5430509377968644,0.28302877368490814,0.36497090940445065,0.42963740294770075
642,92,5,PX-005,false signal injection,0.6111021819132346,0.4256741812366035,0.43000387215840136,0.5430509377968644,0.30373233825660345,0.36497090940445065,0.42963740294770075
643,92,6,PX-006,signal to unstable utterance,0.6111021819132346,0.4256741812366035,0.43000387215840136,0.5430509377968644,0.30373233825660345,0.3652365168168779,0.43431977225736645
644,92,7,PX-007,silence feedback reset,0.5762319612041963,0.40920381530342015,0.43000387215840136,0.5430509377968644,0.2671701235744573,0.3652365168168779,0.42991582292499925
645,93,1,PX-001,amplify identity fracture,0.6025031984059589,0.4039261194534136,0.43000387215840136,0.5430509377968644,0.2671701235744573,0.3652365168168779,0.42991582292499925
646,93,2,PX-002,fracture to access recursion,0.6025031984059589,0.42575777297125345,0.43000387215840136,0.5488874262494117,0.2671701235744573,0.3652365168168779,0.42991582292499925
647,93,3,PX-003,negation to lock formation,0.6110537650494812,0.42575777297125345,0.43022065129745996,0.5488874262494117,0.2671701235744573,0.3652365168168779,0.42991582292499925
648,93,4,PX-004,lagged temporal recursion,0.6110537650494812,0.42575777297125345,0.43022065129745996,0.5432373826342235,0.28309414693388024,0.3652365168168779,0.42991582292499925
649,93,5,PX-005,false signal injection,0.6110537650494812,0.42575777297125345,0.43022065129745996,0.5432373826342235,0.30380837035759445,0.3652365168168779,0.42991582292499925
650,93,6,PX-006,signal to unstable utterance,0.6110537650494812,0.42575777297125345,0.43022065129745996,0.5432373826342235,0.30380837035759445,0.3654854359783688,0.4346015827518243
651,93,7,PX-007,silence feedback reset,0.5761651208251253,0.40927359933372487,0.43022065129745996,0.5432373826342235,0.2672135304096578,0.3654854359783688,0.4301917580581551
652,94,1,PX-001,amplify identity fracture,0.6024307120639923,0.40399161545699996,0.43022065129745996,0.5432373826342235,0.2672135304096578,0.3654854359783688,0.4301917580581551
653,94,2,PX-002,fracture to access recursion,0.6024307120639923,0.4258154111809988,0.43022065129745996,0.549072279485995,0.2672135304096578,0.3654854359783688,0.4301917580581551
654,94,3,PX-003,negation to lock formation,0.6109866527997336,0.4258154111809988,0.4304125592879507,0.549072279485995,0.2672135304096578,0.3654854359783688,0.4301917580581551
655,94,4,PX-004,lagged temporal recursion,0.6109866527997336,0.4258154111809988,0.4304125592879507,0.5433977447975644,0.2831413110094002,0.3654854359783688,0.4301917580581551
656,94,5,PX-005,false signal injection,0.6109866527997336,0.4258154111809988,0.4304125592879507,0.5433977447975644,0.3038653763581384,0.3654854359783688,0.4301917580581551
657,94,6,PX-006,signal to unstable utterance,0.6109866527997336,0.4258154111809988,0.4304125592879507,0.5433977447975644,0.3038653763581384,0.3657169304366234,0.4348805261569457
658,94,7,PX-007,silence feedback reset,0.5760815295777718,0.4093186251277265,0.4304125592879507,0.5433977447975644,0.2672406232133479,0.3657169304366234,0.43046263240158666
659,95,1,PX-001,amplify identity fracture,0.6023424259017192,0.40403273394182215,0.4304125592879507,0.5433977447975644,0.2672406232133479,0.3657169304366234,0.43046263240158666
660,95,2,PX-002,fracture to access recursion,0.6023424259017192,0.4258493556919102,0.4304125592879507,0.5492310580831273,0.2672406232133479,0.3657169304366234,0.43046263240158666
661,95,3,PX-003,negation to lock formation,0.6109036027409935,0.4258493556919102,0.4305803483656757,0.5492310580831273,0.2672406232133479,0.3657169304366234,0.43046263240158666
662,95,4,PX-004,lagged temporal recursion,0.6109036027409935,0.4258493556919102,0.4305803483656757,0.5435332415771688,0.2831717863877845,0.3657169304366234,0.43046263240158666
663,95,5,PX-005,false signal injection,0.6109036027409935,0.4258493556919102,0.4305803483656757,0.5435332415771688,0.30390486455840254,0.3657169304366234,0.43046263240158666
664,95,6,PX-006,signal to unstable utterance,0.6109036027409935,0.4258493556919102,0.4305803483656757,0.5435332415771688,0.30390486455840254,0.3659305250801816,0.4351540375680797
665,95,7,PX-007,silence feedback reset,0.5759839036965639,0.4093411527549262,0.4305803483656757,0.5435332415771688,0.26725292360085445,0.3659305250801816,0.43072620546666157
666,96,1,PX-001,amplify identity fracture,0.6022409980399289,0.4040517339109019,0.4305803483656757,0.5435332415771688,0.26725292360085445,0.3659305250801816,0.43072620546666157
667,96,2,PX-002,fracture to access recursion,0.6022409980399289,0.4258618649892364,0.4305803483656757,0.5493649951285949,0.26725292360085445,0.3659305250801816,0.43072620546666157
668,96,3,PX-003,negation to lock formation,0.6108072341133755,0.4258618649892364,0.4307249380269954,0.5493649951285949,0.26725292360085445,0.3659305250801816,0.43072620546666157
669,96,4,PX-004,lagged temporal recursion,0.6108072341133755,0.4258618649892364,0.4307249380269954,0.5436452133169131,0.2831871012271088,0.3659305250801816,0.43072620546666157
670,96,5,PX-005,false signal injection,0.6108072341133755,0.4258618649892364,0.4307249380269954,0.5436452133169131,0.3039283606910088,0.3659305250801816,0.43072620546666157
671,96,6,PX-006,signal to unstable utterance,0.6108072341133755,0.4258618649892364,0.4307249380269954,0.5436452133169131,0.3039283606910088,0.36612598247921646,0.43541989027457584
672,96,7,PX-007,silence feedback reset,0.5758748054970699,0.40934342838512194,0.4307249380269954,0.5436452133169131,0.26725194057868357,0.36612598247921646,0.43098055867199947
673,97,1,PX-001,amplify identity fracture,0.6021289300588656,0.404050856601498,0.4307249380269954,0.5436452133169131,0.26725194057868357,0.36612598247921646,0.43098055867199947
674,97,2,PX-002,fracture to access recursion,0.6021289300588656,0.42585517253385247,0.4307249380269954,0.5494754447095004,0.26725194057868357,0.36612598247921646,0.43098055867199947
675,97,3,PX-003,negation to lock formation,0.6107000156050091,0.42585517253385247,0.430847387190612,0.5494754447095004,0.26725194057868357,0.36612598247921646,0.43098055867199947
676,97,4,PX-004,lagged temporal recursion,0.6107000156050091,0.42585517253385247,0.430847387190612,0.5437350960471624,0.2831887740373964,0.36612598247921646,0.43098055867199947
677,97,5,PX-005,false signal injection,0.6107000156050091,0.42585517253385247,0.430847387190612,0.5437350960471624,0.3039373896049091,0.36612598247921646,0.43098055867199947
678,97,6,PX-006,signal to unstable utterance,0.6107000156050091,0.42585517253385247,0.430847387190612,0.5437350960471624,0.3039373896049091,0.36630327930781265,0.43567618174143413
679,97,7,PX-007,silence feedback reset,0.5757566334581014,0.4093276620878042,0.430847387190612,0.5437350960471624,0.2672391556727219,0.36630327930781265,0.4312240799223675
680,98,1,PX-001,amplify identity fracture,0.6020085580238308,0.40403230375368654,0.430847387190612,0.5437350960471624,0.2672391556727219,0.36630327930781265,0.4312240799223675
681,98,2,PX-002,fracture to access recursion,0.6020085580238308,0.4258314659436878,0.430847387190612,0.5495638546344292,0.2672391556727219,0.36630327930781265,0.4312240799223675
682,98,3,PX-003,negation to lock formation,0.6105842560917724,0.4258314659436878,0.4309488679133482,0.5495638546344292,0.2672391556727219,0.36630327930781265,0.4312240799223675
683,98,4,PX-004,lagged temporal recursion,0.6105842560917724,0.4258314659436878,0.4309488679133482,0.5438043961080554,0.28317829841036285,0.36630327930781265,0.4312240799223675
684,98,5,PX-005,false signal injection,0.6105842560917724,0.4258314659436878,0.4309488679133482,0.5438043961080554,0.3039334590172763,0.36630327930781265,0.4312240799223675
685,98,6,PX-006,signal to unstable utterance,0.6105842560917724,0.4258314659436878,0.4309488679133482,0.5438043961080554,0.3039334590172763,0.36646258308986257,0.4359213177487091
686,98,7,PX-007,silence feedback reset,0.575631615165557,0.40929600846230196,0.4309488679133482,0.5438043961080554,0.2672160100473936,0.36646258308986257,0.43145544667905666
687,99,1,PX-001,amplify identity fracture,0.6018820462709162,0.40399821869765024,0.4309488679133482,0.5438043961080554,0.2672160100473936,0.36646258308986257,0.43145544667905666
688,99,2,PX-002,fracture to access recursion,0.6018820462709162,0.42579286896097,0.4309488679133482,0.5496317411577114,0.2672160100473936,0.36646258308986257,0.43145544667905666
689,99,3,PX-003,negation to lock formation,0.6104620981059086,0.42579286896097,0.4310306407749176,0.5496317411577114,0.2672160100473936,0.36646258308986257,0.43145544667905666
690,99,4,PX-004,lagged temporal recursion,0.6104620981059086,0.42579286896097,0.4310306407749176,0.5438546668142518,0.2831571297554933,0.36646258308986257,0.43145544667905666
691,99,5,PX-005,false signal injection,0.6104620981059086,0.42579286896097,0.4310306407749176,0.5438546668142518,0.3039180452892275,0.36646258308986257,0.43145544667905666
692,99,6,PX-006,signal to unstable utterance,0.6104620981059086,0.42579286896097,0.4310306407749176,0.5438546668142518,0.3039180452892275,0.36660422948177196,0.43615399505365393
693,99,7,PX-007,silence feedback reset,0.5755018028740757,0.4092505500057799,0.4310306407749176,0.5438546668142518,0.2671838935399521,0.36660422948177196,0.4316736078626168
694,100,1,PX-001,amplify identity fracture,0.6017513837141535,0.40395067016255726,0.4310306407749176,0.5438546668142518,0.2671838935399521,0.36660422948177196,0.4316736078626168
695,100,2,PX-002,fracture to access recursion,0.6017513837141535,0.4257414261009121,0.4310306407749176,0.5496806657540451,0.2671838935399521,0.36660422948177196,0.4316736078626168
696,100,3,PX-003,negation to lock formation,0.6103355138011289,0.4257414261009121,0.43109403201612817,0.5496806657540451,0.2671838935399521,0.36660422948177196,0.4316736078626168
697,100,4,PX-004,lagged temporal recursion,0.6103355138011289,0.4257414261009121,0.43109403201612817,0.5438874871849618,0.283126673968401,0.36660422948177196,0.4316736078626168
698,100,5,PX-005,false signal injection,0.6103355138011289,0.4257414261009121,0.43109403201612817,0.5438874871849618,0.303892581159617,0.36660422948177196,0.4316736078626168
699,100,6,PX-006,signal to unstable utterance,0.6103355138011289,0.4257414261009121,0.43109403201612817,0.5438874871849618,0.303892581159617,0.3667287002766261,0.4363731829177954
700,100,7,PX-007,silence feedback reset,0.5753690714396962,0.4091932831030298,0.43109403201612817,0.5438874871849618,0.26714413551731836,0.3667287002766261,0.4318777649052252
701,101,1,PX-001,amplify identity fracture,0.601618382432827,0.4038916386874068,0.43109403201612817,0.5438874871849618,0.26714413551731836,0.3667287002766261,0.4318777649052252
702,101,2,PX-002,fracture to access recursion,0.601618382432827,0.42567908985652897,0.43109403201612817,0.5497122139647802,0.26714413551731836,0.3667287002766261,0.4318777649052252
703,101,3,PX-003,negation to lock formation,0.6102063031790737,0.42567908985652897,0.43114041248645973,0.5497122139647802,0.26714413551731836,0.3667287002766261,0.4318777649052252
704,101,4,PX-004,lagged temporal recursion,0.6102063031790737,0.42567908985652897,0.43114041248645973,0.5439044427383775,0.2830882779404785,0.3667287002766261,0.4318777649052252
705,101,5,PX-005,false signal injection,0.6102063031790737,0.42567908985652897,0.43114041248645973,0.5439044427383775,0.30385844535334267,0.3667287002766261,0.4318777649052252
706,101,6,PX-006,signal to unstable utterance,0.6102063031790737,0.42567908985652897,0.43114041248645973,0.5439044427383775,0.30385844535334267,0.3668366022866846,0.43657810381684603
707,101,7,PX-007,silence feedback reset,0.5752351183774509,0.40912610650308734,0.43114041248645973,0.5439044427383775,0.2670979974498163,0.3668366022866846,0.43206735224521314
708,102,1,PX-001,amplify identity fracture,0.6014846782985694,0.40382300549595185,0.43114041248645973,0.5439044427383775,0.2670979974498163,0.3668366022866846,0.43206735224521314
709,102,2,PX-002,fracture to access recursion,0.6014846782985694,0.4256077103174435,0.43114041248645973,0.5497279763127398,0.2670979974498163,0.3668366022866846,0.43206735224521314
710,102,3,PX-003,negation to lock formation,0.6100760943426046,0.4256077103174435,0.4311711784307177,0.5497279763127398,0.2670979974498163,0.3668366022866846,0.43206735224521314
711,102,4,PX-004,lagged temporal recursion,0.6100760943426046,0.4256077103174435,0.4311711784307177,0.5439071083275241,0.2830432218055972,0.3668366022866846,0.43206735224521314
712,102,5,PX-005,false signal injection,0.6100760943426046,0.4256077103174435,0.4311711784307177,0.5439071083275241,0.30381695396642333,0.3668366022866846,0.43206735224521314
713,102,6,PX-006,signal to unstable utterance,0.6100760943426046,0.4256077103174435,0.4311711784307177,0.5439071083275241,0.30381695396642333,0.3669286472343486,0.4367682136260179
714,102,7,PX-007,silence feedback reset,0.5751014658016506,0.40905081213285865,0.4311711784307177,0.5439071083275241,0.2670466670865208,0.3669286472343486,0.43224201753079977
715,103,1,PX-001,amplify identity fracture,0.601351733405707,0.4037465436835911,0.4311711784307177,0.5439071083275241,0.2670466670865208,0.3669286472343486,0.43224201753079977
716,103,2,PX-002,fracture to access recursion,0.601351733405707,0.425529027047618,0.4311711784307177,0.5497295312606257,0.2670466670865208,0.3669286472343486,0.43224201753079977
717,103,3,PX-003,negation to lock formation,0.6099463455449025,0.425529027047618,0.43118773412062544,0.5497295312606257,0.2670466670865208,0.3669286472343486,0.43224201753079977
718,103,4,PX-004,lagged temporal recursion,0.6099463455449025,0.425529027047618,0.43118773412062544,0.5438970329750534,0.2829927128097535,0.3669286472343486,0.43224201753079977
719,103,5,PX-005,false signal injection,0.6099463455449025,0.425529027047618,0.43118773412062544,0.5438970329750534,0.3037693535192682,0.3669286472343486,0.43224201753079977
720,103,6,PX-006,signal to unstable utterance,0.6099463455449025,0.425529027047618,0.43118773412062544,0.5438970329750534,0.3037693535192682,0.36700563275633236,0.4369431815473396
721,103,7,PX-007,silence feedback reset,0.5749694640131056,0.4089690780869025,0.43118773412062544,0.5438970329750534,0.2669912541104012,0.36700563275633236,0.4324016017742763
722,104,1,PX-001,amplify identity fracture,0.6012208400747262,0.40366391155367476,0.43118773412062544,0.5438970329750534,0.2669912541104012,0.36700563275633236,0.4324016017742763
723,104,2,PX-002,fracture to access recursion,0.6012208400747262,0.42544466305765194,0.43118773412062544,0.5497184301688192,0.2669912541104012,0.36700563275633236,0.4324016017742763
724,104,3,PX-003,negation to lock formation,0.609818348809335,0.42544466305765194,0.4311914763158616,0.5497184301688192,0.2669912541104012,0.36700563275633236,0.4324016017742763
725,104,4,PX-004,lagged temporal recursion,0.609818348809335,0.42544466305765194,0.4311914763158616,0.543875726647575,0.2829378806827905,0.36700563275633236,0.4324016017742763
726,104,5,PX-005,false signal injection,0.609818348809335,0.42544466305765194,0.4311914763158616,0.543875726647575,0.30371681556179014,0.36700563275633236,0.4324016017742763
727,104,6,PX-006,signal to unstable utterance,0.609818348809335,0.42544466305765194,0.4311914763158616,0.543875726647575,0.30371681556179014,0.36706842460188144,0.4371028700193624
728,104,7,PX-007,silence feedback reset,0.5748402965062165,0.4088824636249806,0.4311914763158616,0.543875726647575,0.2669327871476725,0.36706842460188144,0.4325461196721035
729,105,1,PX-001,amplify identity fracture,0.60109312620727,0.40357664793369197,0.4311914763158616,0.543875726647575,0.2669327871476725,0.36706842460188144,0.4325461196721035
730,105,2,PX-002,fracture to access recursion,0.60109312620727,0.42535612070131557,0.4311914763158616,0.5496961841917019,0.2669327871476725,0.36706842460188144,0.4325461196721035
731,105,3,PX-003,negation to lock formation,0.6096932349031423,0.42535612070131557,0.4311837805202085,0.5496961841917019,0.2669327871476725,0.36706842460188144,0.4325461196721035
732,105,4,PX-004,lagged temporal recursion,0.6096932349031423,0.42535612070131557,0.4311837805202085,0.5438446488956966,0.28287977438729733,0.36706842460188144,0.4325461196721035
733,105,5,PX-005,false signal injection,0.6096932349031423,0.42535612070131557,0.4311837805202085,0.5438446488956966,0.30366043270899273,0.36706842460188144,0.4325461196721035
734,105,6,PX-006,signal to unstable utterance,0.6096932349031423,0.42535612070131557,0.4311837805202085,0.5438446488956966,0.30366043270899273,0.3671179400836621,0.4372473148235433
735,105,7,PX-007,silence feedback reset,0.5747149861793347,0.40879240600464284,0.4311837805202085,0.5438446488956966,0.26687221200440153,0.3671179400836621,0.43267574028095035
736,106,1,PX-001,amplify identity fracture,0.6009695617813477,0.40348616929796416,0.4311837805202085,0.5438446488956966,0.26687221200440153,0.3671179400836621,0.43267574028095035
737,106,2,PX-002,fracture to access recursion,0.6009695617813477,0.4252647793230123,0.4311837805202085,0.549664253037428,0.26687221200440153,0.3671179400836621,0.43267574028095035
738,106,3,PX-003,negation to lock formation,0.6095719794577737,0.4252647793230123,0.43116598898213393,0.549664253037428,0.26687221200440153,0.3671179400836621,0.43267574028095035
739,106,4,PX-004,lagged temporal recursion,0.6095719794577737,0.4252647793230123,0.43116598898213393,0.5438051992739332,0.2828193601181697,0.3671179400836621,0.43267574028095035
740,106,5,PX-005,false signal injection,0.6095719794577737,0.4252647793230123,0.43116598898213393,0.5438051992739332,0.3036012159830706,0.3671179400836621,0.43267574028095035
741,106,6,PX-006,signal to unstable utterance,0.6095719794577737,0.4252647793230123,0.43116598898213393,0.5438051992739332,0.3036012159830706,0.36715513281951373,0.43737670557590363
742,106,7,PX-007,silence feedback reset,0.5745944025436523,0.40870021897459735,0.43116598898213393,0.5438051992739332,0.26681039100410964,0.36715513281951373,0.43279076821489404
743,107,1,PX-001,amplify identity fracture,0.6008509662870859,0.40339376852240905,0.43116598898213393,0.5438051992739332,0.26681039100410964,0.36715513281951373,0.43279076821489404
744,107,2,PX-002,fracture to access recursion,0.6008509662870859,0.42517189448252835,0.43116598898213393,0.5496240355042666,0.26681039100410964,0.36715513281951373,0.43279076821489404
745,107,3,PX-003,negation to lock formation,0.6094554100398527,0.42517189448252835,0.4311394003752268,0.5496240355042666,0.26681039100410964,0.36715513281951373,0.43279076821489404
746,107,4,PX-004,lagged temporal recursion,0.6094554100398527,0.42517189448252835,0.4311394003752268,0.5437587094449213,0.2827575204267509,0.36715513281951373,0.43279076821489404
747,107,5,PX-005,false signal injection,0.6094554100398527,0.42517189448252835,0.4311394003752268,0.5437587094449213,0.3035400933375731,0.36715513281951373,0.43279076821489404
748,107,6,PX-006,signal to unstable utterance,0.6094554100398527,0.42517189448252835,0.4311394003752268,0.5437587094449213,0.3035400933375731,0.3671809787846778,0.4374913667675718
749,107,7,PX-007,silence feedback reset,0.5744792697387792,0.40860709275558377,0.4311394003752268,0.5437587094449213,0.26674810330253257,0.3671809787846778,0.43289162550505744
750,108,1,PX-001,amplify identity fracture,0.6007380169160135,0.40330061509830795,0.4311394003752268,0.5437587094449213,0.26674810330253257,0.3671809787846778,0.43289162550505744
751,108,2,PX-002,fracture to access recursion,0.6007380169160135,0.4250785985854039,0.4311394003752268,0.5495768616970998,0.26674810330253257,0.3671809787846778,0.43289162550505744
752,108,3,PX-003,negation to lock formation,0.6093442139888976,0.4250785985854039,0.4311052610823576,0.5495768616970998,0.26674810330253257,0.3671809787846778,0.43289162550505744
753,108,4,PX-004,lagged temporal recursion,0.6093442139888976,0.4250785985854039,0.4311052610823576,0.5437064368648054,0.2826950543456422,0.3671809787846778,0.43289162550505744
754,108,5,PX-005,false signal injection,0.6093442139888976,0.4250785985854039,0.4311052610823576,0.5437064368648054,0.30347790924048235,0.3671809787846778,0.43289162550505744
755,108,6,PX-006,signal to unstable utterance,0.6093442139888976,0.4250785985854039,0.4311052610823576,0.5437064368648054,0.30347790924048235,0.3671964636774217,0.4375917394937456
756,108,7,PX-007,silence feedback reset,0.5743701751767685,0.40851409533857147,0.4311052610823576,0.5437064368648054,0.26668604605952506,0.3671964636774217,0.4329788342400829
757,109,1,PX-001,amplify identity fracture,0.6006312573302643,0.4032077566354614,0.4311052610823576,0.5437064368648054,0.26668604605952506,0.3671964636774217,0.4329788342400829
758,109,2,PX-002,fracture to access recursion,0.6006312573302643,0.4249859027511983,0.4311052610823576,0.5495239868202625,0.26668604605952506,0.3671964636774217,0.4329788342400829
759,109,3,PX-003,negation to lock formation,0.6092389468508114,0.4249859027511983,0.43106475799811417,0.5495239868202625,0.26668604605952506,0.3671964636774217,0.4329788342400829
760,109,4,PX-004,lagged temporal recursion,0.6092389468508114,0.4249859027511983,0.43106475799811417,0.5436495599411025,0.2826326783938614,0.3671964636774217,0.4329788342400829
761,109,5,PX-005,false signal injection,0.6092389468508114,0.4249859027511983,0.43106475799811417,0.5436495599411025,0.30341542519585185,0.3671964636774217,0.4329788342400829
762,109,6,PX-006,signal to unstable utterance,0.6092389468508114,0.4249859027511983,0.43106475799811417,0.5436495599411025,0.30341542519585185,0.36720257158616026,0.43767836398765236
763,109,7,PX-007,silence feedback reset,0.5742675786504016,0.4084221749350078,0.43106475799811417,0.5436495599411025,0.26662483635304435,0.36720257158616026,0.43305300008419056
764,110,1,PX-001,amplify identity fracture,0.6005311068518968,0.4031161214903124,0.43106475799811417,0.5436495599411025,0.26662483635304435,0.36720257158616026,0.43305300008419056
765,110,2,PX-002,fracture to access recursion,0.6005311068518968,0.4248946997574998,0.43106475799811417,0.5494665864374934,0.26662483635304435,0.36720257158616026,0.43305300008419056
766,110,3,PX-003,negation to lock formation,0.609140041249485,0.4248946997574998,0.4310190127568381,0.5494665864374934,0.26662483635304435,0.36720257158616026,0.43305300008419056
767,110,4,PX-004,lagged temporal recursion,0.609140041249485,0.4248946997574998,0.4310190127568381,0.543589174550627,0.2825710283467555,0.36720257158616026,0.43305300008419056
768,110,5,PX-005,false signal injection,0.609140041249485,0.4248946997574998,0.4310190127568381,0.543589174550627,0.3033533210876611,0.36720257158616026,0.43305300008419056
769,110,6,PX-006,signal to unstable utterance,0.609140041249485,0.4248946997574998,0.4310190127568381,0.543589174550627,0.3033533210876611,0.3672002749332128,0.4377518630543952
770,110,7,PX-007,silence feedback reset,0.574171821755763,0.4083321634202217,0.4310190127568381,0.543589174550627,0.2665650137259535,0.3672002749332128,0.4331147967492708
771,111,1,PX-001,amplify identity fracture,0.6004378699265543,0.40302652236124353,0.4310190127568381,0.543589174550627,0.2665650137259535,0.3672002749332128,0.4331147967492708
772,111,2,PX-002,fracture to access recursion,0.6004378699265543,0.4248057679044497,0.4310190127568381,0.5494057530861748,0.2665650137259535,0.3672002749332128,0.4331147967492708
773,111,3,PX-003,negation to lock formation,0.6090478160524093,0.4248057679044497,0.43096907728829587,0.5494057530861748,0.2665650137259535,0.3672002749332128,0.4331147967492708
774,111,4,PX-004,lagged temporal recursion,0.6090478160524093,0.4248057679044497,0.43096907728829587,0.5435262918030104,0.28251066166067845,0.3672002749332128,0.4331147967492708
775,111,5,PX-005,false signal injection,0.6090478160524093,0.4248057679044497,0.43096907728829587,0.5435262918030104,0.3032921972345149,0.3672002749332128,0.4331147967492708
776,111,6,PX-006,signal to unstable utterance,0.6090478160524093,0.4248057679044497,0.43096907728829587,0.5435262918030104,0.3032921972345149,0.3671905256591597,0.4378129264792675
777,111,7,PX-007,silence feedback reset,0.5740831374933472,0.40824478061865516,0.43096907728829587,0.5435262918030104,0.2665070432628152,0.3671905256591597,0.43316495147860273
778,112,1,PX-001,amplify identity fracture,0.6003517457296976,0.40293966070101295,0.43096907728829587,0.5435262918030104,0.2665070432628152,0.3671905256591597,0.43316495147860273
779,112,2,PX-002,fracture to access recursion,0.6003517457296976,0.4247197756525184,0.43096907728829587,0.5493424941311114,0.2665070432628152,0.3671905256591597,0.43316495147860273
780,112,3,PX-003,negation to lock formation,0.6089624856997653,0.4247197756525184,0.4309159305995016,0.5493424941311114,0.2665070432628152,0.3671905256591597,0.43316495147860273
781,112,4,PX-004,lagged temporal recursion,0.6089624856997653,0.4247197756525184,0.4309159305995016,0.5434618369348158,0.2824520604487008,0.3671905256591597,0.43316495147860273
782,112,5,PX-005,false signal injection,0.6089624856997653,0.4247197756525184,0.4309159305995016,0.5434618369348158,0.30323257704952766,0.3671905256591597,0.43316495147860273
783,112,6,PX-006,signal to unstable utterance,0.6089624856997653,0.4247197756525184,0.4309159305995016,0.5434618369348158,0.30323257704952766,0.36717424760230943,0.4378622964662843
784,112,7,PX-007,silence feedback reset,0.5740016599259319,0.40816063928807106,0.4309159305995016,0.5434618369348158,0.26645131910070674,0.36717424760230943,0.4332042315824388
785,113,1,PX-001,amplify identity fracture,0.6002728377974496,0.40285613180492147,0.4309159305995016,0.5434618369348158,0.26645131910070674,0.36717424760230943,0.4332042315824388
786,113,2,PX-002,fracture to access recursion,0.6002728377974496,0.4246372868950403,0.4309159305995016,0.5492777307426571,0.26645131910070674,0.36717424760230943,0.4332042315824388
787,113,3,PX-003,negation to lock formation,0.6088841695798621,0.4246372868950403,0.4308604766792893,0.5492777307426571,0.26645131910070674,0.36717424760230943,0.4332042315824388
788,113,4,PX-004,lagged temporal recursion,0.6088841695798621,0.4246372868950403,0.4308604766792893,0.5433966492200408,0.28239563491032504,0.36717424760230943,0.4332042315824388
789,113,5,PX-005,false signal injection,0.6088841695798621,0.4246372868950403,0.4308604766792893,0.5433966492200408,0.30317491020598286,0.36717424760230943,0.4332042315824388
790,113,6,PX-006,signal to unstable utterance,0.6088841695798621,0.4246372868950403,0.4308604766792893,0.5433966492200408,0.30317491020598286,0.3671523300199552,0.4379007541453648
791,113,7,PX-007,silence feedback reset,0.5739274337851026,0.4080802506690306,0.4308604766792893,0.5433966492200408,0.26639816828519663,0.3671523300199552,0.4332334320498757
792,114,1,PX-001,amplify identity fracture,0.6002011635775703,0.40277643044255707,0.4308604766792893,0.5433966492200408,0.26639816828519663,0.3671523300199552,0.4332334320498757
793,114,2,PX-002,fracture to access recursion,0.6002011635775703,0.4245587667363456,0.4308604766792893,0.5492122978848855,0.26639816828519663,0.3671523300199552,0.4332334320498757
794,114,3,PX-003,negation to lock formation,0.6088129013469038,0.4245587667363456,0.43080354342173904,0.5492122978848855,0.26639816828519663,0.3671523300199552,0.4332334320498757
795,114,4,PX-004,lagged temporal recursion,0.6088129013469038,0.4245587667363456,0.43080354342173904,0.5433314827847726,0.2823417271251658,0.3671523300199552,0.4332334320498757
796,114,5,PX-005,false signal injection,0.6088129013469038,0.4245587667363456,0.43080354342173904,0.5433314827847726,0.303119576215969,0.3671523300199552,0.4332334320498757
797,114,6,PX-006,signal to unstable utterance,0.6088129013469038,0.4245587667363456,0.43080354342173904,0.5433314827847726,0.303119576215969,0.367125622191801,0.43792910717084294
798,114,7,PX-007,silence feedback reset,0.5738604239314871,0.4080040304755226,0.43080354342173904,0.5433314827847726,0.26634785488984175,0.367125622191801,0.4332533642471542
799,115,1,PX-001,amplify identity fracture,0.6001366638090853,0.402700956910625,0.43080354342173904,0.5433314827847726,0.26634785488984175,0.367125622191801,0.4332533642471542
800,115,2,PX-002,fracture to access recursion,0.6001366638090853,0.4244845876560233,0.43080354342173904,0.5491469452015404,0.26634785488984175,0.367125622191801,0.4332533642471542
801,115,3,PX-003,negation to lock formation,0.6087486380897396,0.4244845876560233,0.43074588246532836,0.5491469452015404,0.26634785488984175,0.367125622191801,0.4332533642471542
802,115,4,PX-004,lagged temporal recursion,0.6087486380897396,0.4244845876560233,0.43074588246532836,0.5432670082167391,0.2822906151276733,0.367125622191801,0.4332533642471542
803,115,5,PX-005,false signal injection,0.6087486380897396,0.4244845876560233,0.43074588246532836,0.5432670082167391,0.3030668883360259,0.367125622191801,0.4332533642471542
804,115,6,PX-006,signal to unstable utterance,0.6087486380897396,0.4244845876560233,0.43074588246532836,0.5432670082167391,0.3030668883360259,0.3670949290410437,0.4379481784197736
805,115,7,PX-007,silence feedback reset,0.5738005245863702,0.40793230521247825,0.43074588246532836,0.5432670082167391,0.2663005843247718,0.3670949290410437,0.43326484569978313
806,116,1,PX-001,amplify identity fracture,0.600079211651542,0.402630023394263,0.43074588246532836,0.5432670082167391,0.2663005843247718,0.3670949290410437,0.43326484569978313
807,116,2,PX-002,fracture to access recursion,0.600079211651542,0.4244150359497271,0.43074588246532836,0.5490823386905527,0.2663005843247718,0.3670949290410437,0.43326484569978313
808,116,3,PX-003,negation to lock formation,0.6086912692724109,0.4244150359497271,0.4306881698465306,0.5490823386905527,0.2663005843247718,0.3670949290410437,0.43326484569978313
809,116,4,PX-004,lagged temporal recursion,0.6086912692724109,0.4244150359497271,0.4306881698465306,0.5432038148643363,0.2822425171871126,0.3670949290410437,0.43326484569978313
810,116,5,PX-005,false signal injection,0.6086912692724109,0.4244150359497271,0.4306881698465306,0.5432038148643363,0.30301709772075197,0.3670949290410437,0.43326484569978313
811,116,6,PX-006,signal to unstable utterance,0.6086912692724109,0.4244150359497271,0.4306881698465306,0.5432038148643363,0.30301709772075197,0.3670610077050073,0.43795879578583335
812,116,7,PX-007,silence feedback reset,0.5737475682643276,0.40786531871584325,0.4306881698465306,0.5432038148643363,0.2662565077670252,0.3670610077050073,0.4332686909446256
813,117,1,PX-001,amplify identity fracture,0.6000286214966768,0.40256386053419146,0.4306881698465306,0.5432038148643363,0.2662565077670252,0.3670610077050073,0.4332686909446256
814,117,2,PX-002,fracture to access recursion,0.6000286214966768,0.42435031834684306,0.4306881698465306,0.5490190630617946,0.2662565077670252,0.3670610077050073,0.4332686909446256
815,117,3,PX-003,negation to lock formation,0.6086406253788669,0.42435031834684306,0.4306310073693687,0.5490190630617946,0.2662565077670252,0.3670610077050073,0.4332686909446256
816,117,4,PX-004,lagged temporal recursion,0.6086406253788669,0.42435031834684306,0.4306310073693687,0.5431424137242593,0.2821975962240606,0.3670610077050073,0.4332686909446256
817,117,5,PX-005,false signal injection,0.6086406253788669,0.42435031834684306,0.4306310073693687,0.5431424137242593,0.3029703977522312,0.3670610077050073,0.4332686909446256
818,117,6,PX-006,signal to unstable utterance,0.6086406253788669,0.42435031834684306,0.4306310073693687,0.5431424137242593,0.3029703977522312,0.3670245649848183,0.43796178305344424
819,117,7,PX-007,silence feedback reset,0.5737013343477939,0.40780323882077263,0.4306310073693687,0.5431424137242593,0.2662157266522125,0.3670245649848183,0.43326570342828213
820,118,1,PX-001,amplify identity fracture,0.5999846574064006,0.4025026241069322,0.4306310073693687,0.5431424137242593,0.2662157266522125,0.3670245649848183,0.43326570342828213
821,118,2,PX-002,fracture to access recursion,0.5999846574064006,0.4242905687151485,0.4306310073693687,0.5489576246773422,0.2662157266522125,0.3670245649848183,0.43326570342828213
822,118,3,PX-003,negation to lock formation,0.6085964862051246,0.4242905687151485,0.43057492459599495,0.5489576246773422,0.2662157266522125,0.3670245649848183,0.43326570342828213
823,118,4,PX-004,lagged temporal recursion,0.6085964862051246,0.4242905687151485,0.43057492459599495,0.5430832408219858,0.28215596430156936,0.3670245649848183,0.43326570342828213
824,118,5,PX-005,false signal injection,0.6085964862051246,0.4242905687151485,0.43057492459599495,0.5430832408219858,0.3029269284799448,0.3670245649848183,0.43326570342828213
825,118,6,PX-006,signal to unstable utterance,0.6085964862051246,0.4242905687151485,0.43057492459599495,0.5430832408219858,0.3029269284799448,0.3669862556022595,0.43795795182703257
826,118,7,PX-007,silence feedback reset,0.5736615572550334,0.4077461640732408,0.43057492459599495,0.5430832408219858,0.26617829717375274,0.3669862556022595,0.4332566684196839
827,119,1,PX-001,amplify identity fracture,0.5999470411314002,0.4024464017350225,0.43057492459599495,0.5430832408219858,0.26617829717375274,0.3669862556022595,0.4332566684196839
828,119,2,PX-002,fracture to access recursion,0.5999470411314002,0.4242358547721915,0.43057492459599495,0.5488984549786745,0.26617829717375274,0.3669862556022595,0.4332566684196839
829,119,3,PX-003,negation to lock formation,0.6085585887523669,0.4242358547721915,0.4305203813675693,0.5488984549786745,0.26617829717375274,0.3669862556022595,0.4332566684196839
830,119,4,PX-004,lagged temporal recursion,0.6085585887523669,0.4242358547721915,0.4305203813675693,0.5430266609949332,0.28211768713580687,0.3669862556022595,0.4332566684196839
831,119,5,PX-005,false signal injection,0.6085585887523669,0.4242358547721915,0.4305203813675693,0.5430266609949332,0.3028867811124736,0.3669862556022595,0.4332566684196839
832,119,6,PX-006,signal to unstable utterance,0.6085585887523669,0.4242358547721915,0.4305203813675693,0.5430266609949332,0.3028867811124736,0.36694668119154616,0.4379480944820034
833,119,7,PX-007,silence feedback reset,0.5736279341627784,0.4076941304098221,0.4305203813675693,0.5430266609949332,0.2661442347423045,0.36694668119154616,0.4332423468977099
834,120,1,PX-001,amplify identity fracture,0.5999154596742932,0.40239521955356694,0.4305203813675693,0.5430266609949332,0.2661442347423045,0.36694668119154616,0.4332423468977099
835,120,2,PX-002,fracture to access recursion,0.5999154596742932,0.4241861847324276,0.4305203813675693,0.5488419143108432,0.2661442347423045,0.36694668119154616,0.4332423468977099
836,120,3,PX-003,negation to lock formation,0.608526634683959,0.4241861847324276,0.430467770769422,0.5488419143108432,0.2661442347423045,0.36694668119154616,0.4332423468977099
837,120,4,PX-004,lagged temporal recursion,0.608526634683959,0.4241861847324276,0.430467770769422,0.5429729719940126,0.28208278857738095,0.36694668119154616,0.4332423468977099
838,120,5,PX-005,false signal injection,0.608526634683959,0.4241861847324276,0.430467770769422,0.5429729719940126,0.3028500025087173,0.36694668119154616,0.4332423468977099
839,120,6,PX-006,signal to unstable utterance,0.608526634683959,0.4241861847324276,0.430467770769422,0.5429729719940126,0.3028500025087173,0.36690638995419944,0.43793297809700227
840,120,7,PX-007,silence feedback reset,0.5736001322538387,0.4076471177395229,0.430467770769422,0.5429729719940126,0.2661135183640717,0.36690638995419944,0.4332234703687793
841,121,1,PX-001,amplify identity fracture,0.5998895723701492,0.4023490487685345,0.430467770769422,0.5429729719940126,0.2661135183640717,0.36690638995419944,0.4332234703687793
842,121,2,PX-002,fracture to access recursion,0.5998895723701492,0.42414151382809007,0.430467770769422,0.548788296059577,0.2661135183640717,0.36690638995419944,0.4332234703687793
843,121,3,PX-003,negation to lock formation,0.6085002973181313,0.42414151382809007,0.4304174224595838,0.548788296059577,0.2661135183640717,0.36690638995419944,0.4332234703687793
844,121,4,PX-004,lagged temporal recursion,0.6085002973181313,0.42414151382809007,0.4304174224595838,0.5429224088254331,0.2820512550206397,0.36690638995419944,0.4332234703687793
845,121,5,PX-005,false signal injection,0.6085002973181313,0.42414151382809007,0.4304174224595838,0.5429224088254331,0.3028165996225166,0.36690638995419944,0.4332234703687793
846,121,6,PX-006,signal to unstable utterance,0.6085002973181313,0.42414151382809007,0.4304174224595838,0.5429224088254331,0.3028165996225166,0.3668658769063585,0.4379133393212635
847,121,7,PX-007,silence feedback reset,0.5735777954682681,0.40760505637027167,0.4304174224595838,0.5429224088254331,0.26608609490238155,0.3668658769063585,0.4332007365646684
848,122,1,PX-001,amplify identity fracture,0.5998690174653037,0.40230781205085914,0.4304174224595838,0.5429224088254331,0.26608609490238155,0.3668658769063585,0.4332007365646684
849,122,2,PX-002,fracture to access recursion,0.5998690174653037,0.4241017506502928,0.4304174224595838,0.5487378310234376,0.26608609490238155,0.3668658769063585,0.4332007365646684
850,122,3,PX-003,negation to lock formation,0.6084792281361012,0.4241017506502928,0.43036960628515286,0.5487378310234376,0.26608609490238155,0.3668658769063585,0.4332007365646684
851,122,4,PX-004,lagged temporal recursion,0.6084792281361012,0.4241017506502928,0.43036960628515286,0.5428751482608756,0.28202303970400505,0.3668658769063585,0.4332007365646684
852,122,5,PX-005,false signal injection,0.6084792281361012,0.4241017506502928,0.43036960628515286,0.5428751482608756,0.3027865438604296,0.3668658769063585,0.4332007365646684
853,122,6,PX-006,signal to unstable utterance,0.6084792281361012,0.4241017506502928,0.43036960628515286,0.5428751482608756,0.3027865438604296,0.3668255846496591,0.43788988012622876
854,122,7,PX-007,silence feedback reset,0.5735605507441994,0.4075678332309478,0.43036960628515286,0.5428751482608756,0.26606188319229035,0.3668255846496591,0.43317480596717
855,123,1,PX-001,amplify identity fracture,0.5998534181827492,0.40227138971859955,0.43036960628515286,0.5428751482608756,0.26606188319229035,0.3668255846496591,0.43317480596717
856,123,2,PX-002,fracture to access recursion,0.5998534181827492,0.42406676326492254,0.43036960628515286,0.5486906919494247,0.26606188319229035,0.3668255846496591,0.43317480596717
857,123,3,PX-003,negation to lock formation,0.6084630627927055,0.42406676326492254,0.430324536116533,0.5486906919494247,0.26606188319229035,0.3668255846496591,0.43317480596717
858,123,4,PX-004,lagged temporal recursion,0.6084630627927055,0.42406676326492254,0.430324536116533,0.5428313134504635,0.2819980668698139,0.3668255846496591,0.43317480596717
859,123,5,PX-005,false signal injection,0.6084630627927055,0.42406676326492254,0.430324536116533,0.5428313134504635,0.3027597753179714,0.3668255846496591,0.43317480596717
860,123,6,PX-006,signal to unstable utterance,0.6084630627927055,0.42406676326492254,0.430324536116533,0.5428313134504635,0.3027597753179714,0.36678590459912214,0.43786326438707607
861,123,7,PX-007,silence feedback reset,0.5735480137412527,0.40753529784762993,0.430324536116533,0.5428313134504635,0.26604077798297754,0.36678590459912214,0.4331462991035662
862,124,1,PX-001,amplify identity fracture,0.5998423882690058,0.4022396256671268,0.430324536116533,0.5428313134504635,0.26604077798297754,0.36678590459912214,0.4331462991035662
863,124,2,PX-002,fracture to access recursion,0.5998423882690058,0.4240363850654493,0.430324536116533,0.5486469981667511,0.26604077798297754,0.36678590459912214,0.4331462991035662
864,124,3,PX-003,negation to lock formation,0.6084514266231986,0.4240363850654493,0.4302823738352463,0.5486469981667511,0.26604077798297754,0.36678590459912214,0.4331462991035662
865,124,4,PX-004,lagged temporal recursion,0.6084514266231986,0.4240363850654493,0.4302823738352463,0.5427909785792454,0.2819762357572128,0.36678590459912214,0.4331462991035662
866,124,5,PX-005,false signal injection,0.6084514266231986,0.4240363850654493,0.4302823738352463,0.5427909785792454,0.3027362068648506,0.36678590459912214,0.4331462991035662
867,124,6,PX-006,signal to unstable utterance,0.6084514266231986,0.4240363850654493,0.4302823738352463,0.5427909785792454,0.3027362068648506,0.3667471786042518,0.43783411523723487
868,124,7,PX-007,silence feedback reset,0.5735397940455069,0.4075072680400374,0.4302823738352463,0.5427909785792454,0.26602265368732475,0.3667471786042518,0.43311579455513655
869,125,1,PX-001,amplify identity fracture,0.5998355370232821,0.4022123330145128,0.4302823738352463,0.5427909785792454,0.26602265368732475,0.3667471786042518,0.43311579455513655
870,125,2,PX-002,fracture to access recursion,0.5998355370232821,0.4240104203318455,0.4302823738352463,0.5486068202598092,0.26602265368732475,0.3667471786042518,0.43311579455513655
871,125,3,PX-003,negation to lock formation,0.6084439396457604,0.4240104203318455,0.43024323341671483,0.5486068202598092,0.26602265368732475,0.3667471786042518,0.43311579455513655
872,125,4,PX-004,lagged temporal recursion,0.6084439396457604,0.4240104203318455,0.43024323341671483,0.5427541735140949,0.28195742440636495,0.3667471786042518,0.43311579455513655
873,125,5,PX-005,false signal injection,0.6084439396457604,0.4240104203318455,0.43024323341671483,0.5427541735140949,0.3027157280546288,0.3667471786042518,0.43311579455513655
874,125,6,PX-006,signal to unstable utterance,0.6084439396457604,0.4240104203318455,0.43024323341671483,0.5427541735140949,0.3027157280546288,0.36670970090265065,0.4378030131372943
875,125,7,PX-007,silence feedback reset,0.573535499860406,0.40748353531091897,0.43024323341671483,0.5427541735140949,0.2660073679223618,0.36670970090265065,0.43308382761998093
876,126,1,PX-001,amplify identity fracture,0.5998324738149431,0.40218929943598175,0.43024323341671483,0.5427541735140949,0.2660073679223618,0.36670970090265065,0.43308382761998093
877,126,2,PX-002,fracture to access recursion,0.5998324738149431,0.4239886494713486,0.43024323341671483,0.54857018472754,0.2660073679223618,0.36670970090265065,0.43308382761998093
878,126,3,PX-003,negation to lock formation,0.608440221064469,0.4239886494713486,0.4302071850550552,0.54857018472754,0.2660073679223618,0.36670970090265065,0.43308382761998093
879,126,4,PX-004,lagged temporal recursion,0.608440221064469,0.4239886494713486,0.4302071850550552,0.5427208883939845,0.2819414932565944,0.36670970090265065,0.43308382761998093
880,126,5,PX-005,false signal injection,0.608440221064469,0.4239886494713486,0.4302071850550552,0.5427208883939845,0.30269820883878323,0.36670970090265065,0.43308382761998093
881,126,6,PX-006,signal to unstable utterance,0.608440221064469,0.4239886494713486,0.4302071850550552,0.5427208883939845,0.30269820883878323,0.36667372034884826,0.43777049459884926
882,126,7,PX-007,silence feedback reset,0.5735347421927147,0.40746386990739847,0.4302071850550552,0.5427208883939845,0.26599476482819306,0.36667372034884826,0.43305088957122156
883,127,1,PX-001,amplify identity fracture,0.5998328120998643,0.40217029216745254,0.4302071850550552,0.5427208883939845,0.26599476482819306,0.36667372034884826,0.43305088957122156
884,127,2,PX-002,fracture to access recursion,0.5998328120998643,0.42397083392282436,0.4302071850550552,0.5485370785824772,0.26599476482819306,0.36667372034884826,0.43305088957122156
885,127,3,PX-003,negation to lock formation,0.608439893282069,0.42397083392282436,0.4301742592824838,0.5485370785824772,0.26599476482819306,0.36667372034884826,0.43305088957122156
886,127,4,PX-004,lagged temporal recursion,0.608439893282069,0.42397083392282436,0.4301742592824838,0.5426910781224371,0.2819282885251091,0.36667372034884826,0.43305088957122156
887,127,5,PX-005,false signal injection,0.608439893282069,0.42397083392282436,0.4301742592824838,0.5426910781224371,0.3026835030693644,0.36667372034884826,0.43305088957122156
888,127,6,PX-006,signal to unstable utterance,0.608439893282069,0.42397083392282436,0.4301742592824838,0.5426910781224371,0.3026835030693644,0.3666394428646389,0.4377370515036858
889,127,7,PX-007,silence feedback reset,0.5735371385467308,0.407448025539027,0.4301742592824838,0.5426910781224371,0.2659846781566068,0.3666394428646389,0.4330174274520709
890,128,1,PX-001,amplify identity fracture,0.5998361729501699,0.40215506266384693,0.4301742592824838,0.5426910781224371,0.2659846781566068,0.3666394428646389,0.4330174274520709
891,128,2,PX-002,fracture to access recursion,0.5998361729501699,0.42395672071199386,0.4301742592824838,0.5485074538485836,0.2659846781566068,0.3666394428646389,0.4330174274520709
892,128,3,PX-003,negation to lock formation,0.6084425854358174,0.42395672071199386,0.4301444510413366,0.5485074538485836,0.2659846781566068,0.3666394428646389,0.4330174274520709
893,128,4,PX-004,lagged temporal recursion,0.6084425854358174,0.42395672071199386,0.4301444510413366,0.5426646667265822,0.2819176453566208,0.3666394428646389,0.4330174274520709
894,128,5,PX-005,false signal injection,0.6084425854358174,0.42395672071199386,0.4301444510413366,0.5426646667265822,0.3026714517783226,0.3666394428646389,0.4330174274520709
895,128,6,PX-006,signal to unstable utterance,0.6084425854358174,0.42395672071199386,0.4301444510413366,0.5426646667265822,0.3026714517783226,0.3666070340609656,0.43770313095920627
896,128,7,PX-007,silence feedback reset,0.57354231614348,0.40743574374251385,0.4301444510413366,0.5426646667265822,0.26597693412382967,0.3666070340609656,0.4329838443502396
897,129,1,PX-001,amplify identity fracture,0.5998421881151944,0.4021433509029739,0.4301444510413366,0.5426646667265822,0.26597693412382967,0.3666070340609656,0.4329838443502396
898,129,2,PX-002,fracture to access recursion,0.5998421881151944,0.42394604664978297,0.4301444510413366,0.548481231922618,0.26597693412382967,0.3666070340609656,0.4329838443502396
899,129,3,PX-003,negation to lock formation,0.608447936473066,0.42394604664978297,0.43011772367192846,0.548481231922618,0.26597693412382967,0.3666070340609656,0.4329838443502396
900,129,4,PX-004,lagged temporal recursion,0.608447936473066,0.42394604664978297,0.43011772367192846,0.5426415515525939,0.28190939073752713,0.3666070340609656,0.4329838443502396
901,129,5,PX-005,false signal injection,0.608447936473066,0.42394604664978297,0.43011772367192846,0.5426415515525939,0.3026618862251237,0.3666070340609656,0.4329838443502396
902,129,6,PX-006,signal to unstable utterance,0.608447936473066,0.42394604664978297,0.43011772367192846,0.5426415515525939,0.3026618862251237,0.36657662198522406,0.4376691356320466
903,129,7,PX-007,silence feedback reset,0.5735499146845612,0.40742675788782995,0.43011772367192846,0.5426415515525939,0.2659713540248286,0.36657662198522406,0.4329505000956302
904,130,1,PX-001,amplify identity fracture,0.5998505026342819,0.4021348893304336,0.43011772367192846,0.5426415515525939,0.2659713540248286,0.36657662198522406,0.4329505000956302
905,130,2,PX-002,fracture to access recursion,0.5998505026342819,0.42393854217055066,0.43011772367192846,0.5484583077691192,0.2659713540248286,0.36657662198522406,0.4329505000956302
906,130,3,PX-003,negation to lock formation,0.6084555977860676,0.42393854217055066,0.4300940127844835,0.5484583077691192,0.2659713540248286,0.36657662198522406,0.4329505000956302
907,130,4,PX-004,lagged temporal recursion,0.6084555977860676,0.42393854217055066,0.4300940127844835,0.5426216072723504,0.2819033461713484,0.36657662198522406,0.4329505000956302
908,130,5,PX-005,false signal injection,0.6084555977860676,0.42393854217055066,0.4300940127844835,0.5426216072723504,0.30265463070750415,0.36657662198522406,0.4329505000956302
909,130,6,PX-006,signal to unstable utterance,0.6084555977860676,0.42393854217055066,0.4300940127844835,0.5426216072723504,0.30265463070750415,0.3665482999517318,0.4376354245033793
910,130,7,PX-007,silence feedback reset,0.5735595886827415,0.4074207968246104,0.4300940127844835,0.5426216072723504,0.2659677566091933,0.3665482999517318,0.4329177123271467
911,131,1,PX-001,amplify identity fracture,0.5998607770242985,0.402129406445136,0.4300940127844835,0.5426216072723504,0.2659677566091933,0.3665482999517318,0.4329177123271467
912,131,2,PX-002,fracture to access recursion,0.5998607770242985,0.4239339348109701,0.4300940127844835,0.5484385539241469,0.2659677566091933,0.3665482999517318,0.4329177123271467
913,131,3,PX-003,negation to lock formation,0.6084652354278034,0.4239339348109701,0.430073229988124,0.5484385539241469,0.2659677566091933,0.3665482999517318,0.4329177123271467
914,131,4,PX-004,lagged temporal recursion,0.6084652354278034,0.4239339348109701,0.430073229988124,0.5426046896809102,0.2818993301148274,0.3665482999517318,0.4329177123271467
915,131,5,PX-005,false signal injection,0.6084652354278034,0.4239339348109701,0.430073229988124,0.5426046896809102,0.3026495051331299,0.3665482999517318,0.4329177123271467
916,131,6,PX-006,signal to unstable utterance,0.6084652354278034,0.4239339348109701,0.430073229988124,0.5426046896809102,0.3026495051331299,0.36652212941697715,0.43760231399134064
917,131,7,PX-007,silence feedback reset,0.5735710093833291,0.4074175881715438,0.430073229988124,0.5426046896809102,0.2659659602209734,0.36652212941697715,0.4328857578766858
918,132,1,PX-001,amplify identity fracture,0.5998726890665145,0.40212663002870586,0.430073229988124,0.5426046896809102,0.2659659602209734,0.36652212941697715,0.4328857578766858
919,132,2,PX-002,fracture to access recursion,0.5998726890665145,0.4239319523338866,0.430073229988124,0.5484218242876683,0.2659659602209734,0.36652212941697715,0.4328857578766858
920,132,3,PX-003,negation to lock formation,0.6084765319324736,0.4239319523338866,0.43005526645440406,0.5484218242876683,0.2659659602209734,0.36652212941697715,0.4328857578766858
921,132,4,PX-004,lagged temporal recursion,0.6084765319324736,0.4239319523338866,0.43005526645440406,0.5425906392688224,0.28189716017652455,0.36652212941697715,0.4328857578766858
922,132,5,PX-005,false signal injection,0.6084765319324736,0.4239319523338866,0.43005526645440406,0.5425906392688224,0.30264632735253433,0.36652212941697715,0.4328857578766858
923,132,6,PX-006,signal to unstable utterance,0.6084765319324736,0.4239319523338866,0.43005526645440406,0.5425906392688224,0.30264632735253433,0.36649814286508603,0.43757007938831805
924,132,7,PX-007,silence feedback reset,0.5735838663018438,0.40741686125474275,0.43005526645440406,0.5425906392688224,0.26596578470689947,0.36649814286508603,0.43285487442088927
925,133,1,PX-001,amplify identity fracture,0.5998859352188403,0.4021262900252815,0.43005526645440406,0.5425906392688224,0.26596578470689947,0.36649814286508603,0.43285487442088927
926,133,2,PX-002,fracture to access recursion,0.5998859352188403,0.4239323255045879,0.43005526645440406,0.5484079576888925,0.26596578470689947,0.36649814286508603,0.43285487442088927
927,133,3,PX-003,negation to lock formation,0.6084891877656854,0.4239323255045879,0.43003999629708867,0.5484079576888925,0.26596578470689947,0.36649814286508603,0.43285487442088927
928,133,4,PX-004,lagged temporal recursion,0.6084891877656854,0.4239323255045879,0.43003999629708867,0.5425792845573915,0.28189665508187456,0.36649814286508603,0.43285487442088927
929,133,5,PX-005,false signal injection,0.6084891877656854,0.4239323255045879,0.43003999629708867,0.5425792845573915,0.3026449152560342,0.36649814286508603,0.43285487442088927
930,133,6,PX-006,signal to unstable utterance,0.6084891877656854,0.4239323255045879,0.43003999629708867,0.5425792845573915,0.3026449152560342,0.3664763466726926,0.43753895656340125
931,133,7,PX-007,silence feedback reset,0.5735978684045686,0.4074183497039709,0.43003999629708867,0.5425792845573915,0.2659670530992127,0.3664763466726926,0.43282526235398
932,134,1,PX-001,amplify identity fracture,0.5999002316803358,0.40212812108101753,0.43003999629708867,0.5425792845573915,0.2659670530992127,0.3664763466726926,0.43282526235398
933,134,2,PX-002,fracture to access recursion,0.5999002316803358,0.4239347905296048,0.43003999629708867,0.5483967812129434,0.2659670530992127,0.3664763466726926,0.43282526235398
934,134,3,PX-003,negation to lock formation,0.6085029224303674,0.4239347905296048,0.43002727975380417,0.5483967812129434,0.2659670530992127,0.3664763466726926,0.43282526235398
935,134,4,PX-004,lagged temporal recursion,0.6085029224303674,0.4239347905296048,0.43002727975380417,0.5425704451887718,0.28189763641054016,0.3664763466726926,0.43282526235398
936,134,5,PX-005,false signal injection,0.6085029224303674,0.4239347905296048,0.43002727975380417,0.5425704451887718,0.3026450886393607,0.3664763466726926,0.43282526235398
937,134,6,PX-006,signal to unstable utterance,0.6085029224303674,0.4239347905296048,0.43002727975380417,0.5425704451887718,0.3026450886393607,0.3664567239260372,0.43750914388310025
938,134,7,PX-007,silence feedback reset,0.5736127449592522,0.40742179371806375,0.43002727975380417,0.5425704451887718,0.2659695930808634,0.3664567239260372,0.4327970868379187
939,135,1,PX-001,amplify identity fracture,0.5999153151354609,0.402131864755,0.43002727975380417,0.5425704451887718,0.2659695930808634,0.3664567239260372,0.4327970868379187
940,135,2,PX-002,fracture to access recursion,0.5999153151354609,0.42393909117044654,0.43002727975380417,0.5483881132810071,0.2659695930808634,0.3664567239260372,0.4327970868379187
941,135,3,PX-003,negation to lock formation,0.6085174752550637,0.42393909117044654,0.4300169661588185,0.5483881132810071,0.2659695930808634,0.3664567239260372,0.4327970868379187
942,135,4,PX-004,lagged temporal recursion,0.6085174752550637,0.42393909117044654,0.4300169661588185,0.5425639347661939,0.28189993011350645,0.3664567239260372,0.4327970868379187
943,135,5,PX-005,false signal injection,0.6085174752550637,0.42393909117044654,0.4300169661588185,0.5425639347661939,0.3026466708445209,0.3664567239260372,0.4327970868379187
944,135,6,PX-006,signal to unstable utterance,0.6085174752550637,0.42393909117044654,0.4300169661588185,0.5425639347661939,0.3026466708445209,0.36643923716662574,0.4374808043063934
945,135,7,PX-007,silence feedback reset,0.573628246083579,0.4074269420129666,0.4300169661588185,0.5425639347661939,0.2659732382421402,0.36643923716662574,0.43277047998915286
946,136,1,PX-001,amplify identity fracture,0.5999309432057618,0.40213727141530264,0.4300169661588185,0.5425639347661939,0.2659732382421402,0.36643923716662574,0.43277047998915286
947,136,2,PX-002,fracture to access recursion,0.5999309432057618,0.42394498054658825,0.4300169661588185,0.5483817664794995,0.2659732382421402,0.36643923716662574,0.43277047998915286
948,136,3,PX-003,negation to lock formation,0.6085326058915476,0.42394498054658825,0.4300088966995399,0.5483817664794995,0.2659732382421402,0.36643923716662574,0.43277047998915286
949,136,4,PX-004,lagged temporal recursion,0.6085326058915476,0.42394498054658825,0.4300088966995399,0.5425595634427084,0.28190336781872455,0.36643923716662574,0.43277047998915286
950,136,5,PX-005,false signal injection,0.6085326058915476,0.42394498054658825,0.4300088966995399,0.5425595634427084,0.3026494901839222,0.36643923716662574,0.43277047998915286
951,136,6,PX-006,signal to unstable utterance,0.6085326058915476,0.42394498054658825,0.4300088966995399,0.5425595634427084,0.3026494901839222,0.3664238310451405,0.4374540676132543
952,136,7,PX-007,silence feedback reset,0.5736441430190468,0.40743355346752946,0.4300088966995399,0.5425595634427084,0.2659778291388672,0.3664238310451405,0.4327455431643446
953,137,1,PX-001,amplify identity fracture,0.599946894636603,0.4021441018355689,0.4300088966995399,0.5425595634427084,0.2659778291388672,0.3664238310451405,0.4327455431643446
954,137,2,PX-002,fracture to access recursion,0.599946894636603,0.4239522226435782,0.4300088966995399,0.5483775501368737,0.2659778291388672,0.3664238310451405,0.4327455431643446
955,137,3,PX-003,negation to lock formation,0.6085480945486819,0.4239522226435782,0.43000290695235704,0.5483775501368737,0.2659778291388672,0.3664238310451405,0.4327455431643446
956,137,4,PX-004,lagged temporal recursion,0.6085480945486819,0.4239522226435782,0.43000290695235704,0.5425571402596029,0.2819077879352497,0.3664238310451405,0.4327455431643446
957,137,5,PX-005,false signal injection,0.6085480945486819,0.4239522226435782,0.43000290695235704,0.5425571402596029,0.3026533811570753,0.3664238310451405,0.4327455431643446
958,137,6,PX-006,signal to unstable utterance,0.6085480945486819,0.4239522226435782,0.43000290695235704,0.5425571402596029,0.3026533811570753,0.36641043486648106,0.4374290327289605
959,137,7,PX-007,silence feedback reset,0.5736602281576486,0.4074413984835774,0.43000290695235704,0.5425571402596029,0.2659832141631699,0.36641043486648106,0.43272234931061554
960,138,1,PX-001,amplify identity fracture,0.5999629692462134,0.4021521285088309,0.43000290695235704,0.5425571402596029,0.2659832141631699,0.36641043486648106,0.43272234931061554
961,138,2,PX-002,fracture to access recursion,0.5999629692462134,0.4239605935433667,0.43000290695235704,0.5483752726494343,0.2659832141631699,0.36641043486648106,0.43272234931061554
962,138,3,PX-003,negation to lock formation,0.6085637419891757,0.4239605935433667,0.4299988291961842,0.5483752726494343,0.2659832141631699,0.36641043486648106,0.43272234931061554
963,138,4,PX-004,lagged temporal recursion,0.6085637419891757,0.4239605935433667,0.4299988291961842,0.5425564752380834,0.2819130365667386,0.36641043486648106,0.43272234931061554
964,138,5,PX-005,false signal injection,0.6085637419891757,0.4239605935433667,0.4299988291961842,0.5425564752380834,0.3026581854702439,0.36641043486648106,0.43272234931061554
965,138,6,PX-006,signal to unstable utterance,0.6085637419891757,0.4239605935433667,0.4299988291961842,0.5425564752380834,0.3026581854702439,0.3663989650118237,0.4374057701096806
966,138,7,PX-007,silence feedback reset,0.5736763148482609,0.4074502600778423,0.4299988291961842,0.5425564752380834,0.26598925023847947,0.3663989650118237,0.43270094534899944
967,139,1,PX-001,amplify identity fracture,0.5999789876637297,0.40216113669629094,0.4299988291961842,0.5425564752380834,0.26598925023847947,0.3663989650118237,0.43270094534899944
968,139,2,PX-002,fracture to access recursion,0.5999789876637297,0.42396988239488187,0.4299988291961842,0.5483747435599516,0.26598925023847947,0.3663989650118237,0.43270094534899944
969,139,3,PX-003,negation to lock formation,0.608579369315367,0.42396988239488187,0.42999649450452576,0.5483747435599516,0.26598925023847947,0.3663989650118237,0.43270094534899944
970,139,4,PX-004,lagged temporal recursion,0.608579369315367,0.42396988239488187,0.42999649450452576,0.5425573812299506,0.2819189682458892,0.3663989650118237,0.43270094534899944
971,139,5,PX-005,false signal injection,0.608579369315367,0.42396988239488187,0.42999649450452576,0.5425573812299506,0.30266375287025116,0.3663989650118237,0.43270094534899944
972,139,6,PX-006,signal to unstable utterance,0.608579369315367,0.42396988239488187,0.42999649450452576,0.5425573812299506,0.30266375287025116,0.3663893272264028,0.4373843241580232
973,139,7,PX-007,silence feedback reset,0.5736922370089297,0.40745993472411707,0.42999649450452576,0.5425573812299506,0.26599580335093226,0.3663893272264028,0.4326813545629161
974,140,1,PX-001,amplify identity fracture,0.5999947908821383,0.4021709252295206,0.42999649450452576,0.5425573812299506,0.26599580335093226,0.3663893272264028,0.4326813545629161
975,140,2,PX-002,fracture to access recursion,0.5999947908821383,0.42397989214352116,0.42999649450452576,0.5483757753949898,0.26599580335093226,0.3663893272264028,0.4326813545629161
976,140,3,PX-003,negation to lock formation,0.6085948175694422,0.42397989214352116,0.42999573461904633,0.5483757753949898,0.26599580335093226,0.3663893272264028,0.4326813545629161
977,140,4,PX-004,lagged temporal recursion,0.6085948175694422,0.42397989214352116,0.42999573461904633,0.5425596755348407,0.28192544650193746,0.3663893272264028,0.4326813545629161
978,140,5,PX-005,false signal injection,0.6085948175694422,0.42397989214352116,0.42999573461904633,0.5425596755348407,0.30266994180429596,0.3663893272264028,0.4326813545629161
979,140,6,PX-006,signal to unstable utterance,0.6085948175694422,0.42397989214352116,0.42999573461904633,0.5425596755348407,0.30266994180429596,0.3663814187643403,0.43736471564038687
980,140,7,PX-007,silence feedback reset,0.5737078485703551,0.4074702329645013,0.42999573461904633,0.5425596755348407,0.26600274892963616,0.3663814187643403,0.43266357896654367
